uf,cod_municipio,municipio,esf,equipes,populacao,equipes_por_100mil,cobertura_pct
AC,120001,ACRELÂNDIA,6.0,6.0,14712.0,40.8,142.74
AC,120005,ASSIS BRASIL,3.0,5.0,8648.0,57.8,182.12
AC,120010,BRASILÉIA,9.0,9.0,28028.0,32.1,112.38
AC,120013,BUJARI,4.0,4.0,13928.0,28.7,100.51
AC,120017,CAPIXABA,5.0,6.0,10981.0,54.6,183.27
AC,120020,CRUZEIRO DO SUL,37.0,41.0,98916.0,41.4,141.53
AC,120025,EPITACIOLÂNDIA,8.0,10.0,19874.0,50.3,167.3
AC,120030,FEIJÓ,9.0,9.0,37764.0,23.8,83.41
AC,120032,JORDÃO,2.0,2.0,9884.0,20.2,70.82
AC,120034,MANOEL URBANO,4.0,4.0,12923.0,31.0,108.33
AC,120035,MARECHAL THAUMATURGO,4.0,4.0,18057.0,22.2,77.53
AC,120033,MÂNCIO LIMA,7.0,8.0,20479.0,39.1,132.45
AC,120038,PLÁCIDO DE CASTRO,8.0,8.0,17107.0,46.8,163.67
AC,120080,PORTO ACRE,5.0,5.0,17523.0,28.5,99.86
AC,120039,PORTO WALTER,4.0,4.0,11333.0,35.3,123.53
AC,120040,RIO BRANCO,84.0,104.0,389001.0,26.7,88.84
AC,120042,RODRIGUES ALVES,9.0,9.0,15560.0,57.8,202.44
AC,120043,SANTA ROSA DO PURUS,3.0,3.0,7217.0,41.6,145.48
AC,120050,SENA MADUREIRA,13.0,13.0,44049.0,29.5,103.29
AC,120045,SENADOR GUIOMARD,8.0,8.0,22402.0,35.7,124.98
AC,120060,TARAUACÁ,13.0,13.0,46816.0,27.8,97.18
AC,120070,XAPURI,9.0,10.0,19170.0,52.2,178.01
AM,130002,ALVARÃES,6.0,6.0,16806.0,35.7,124.95
AM,130006,AMATURÁ,5.0,5.0,11533.0,43.4,151.73
AM,130008,ANAMÃ,7.0,7.0,9981.0,70.1,245.46
AM,130010,ANORI,7.0,7.0,18056.0,38.8,135.68
AM,130014,APUÍ,9.0,9.0,21781.0,41.3,144.62
AM,130020,ATALAIA DO NORTE,9.0,9.0,15889.0,56.6,198.25
AM,130030,AUTAZES,10.0,10.0,45960.0,21.8,76.15
AM,130040,BARCELOS,9.0,9.0,18210.0,49.4,172.98
AM,130050,BARREIRINHA,7.0,7.0,33722.0,20.8,72.65
AM,130060,BENJAMIN CONSTANT,15.0,15.0,40908.0,36.7,128.33
AM,130063,BERURI,7.0,7.0,22495.0,31.1,108.91
AM,130068,BOA VISTA DO RAMOS,3.0,3.0,26479.0,11.3,39.65
AM,130070,BOCA DO ACRE,9.0,9.0,38792.0,23.2,81.2
AM,130080,BORBA,9.0,9.0,34869.0,25.8,90.33
AM,130083,CAAPIRANGA,6.0,6.0,14806.0,40.5,141.83
AM,130090,CANUTAMA,6.0,6.0,18109.0,33.1,115.96
AM,130100,CARAUARI,7.0,7.0,31130.0,22.5,78.7
AM,130110,CAREIRO,7.0,7.0,32336.0,21.6,75.76
AM,130115,CAREIRO DA VÁRZEA,2.0,2.0,20324.0,9.8,34.44
AM,130120,COARI,35.0,35.0,73576.0,47.6,166.49
AM,130130,CODAJÁS,9.0,9.0,24572.0,36.6,128.19
AM,130140,EIRUNEPÉ,9.0,9.0,35793.0,25.1,88.0
AM,130150,ENVIRA,10.0,10.0,17985.0,55.6,194.6
AM,130160,FONTE BOA,6.0,6.0,28227.0,21.3,74.39
AM,130165,GUAJARÁ,6.0,6.0,14344.0,41.8,146.4
AM,130170,HUMAITÁ,17.0,18.0,63454.0,28.4,96.52
AM,130180,IPIXUNA,12.0,12.0,25629.0,46.8,163.87
AM,130185,IRANDUBA,12.0,12.0,68862.0,17.4,60.99
AM,130190,ITACOATIARA,29.0,29.0,113917.0,25.5,89.09
AM,130195,ITAMARATI,3.0,3.0,11956.0,25.1,87.82
AM,130200,ITAPIRANGA,5.0,5.0,10955.0,45.6,159.74
AM,130210,JAPURÁ,4.0,4.0,9420.0,42.5,148.61
AM,130220,JURUÁ,6.0,6.0,11093.0,54.1,189.3
AM,130230,JUTAÍ,10.0,10.0,28202.0,35.5,124.1
AM,130240,LÁBREA,25.0,25.0,49469.0,50.5,176.87
AM,130250,MANACAPURU,30.0,31.0,111751.0,27.7,96.3
AM,130255,MANAQUIRI,8.0,8.0,16211.0,49.3,172.72
AM,130260,MANAUS,362.0,477.0,2303732.0,20.7,64.87
AM,130270,MANICORÉ,17.0,17.0,58018.0,29.3,102.55
AM,130280,MARAÃ,6.0,6.0,15815.0,37.9,132.78
AM,130290,MAUÉS,19.0,23.0,66336.0,34.7,110.79
AM,130300,NHAMUNDÁ,4.0,4.0,21251.0,18.8,65.87
AM,130310,NOVA OLINDA DO NORTE,8.0,9.0,28123.0,32.0,105.78
AM,130320,NOVO AIRÃO,5.0,5.0,16562.0,30.2,105.66
AM,130330,NOVO ARIPUANÃ,6.0,6.0,25325.0,23.7,82.92
AM,130340,PARINTINS,29.0,29.0,101855.0,28.5,99.65
AM,130350,PAUINI,4.0,5.0,20229.0,24.7,82.18
AM,130353,PRESIDENTE FIGUEIREDO,17.0,17.0,33291.0,51.1,178.72
AM,130356,RIO PRETO DA EVA,16.0,16.0,25364.0,63.1,220.78
AM,130360,SANTA ISABEL DO RIO NEGRO,9.0,9.0,13947.0,64.5,225.85
AM,130370,SANTO ANTÔNIO DO IÇÁ,10.0,10.0,30679.0,32.6,114.08
AM,130400,SILVES,3.0,3.0,12619.0,23.8,83.2
AM,130380,SÃO GABRIEL DA CACHOEIRA,9.0,9.0,57396.0,15.7,54.88
AM,130390,SÃO PAULO DE OLIVENÇA,14.0,14.0,35442.0,39.5,138.25
AM,130395,SÃO SEBASTIÃO DO UATUMÃ,5.0,5.0,12338.0,40.5,141.83
AM,130406,TABATINGA,18.0,18.0,73348.0,24.5,85.89
AM,130410,TAPAUÁ,7.0,7.0,20728.0,33.8,118.19
AM,130420,TEFÉ,16.0,16.0,80137.0,20.0,69.88
AM,130423,TONANTINS,11.0,11.0,20257.0,54.3,190.05
AM,130426,UARINI,8.0,8.0,15640.0,51.2,179.02
AM,130430,URUCARÁ,7.0,7.0,19617.0,35.7,124.89
AM,130440,URUCURITUBA,8.0,8.0,25965.0,30.8,107.83
AP,160010,AMAPÁ,3.0,3.0,8440.0,35.5,124.4
AP,160020,CALÇOENE,4.0,6.0,11461.0,52.4,167.96
AP,160021,CUTIAS,2.0,2.0,4723.0,42.3,148.21
AP,160023,FERREIRA GOMES,4.0,4.0,7184.0,55.7,194.87
AP,160025,ITAUBAL,2.0,4.0,6097.0,65.6,186.56
AP,160027,LARANJAL DO JARI,20.0,20.0,37872.0,52.8,184.83
AP,160030,MACAPÁ,157.0,157.0,489676.0,32.1,112.21
AP,160040,MAZAGÃO,10.0,10.0,23773.0,42.1,147.22
AP,160050,OIAPOQUE,10.0,11.0,30786.0,35.7,122.21
AP,160015,PEDRA BRANCA DO AMAPARI,5.0,5.0,13888.0,36.0,126.0
AP,160053,PORTO GRANDE,9.0,9.0,19048.0,47.2,165.37
AP,160055,PRACUÚBA,3.0,3.0,4048.0,74.1,259.38
AP,160060,SANTANA,30.0,30.0,118803.0,25.3,88.38
AP,160005,SERRA DO NAVIO,3.0,3.0,5003.0,60.0,209.87
AP,160070,TARTARUGALZINHO,5.0,11.0,13816.0,79.6,240.66
AP,160080,VITÓRIA DO JARI,5.0,5.0,11899.0,42.0,147.07
MA,210010,AFONSO CUNHA,3.0,3.0,6303.0,47.6,166.58
MA,210020,ALCÂNTARA,10.0,10.0,18721.0,53.4,186.95
MA,210030,ALDEIAS ALTAS,12.0,14.0,23776.0,58.9,191.36
MA,210040,ALTAMIRA DO MARANHÃO,5.0,5.0,6549.0,76.3,267.21
MA,210043,ALTO ALEGRE DO MARANHÃO,13.0,13.0,24528.0,53.0,185.5
MA,210047,ALTO ALEGRE DO PINDARÉ,16.0,16.0,26321.0,60.8,212.75
MA,210050,ALTO PARNAÍBA,5.0,5.0,11392.0,43.9,153.61
MA,210055,AMAPÁ DO MARANHÃO,4.0,4.0,7380.0,54.2,189.7
MA,210060,AMARANTE DO MARANHÃO,21.0,21.0,38335.0,54.8,191.73
MA,210070,ANAJATUBA,14.0,14.0,26250.0,53.3,186.66
MA,210080,ANAPURUS,8.0,8.0,14113.0,56.7,198.39
MA,210083,APICUM-AÇU,7.0,7.0,18033.0,38.8,135.86
MA,210087,ARAGUANÃ,8.0,8.0,11297.0,70.8,247.85
MA,210090,ARAIOSES,17.0,17.0,40231.0,42.3,147.89
MA,210095,ARAME,12.0,13.0,26089.0,49.8,167.69
MA,210100,ARARI,15.0,15.0,30555.0,49.1,171.82
MA,210110,AXIXÁ,6.0,6.0,12091.0,49.6,173.68
MA,210005,AÇAILÂNDIA,39.0,39.0,110611.0,35.3,123.4
MA,210120,BACABAL,53.0,53.0,107755.0,49.2,172.14
MA,210125,BACABEIRA,9.0,9.0,17459.0,51.5,180.42
MA,210130,BACURI,8.0,8.0,16591.0,48.2,168.76
MA,210135,BACURITUBA,3.0,3.0,5375.0,55.8,195.34
MA,210140,BALSAS,31.0,31.0,105974.0,29.3,102.38
MA,210160,BARRA DO CORDA,27.0,27.0,87757.0,30.8,107.68
MA,210170,BARREIRINHAS,32.0,32.0,68234.0,46.9,164.14
MA,210150,BARÃO DE GRAJAÚ,9.0,9.0,19493.0,46.2,161.59
MA,210177,BELA VISTA DO MARANHÃO,6.0,6.0,12104.0,49.6,173.49
MA,210173,BELÁGUA,3.0,3.0,8751.0,34.3,119.98
MA,210180,BENEDITO LEITE,3.0,3.0,5599.0,53.6,187.53
MA,210190,BEQUIMÃO,10.0,10.0,19968.0,50.1,175.28
MA,210193,BERNARDO DO MEARIM,3.0,3.0,5989.0,50.1,175.32
MA,210197,BOA VISTA DO GURUPI,4.0,4.0,7781.0,51.4,179.92
MA,210200,BOM JARDIM,20.0,20.0,33936.0,58.9,206.27
MA,210203,BOM JESUS DAS SELVAS,13.0,13.0,29606.0,43.9,153.68
MA,210207,BOM LUGAR,7.0,7.0,12371.0,56.6,198.04
MA,210210,BREJO,17.0,18.0,35354.0,50.9,175.72
MA,210215,BREJO DE AREIA,5.0,5.0,9363.0,53.4,186.9
MA,210220,BURITI,13.0,14.0,30866.0,45.4,155.91
MA,210230,BURITI BRAVO,12.0,12.0,22938.0,52.3,183.1
MA,210232,BURITICUPU,28.0,28.0,56733.0,49.4,172.73
MA,210235,BURITIRANA,8.0,8.0,13125.0,61.0,213.33
MA,210237,CACHOEIRA GRANDE,4.0,6.0,10032.0,59.8,174.44
MA,210240,CAJAPIÓ,6.0,6.0,10336.0,58.0,203.17
MA,210250,CAJARI,8.0,8.0,16680.0,48.0,167.86
MA,210255,CAMPESTRE DO MARANHÃO,7.0,7.0,12536.0,55.8,195.43
MA,210270,CANTANHEDE,10.0,10.0,25059.0,39.9,139.67
MA,210275,CAPINZAL DO NORTE,5.0,5.0,11681.0,42.8,149.81
MA,210280,CAROLINA,11.0,11.0,24619.0,44.7,156.38
MA,210290,CARUTAPERA,10.0,10.0,24906.0,40.2,140.52
MA,210300,CAXIAS,56.0,57.0,163546.0,34.9,121.44
MA,210310,CEDRAL,5.0,5.0,10446.0,47.9,167.52
MA,210312,CENTRAL DO MARANHÃO,4.0,4.0,7220.0,55.4,193.9
MA,210315,CENTRO DO GUILHERME,7.0,7.0,12693.0,55.1,193.01
MA,210317,CENTRO NOVO DO MARANHÃO,11.0,11.0,16477.0,66.8,233.65
MA,210320,CHAPADINHA,28.0,28.0,84395.0,33.2,116.12
MA,210325,CIDELÂNDIA,7.0,7.0,13141.0,53.3,186.43
MA,210330,CODÓ,40.0,40.0,118283.0,33.8,118.36
MA,210340,COELHO NETO,18.0,18.0,42841.0,42.0,147.05
MA,210350,COLINAS,21.0,21.0,41788.0,50.3,175.88
MA,210355,CONCEIÇÃO DO LAGO-AÇU,7.0,7.0,15278.0,45.8,160.36
MA,210360,COROATÁ,17.0,17.0,61337.0,27.7,97.0
MA,210370,CURURUPU,15.0,16.0,32602.0,49.1,169.08
MA,210260,CÂNDIDO MENDES,8.0,10.0,20440.0,48.9,162.67
MA,210375,DAVINÓPOLIS,6.0,6.0,14828.0,40.5,141.62
MA,210380,DOM PEDRO,10.0,10.0,23594.0,42.4,148.34
MA,210390,DUQUE BACELAR,6.0,6.0,10443.0,57.5,201.09
MA,210400,ESPERANTINÓPOLIS,10.0,10.0,18734.0,53.4,186.82
MA,210405,ESTREITO,17.0,18.0,34321.0,52.4,181.01
MA,210407,FEIRA NOVA DO MARANHÃO,4.0,4.0,8237.0,48.6,169.96
MA,210408,FERNANDO FALCÃO,6.0,6.0,11219.0,53.5,187.18
MA,210409,FORMOSA DA SERRA NEGRA,10.0,10.0,18150.0,55.1,192.83
MA,210410,FORTALEZA DOS NOGUEIRAS,6.0,6.0,12963.0,46.3,161.99
MA,210420,FORTUNA,9.0,9.0,17347.0,51.9,181.58
MA,210430,GODOFREDO VIANA,5.0,5.0,10424.0,48.0,167.88
MA,210440,GONÇALVES DIAS,8.0,8.0,17580.0,45.5,159.27
MA,210450,GOVERNADOR ARCHER,5.0,5.0,10476.0,47.7,167.04
MA,210455,GOVERNADOR EDISON LOBÃO,9.0,9.0,18963.0,47.5,166.11
MA,210460,GOVERNADOR EUGÊNIO BARROS,8.0,8.0,14264.0,56.1,196.29
MA,210462,GOVERNADOR LUIZ ROCHA,4.0,4.0,7216.0,55.4,194.01
MA,210465,GOVERNADOR NEWTON BELLO,6.0,6.0,10993.0,54.6,191.03
MA,210467,GOVERNADOR NUNES FREIRE,12.0,12.0,23526.0,51.0,178.52
MA,210480,GRAJAÚ,19.0,19.0,76837.0,24.7,86.54
MA,210470,GRAÇA ARANHA,3.0,3.0,6160.0,48.7,170.45
MA,210490,GUIMARÃES,6.0,6.0,10439.0,57.5,201.16
MA,210500,HUMBERTO DE CAMPOS,15.0,15.0,26550.0,56.5,197.74
MA,210510,ICATU,14.0,14.0,25332.0,55.3,193.43
MA,210515,IGARAPÉ DO MEIO,6.0,6.0,14383.0,41.7,146.0
MA,210520,IGARAPÉ GRANDE,6.0,6.0,10461.0,57.4,200.74
MA,210530,IMPERATRIZ,74.0,74.0,285806.0,25.9,90.62
MA,210535,ITAIPAVA DO GRAJAÚ,7.0,9.0,14142.0,63.6,210.36
MA,210540,ITAPECURU MIRIM,28.0,28.0,62264.0,45.0,157.39
MA,210542,ITINGA DO MARANHÃO,12.0,12.0,22896.0,52.4,183.43
MA,210545,JATOBÁ,5.0,5.0,7593.0,65.9,230.47
MA,210547,JENIPAPO DOS VIEIRAS,8.0,9.0,17529.0,51.3,174.71
MA,210560,JOSELÂNDIA,8.0,8.0,15227.0,52.5,183.88
MA,210550,JOÃO LISBOA,12.0,12.0,25311.0,47.4,165.93
MA,210565,JUNCO DO MARANHÃO,3.0,3.0,5282.0,56.8,198.78
MA,210570,LAGO DA PEDRA,25.0,25.0,45865.0,54.5,190.77
MA,210580,LAGO DO JUNCO,5.0,5.0,9687.0,51.6,180.65
MA,210594,LAGO DOS RODRIGUES,4.0,4.0,8962.0,44.6,156.21
MA,210590,LAGO VERDE,8.0,8.0,15069.0,53.1,185.81
MA,210592,LAGOA DO MATO,6.0,6.0,10806.0,55.5,194.33
MA,210596,LAGOA GRANDE DO MARANHÃO,6.0,6.0,11731.0,51.1,179.01
MA,210598,LAJEADO NOVO,4.0,4.0,7232.0,55.3,193.58
MA,210600,LIMA CAMPOS,6.0,6.0,11559.0,51.9,181.67
MA,210610,LORETO,6.0,6.0,11884.0,50.5,176.7
MA,210620,LUÍS DOMINGUES,3.0,3.0,7366.0,40.7,142.54
MA,210630,MAGALHÃES DE ALMEIDA,7.0,7.0,13933.0,50.2,175.84
MA,210632,MARACAÇUMÉ,11.0,11.0,21730.0,50.6,177.17
MA,210635,MARAJÁ DO SENA,4.0,4.0,7153.0,55.9,195.72
MA,210637,MARANHÃOZINHO,8.0,8.0,14092.0,56.8,198.69
MA,210640,MATA ROMA,9.0,9.0,17581.0,51.2,179.17
MA,210650,MATINHA,12.0,12.0,22540.0,53.2,186.33
MA,210660,MATÕES,17.0,17.0,33327.0,51.0,178.53
MA,210663,MATÕES DO NORTE,7.0,7.0,18021.0,38.8,135.95
MA,210667,MILAGRES DO MARANHÃO,4.0,4.0,9065.0,44.1,154.44
MA,210670,MIRADOR,12.0,12.0,21536.0,55.7,195.02
MA,210675,MIRANDA DO NORTE,12.0,12.0,24373.0,49.2,172.32
MA,210680,MIRINZAL,8.0,8.0,14298.0,56.0,195.83
MA,210700,MONTES ALTOS,5.0,5.0,9306.0,53.7,188.05
MA,210690,MONÇÃO,13.0,14.0,28563.0,49.0,165.42
MA,210710,MORROS,9.0,9.0,19015.0,47.3,165.65
MA,210720,NINA RODRIGUES,7.0,7.0,14589.0,48.0,167.93
MA,210725,NOVA COLINAS,3.0,3.0,5148.0,58.3,203.96
MA,210730,NOVA IORQUE,2.0,2.0,4409.0,45.4,158.76
MA,210735,NOVA OLINDA DO MARANHÃO,11.0,11.0,14379.0,76.5,267.75
MA,210740,OLHO D'ÁGUA DAS CUNHÃS,10.0,10.0,18288.0,54.7,191.38
MA,210745,OLINDA NOVA DO MARANHÃO,7.0,7.0,13921.0,50.3,175.99
MA,210760,PALMEIRÂNDIA,10.0,10.0,21657.0,46.2,161.61
MA,210770,PARAIBANO,8.0,9.0,18589.0,48.4,160.04
MA,210780,PARNARAMA,14.0,14.0,32232.0,43.4,152.02
MA,210790,PASSAGEM FRANCA,9.0,9.0,17591.0,51.2,179.06
MA,210800,PASTOS BONS,10.0,10.0,19266.0,51.9,181.66
MA,210805,PAULINO NEVES,8.0,8.0,17578.0,45.5,159.29
MA,210810,PAULO RAMOS,11.0,11.0,20798.0,52.9,185.11
MA,210750,PAÇO DO LUMIAR,24.0,24.0,153158.0,15.7,54.84
MA,210820,PEDREIRAS,20.0,20.0,38252.0,52.3,182.99
MA,210825,PEDRO DO ROSÁRIO,11.0,11.0,24955.0,44.1,154.27
MA,210830,PENALVA,18.0,20.0,33496.0,59.7,203.75
MA,210840,PERI MIRIM,7.0,7.0,11229.0,62.3,218.18
MA,210845,PERITORÓ,11.0,11.0,20903.0,52.6,184.18
MA,210850,PINDARÉ-MIRIM,17.0,17.0,32542.0,52.2,182.84
MA,210860,PINHEIRO,28.0,28.0,88091.0,31.8,111.24
MA,210870,PIO XII,9.0,11.0,22374.0,49.2,156.43
MA,210880,PIRAPEMAS,8.0,8.0,18132.0,44.1,154.42
MA,210900,PORTO FRANCO,10.0,10.0,24571.0,40.7,142.44
MA,210905,PORTO RICO DO MARANHÃO,3.0,3.0,6092.0,49.2,172.35
MA,210890,POÇÃO DE PEDRAS,9.0,9.0,17394.0,51.7,181.09
MA,210910,PRESIDENTE DUTRA,24.0,24.0,46606.0,51.5,180.23
MA,210920,PRESIDENTE JUSCELINO,6.0,6.0,11616.0,51.7,180.78
MA,210923,PRESIDENTE MÉDICI,4.0,4.0,4717.0,84.8,296.79
MA,210927,PRESIDENTE SARNEY,10.0,10.0,17925.0,55.8,195.25
MA,210930,PRESIDENTE VARGAS,6.0,6.0,10791.0,55.6,194.6
MA,210940,PRIMEIRA CRUZ,7.0,7.0,13920.0,50.3,176.0
MA,210945,RAPOSA,11.0,11.0,32156.0,34.2,119.72
MA,210950,RIACHÃO,11.0,11.0,22740.0,48.4,169.3
MA,210955,RIBAMAR FIQUENE,4.0,4.0,7601.0,52.6,184.18
MA,210960,ROSÁRIO,21.0,21.0,39761.0,52.8,184.85
MA,210970,SAMBAÍBA,3.0,3.0,6234.0,48.1,168.43
MA,210975,SANTA FILOMENA DO MARANHÃO,3.0,5.0,6833.0,73.2,230.49
MA,210980,SANTA HELENA,13.0,13.0,43200.0,30.1,105.32
MA,210990,SANTA INÊS,45.0,45.0,88249.0,51.0,178.47
MA,211000,SANTA LUZIA,35.0,35.0,58839.0,59.5,208.19
MA,211003,SANTA LUZIA DO PARUÁ,11.0,11.0,24890.0,44.2,154.68
MA,211010,SANTA QUITÉRIA DO MARANHÃO,13.0,13.0,24495.0,53.1,185.75
MA,211020,SANTA RITA,19.0,19.0,38542.0,49.3,172.53
MA,211023,SANTANA DO MARANHÃO,6.0,7.0,10759.0,65.1,219.58
MA,211027,SANTO AMARO DO MARANHÃO,8.0,8.0,14287.0,56.0,195.98
MA,211030,SANTO ANTÔNIO DOS LOPES,7.0,7.0,14628.0,47.9,167.48
MA,211172,SATUBINHA,5.0,6.0,8821.0,68.0,228.14
MA,211174,SENADOR ALEXANDRE COSTA,6.0,6.0,10447.0,57.4,201.01
MA,211176,SENADOR LA ROCQUE,8.0,8.0,15044.0,53.2,186.12
MA,211178,SERRANO DO MARANHÃO,5.0,5.0,10475.0,47.7,167.06
MA,211190,SUCUPIRA DO NORTE,5.0,5.0,10471.0,47.8,167.12
MA,211195,SUCUPIRA DO RIACHÃO,2.0,2.0,5081.0,39.4,137.76
MA,211040,SÃO BENEDITO DO RIO PRETO,9.0,9.0,18810.0,47.8,167.46
MA,211050,SÃO BENTO,19.0,19.0,48166.0,39.4,138.06
MA,211060,SÃO BERNARDO,12.0,13.0,27910.0,46.6,156.75
MA,211065,SÃO DOMINGOS DO AZEITÃO,4.0,4.0,8236.0,48.6,169.98
MA,211070,SÃO DOMINGOS DO MARANHÃO,16.0,18.0,35247.0,51.1,173.77
MA,211085,SÃO FRANCISCO DO BREJÃO,3.0,3.0,9202.0,32.6,114.1
MA,211090,SÃO FRANCISCO DO MARANHÃO,6.0,6.0,12360.0,48.5,169.9
MA,211080,SÃO FÉLIX DE BALSAS,2.0,2.0,4491.0,44.5,155.86
MA,211120,SÃO JOSÉ DE RIBAMAR,59.0,60.0,259164.0,23.2,80.69
MA,211125,SÃO JOSÉ DOS BASÍLIOS,3.0,5.0,7094.0,70.5,222.01
MA,211100,SÃO JOÃO BATISTA,10.0,10.0,18889.0,52.9,185.29
MA,211102,SÃO JOÃO DO CARÚ,8.0,8.0,12360.0,64.7,226.53
MA,211105,SÃO JOÃO DO PARAÍSO,6.0,6.0,10091.0,59.5,208.1
MA,211107,SÃO JOÃO DO SOTER,9.0,9.0,17253.0,52.2,182.57
MA,211110,SÃO JOÃO DOS PATOS,10.0,10.0,25910.0,38.6,135.08
MA,211130,SÃO LUÍS,186.0,186.0,1089215.0,17.1,59.76
MA,211140,SÃO LUÍS GONZAGA DO MARANHÃO,9.0,9.0,18123.0,49.7,173.81
MA,211150,SÃO MATEUS DO MARANHÃO,17.0,17.0,40177.0,42.3,148.09
MA,211153,SÃO PEDRO DA ÁGUA BRANCA,5.0,5.0,14786.0,33.8,118.35
MA,211157,SÃO PEDRO DOS CRENTES,2.0,3.0,5993.0,50.1,160.6
MA,211160,SÃO RAIMUNDO DAS MANGABEIRAS,10.0,10.0,19158.0,52.2,182.69
MA,211163,SÃO RAIMUNDO DO DOCA BEZERRA,3.0,3.0,5761.0,52.1,182.26
MA,211167,SÃO ROBERTO,3.0,3.0,4577.0,65.5,229.4
MA,211170,SÃO VICENTE FERRER,11.0,11.0,19865.0,55.4,193.8
MA,211180,SÍTIO NOVO,9.0,9.0,17464.0,51.5,180.37
MA,211200,TASSO FRAGOSO,4.0,4.0,9130.0,43.8,153.34
MA,211210,TIMBIRAS,12.0,12.0,27328.0,43.9,153.68
MA,211220,TIMON,57.0,57.0,182711.0,31.2,109.18
MA,211223,TRIZIDELA DO VALE,11.0,11.0,23097.0,47.6,166.68
MA,211227,TUFILÂNDIA,3.0,3.0,5633.0,53.3,186.4
MA,211230,TUNTUM,18.0,24.0,37364.0,64.2,210.76
MA,211240,TURIAÇU,9.0,9.0,38993.0,23.1,80.78
MA,211245,TURILÂNDIA,13.0,13.0,33219.0,39.1,136.96
MA,211250,TUTÓIA,28.0,29.0,55076.0,52.7,182.7
MA,211260,URBANO SANTOS,13.0,13.0,34143.0,38.1,133.26
MA,211270,VARGEM GRANDE,17.0,17.0,44444.0,38.3,133.87
MA,211280,VIANA,21.0,21.0,53176.0,39.5,138.22
MA,211285,VILA NOVA DOS MARTÍRIOS,4.0,5.0,10561.0,47.3,157.41
MA,211300,VITORINO FREIRE,16.0,16.0,31920.0,50.1,175.43
MA,211290,VITÓRIA DO MEARIM,15.0,15.0,31859.0,47.1,164.78
MA,211400,ZÉ DOCA,25.0,25.0,41815.0,59.8,209.25
MA,210015,ÁGUA DOCE DO MARANHÃO,6.0,6.0,12461.0,48.2,168.52
MT,510010,ACORIZAL,2.0,3.0,4948.0,60.6,194.52
MT,510025,ALTA FLORESTA,17.0,17.0,62158.0,27.3,95.72
MT,510030,ALTO ARAGUAIA,7.0,8.0,17751.0,45.1,152.8
MT,510035,ALTO BOA VISTA,3.0,3.0,5920.0,50.7,177.36
MT,510040,ALTO GARÇAS,4.0,4.0,13956.0,28.7,100.31
MT,510050,ALTO PARAGUAI,4.0,6.0,7525.0,79.7,232.55
MT,510060,ALTO TAQUARI,3.0,3.0,11877.0,25.3,88.4
MT,510080,APIACÁS,3.0,3.0,8693.0,34.5,120.78
MT,510100,ARAGUAIANA,1.0,1.0,4005.0,25.0,87.39
MT,510120,ARAGUAINHA,1.0,1.0,997.0,100.3,351.05
MT,510125,ARAPUTANGA,5.0,5.0,14805.0,33.8,118.2
MT,510130,ARENÁPOLIS,4.0,4.0,10769.0,37.1,130.0
MT,510140,ARIPUANÃ,6.0,6.0,26558.0,22.6,79.07
MT,510170,BARRA DO BUGRES,8.0,9.0,29406.0,30.6,104.14
MT,510180,BARRA DO GARÇAS,19.0,19.0,73878.0,25.7,90.01
MT,510160,BARÃO DE MELGAÇO,3.0,3.0,7137.0,42.0,147.12
MT,510183,BOA ESPERANÇA DO NORTE,2.0,4.0,5877.0,68.1,208.43
MT,510185,BOM JESUS DO ARAGUAIA,3.0,3.0,7912.0,37.9,132.7
MT,510190,BRASNORTE,5.0,5.0,17645.0,28.3,99.17
MT,510260,CAMPINÁPOLIS,3.0,3.0,15808.0,19.0,66.42
MT,510263,CAMPO NOVO DO PARECIS,12.0,15.0,51722.0,29.0,94.73
MT,510267,CAMPO VERDE,14.0,16.0,49053.0,32.6,107.02
MT,510268,CAMPOS DE JÚLIO,3.0,3.0,9946.0,30.2,105.57
MT,510269,CANABRAVA DO NORTE,2.0,2.0,4451.0,44.9,157.26
MT,510270,CANARANA,8.0,8.0,28324.0,28.2,98.85
MT,510279,CARLINDA,4.0,4.0,10260.0,39.0,136.45
MT,510285,CASTANHEIRA,3.0,3.0,7392.0,40.6,142.04
MT,510300,CHAPADA DOS GUIMARÃES,9.0,9.0,19458.0,46.3,161.88
MT,510305,CLÁUDIA,4.0,4.0,9301.0,43.0,150.52
MT,510310,COCALINHO,3.0,3.0,6495.0,46.2,161.66
MT,510325,COLNIZA,7.0,7.0,26026.0,26.9,94.13
MT,510320,COLÍDER,10.0,10.0,32054.0,31.2,109.19
MT,510330,COMODORO,6.0,6.0,18469.0,32.5,113.7
MT,510335,CONFRESA,9.0,11.0,38460.0,28.6,91.0
MT,510336,CONQUISTA D'OESTE,2.0,2.0,3908.0,51.2,179.11
MT,510337,COTRIGUAÇU,5.0,6.0,10030.0,59.8,200.64
MT,510340,CUIABÁ,145.0,145.0,691875.0,21.0,73.35
MT,510343,CURVELÂNDIA,2.0,2.0,4970.0,40.2,140.84
MT,510250,CÁCERES,18.0,29.0,91767.0,31.6,100.11
MT,510345,DENISE,3.0,3.0,6675.0,44.9,157.3
MT,510350,DIAMANTINO,10.0,11.0,22623.0,48.6,166.31
MT,510360,DOM AQUINO,4.0,4.0,7890.0,50.7,177.43
MT,510370,FELIZ NATAL,3.0,3.0,10523.0,28.5,99.78
MT,510380,FIGUEIRÓPOLIS D'OESTE,1.0,1.0,3056.0,32.7,114.52
MT,510385,GAÚCHA DO NORTE,2.0,2.0,9397.0,21.3,74.49
MT,510390,GENERAL CARNEIRO,2.0,2.0,6319.0,31.7,110.77
MT,510395,GLÓRIA D'OESTE,2.0,2.0,2878.0,69.5,243.22
MT,510410,GUARANTÃ DO NORTE,9.0,9.0,31209.0,28.8,100.93
MT,510420,GUIRATINGA,5.0,5.0,10252.0,48.8,170.69
MT,510450,INDIAVAÍ,1.0,1.0,2172.0,46.0,161.14
MT,510452,IPIRANGA DO NORTE,3.0,3.0,8658.0,34.7,121.27
MT,510454,ITANHANGÁ,3.0,3.0,8257.0,36.3,127.16
MT,510455,ITAÚBA,1.0,1.0,5201.0,19.2,67.29
MT,510460,ITIQUIRA,5.0,5.0,12587.0,39.7,139.03
MT,510480,JACIARA,8.0,9.0,29803.0,30.2,102.75
MT,510490,JANGADA,4.0,4.0,7413.0,54.0,188.85
MT,510500,JAURU,3.0,4.0,7881.0,50.8,166.53
MT,510510,JUARA,9.0,9.0,36089.0,24.9,87.28
MT,510517,JURUENA,3.0,3.0,10057.0,29.8,104.4
MT,510520,JUSCIMEIRA,5.0,5.0,11622.0,43.0,150.57
MT,510515,JUÍNA,12.0,12.0,48396.0,24.8,86.78
MT,510523,LAMBARI D'OESTE,2.0,2.0,4662.0,42.9,150.15
MT,510525,LUCAS DO RIO VERDE,25.0,27.0,95792.0,28.2,94.99
MT,510530,LUCIARA,1.0,1.0,2616.0,38.2,133.79
MT,510558,MARCELÂNDIA,4.0,4.0,11355.0,35.2,123.29
MT,510560,MATUPÁ,7.0,7.0,21959.0,31.9,111.57
MT,510562,MIRASSOL D'OESTE,7.0,7.0,27637.0,25.3,88.64
MT,510590,NOBRES,6.0,6.0,15796.0,38.0,132.94
MT,510600,NORTELÂNDIA,3.0,3.0,5890.0,50.9,178.26
MT,510610,NOSSA SENHORA DO LIVRAMENTO,4.0,5.0,11658.0,42.9,142.6
MT,510615,NOVA BANDEIRANTES,6.0,6.0,14340.0,41.8,146.44
MT,510620,NOVA BRASILÂNDIA,2.0,2.0,3791.0,52.8,184.64
MT,510621,NOVA CANAÃ DO NORTE,5.0,5.0,11734.0,42.6,149.13
MT,510880,NOVA GUARITA,2.0,2.0,4546.0,44.0,153.98
MT,510618,NOVA LACERDA,3.0,3.0,7072.0,42.4,148.47
MT,510885,NOVA MARILÂNDIA,1.0,1.0,3731.0,26.8,93.8
MT,510890,NOVA MARINGÁ,3.0,3.0,5705.0,52.6,184.04
MT,510895,NOVA MONTE VERDE,3.0,3.0,8470.0,35.4,123.96
MT,510622,NOVA MUTUM,15.0,16.0,63455.0,25.2,86.87
MT,510617,NOVA NAZARÉ,2.0,2.0,4575.0,43.7,153.0
MT,510623,NOVA OLÍMPIA,5.0,5.0,16204.0,30.9,107.99
MT,510619,NOVA SANTA HELENA,2.0,2.0,4502.0,44.4,155.48
MT,510624,NOVA UBIRATÃ,4.0,5.0,9760.0,51.2,170.33
MT,510625,NOVA XAVANTINA,7.0,7.0,25915.0,27.0,94.53
MT,510627,NOVO HORIZONTE DO NORTE,2.0,2.0,3267.0,61.2,214.26
MT,510626,NOVO MUNDO,4.0,4.0,6368.0,62.8,219.84
MT,510631,NOVO SANTO ANTÔNIO,1.0,1.0,2041.0,49.0,171.48
MT,510628,NOVO SÃO JOAQUIM,3.0,3.0,7239.0,41.4,145.04
MT,510630,PARANATINGA,7.0,7.0,28870.0,24.2,84.86
MT,510629,PARANAÍTA,5.0,5.0,12079.0,41.4,144.87
MT,510637,PEDRA PRETA,6.0,6.0,18946.0,31.7,110.84
MT,510642,PEIXOTO DE AZEVEDO,9.0,9.0,33754.0,26.7,93.32
MT,510645,PLANALTO DA SERRA,1.0,1.0,3328.0,30.0,105.16
MT,510650,POCONÉ,9.0,9.0,31203.0,28.8,100.95
MT,510665,PONTAL DO ARAGUAIA,3.0,4.0,7441.0,53.8,176.38
MT,510670,PONTE BRANCA,1.0,1.0,2098.0,47.7,166.82
MT,510675,PONTES E LACERDA,12.0,15.0,55762.0,26.9,84.73
MT,510677,PORTO ALEGRE DO NORTE,5.0,5.0,12649.0,39.5,138.35
MT,510680,PORTO DOS GAÚCHOS,3.0,3.0,5705.0,52.6,184.04
MT,510682,PORTO ESPERIDIÃO,5.0,5.0,10088.0,49.6,173.47
MT,510685,PORTO ESTRELA,2.0,2.0,3141.0,63.7,222.85
MT,510700,POXORÉO,6.0,6.0,25103.0,23.9,83.65
MT,510704,PRIMAVERA DO LESTE,17.0,17.0,96006.0,17.7,61.97
MT,510706,QUERÊNCIA,7.0,8.0,31100.0,25.7,87.21
MT,510715,RESERVA DO CABAÇAL,1.0,1.0,2020.0,49.5,173.26
MT,510718,RIBEIRÃO CASCALHEIRA,5.0,5.0,10541.0,47.4,166.01
MT,510719,RIBEIRÃOZINHO,1.0,1.0,2733.0,36.6,128.06
MT,510720,RIO BRANCO,2.0,2.0,4440.0,45.0,157.65
MT,510757,RONDOLÂNDIA,2.0,2.0,3518.0,56.9,198.97
MT,510760,RONDONÓPOLIS,63.0,65.0,263708.0,24.6,85.6
MT,510770,ROSÁRIO OESTE,6.0,6.0,15041.0,39.9,139.61
MT,510775,SALTO DO CÉU,2.0,2.0,3657.0,54.7,191.41
MT,510724,SANTA CARMEM,2.0,3.0,5795.0,51.8,166.09
MT,510774,SANTA CRUZ DO XINGU,1.0,1.0,2904.0,34.4,120.52
MT,510776,SANTA RITA DO TRIVELATO,2.0,2.0,3536.0,56.6,197.96
MT,510777,SANTA TEREZINHA,3.0,3.0,7737.0,38.8,135.71
MT,510726,SANTO AFONSO,1.0,1.0,2416.0,41.4,144.86
MT,510779,SANTO ANTÔNIO DO LESTE,1.0,2.0,4244.0,47.1,144.32
MT,510780,SANTO ANTÔNIO DO LEVERGER,6.0,7.0,16839.0,41.6,140.29
MT,510787,SAPEZAL,7.0,7.0,32514.0,21.5,75.35
MT,510788,SERRA NOVA DOURADA,1.0,1.0,1941.0,51.5,180.31
MT,510790,SINOP,37.0,40.0,223780.0,17.9,61.38
MT,510792,SORRISO,27.0,30.0,124665.0,24.1,81.41
MT,510785,SÃO FÉLIX DO ARAGUAIA,4.0,4.0,14604.0,27.4,95.86
MT,510729,SÃO JOSÉ DO POVO,2.0,2.0,2716.0,73.6,257.73
MT,510730,SÃO JOSÉ DO RIO CLARO,6.0,6.0,14455.0,41.5,145.27
MT,510735,SÃO JOSÉ DO XINGU,2.0,2.0,6234.0,32.1,112.28
MT,510710,SÃO JOSÉ DOS QUATRO MARCOS,5.0,5.0,17721.0,28.2,98.75
MT,510740,SÃO PEDRO DA CIPA,2.0,2.0,4250.0,47.1,164.7
MT,510794,TABAPORÃ,4.0,4.0,9895.0,40.4,141.48
MT,510795,TANGARÁ DA SERRA,22.0,23.0,114603.0,20.1,69.47
MT,510800,TAPURAH,4.0,6.0,15638.0,38.4,111.9
MT,510805,TERRA NOVA DO NORTE,4.0,4.0,10591.0,37.8,132.18
MT,510810,TESOURO,2.0,2.0,2935.0,68.1,238.5
MT,510820,TORIXORÉU,2.0,2.0,4238.0,47.2,165.17
MT,510830,UNIÃO DO SUL,2.0,2.0,3904.0,51.2,179.3
MT,510835,VALE DE SÃO DOMINGOS,2.0,2.0,2892.0,69.2,242.04
MT,510850,VERA,3.0,3.0,10758.0,27.9,97.6
MT,510550,VILA BELA DA SANTÍSSIMA TRINDADE,5.0,5.0,17592.0,28.4,99.47
MT,510860,VILA RICA,7.0,7.0,19686.0,35.6,124.45
MT,510840,VÁRZEA GRANDE,72.0,72.0,318922.0,22.6,79.01
MT,510020,ÁGUA BOA,13.0,13.0,32099.0,40.5,141.74
PA,150010,ABAETETUBA,33.0,39.0,172344.0,22.6,76.15
PA,150013,ABEL FIGUEIREDO,3.0,3.0,6275.0,47.8,167.33
PA,150020,ACARÁ,15.0,15.0,63110.0,23.8,83.18
PA,150030,AFUÁ,9.0,9.0,40473.0,22.2,77.82
PA,150040,ALENQUER,12.0,12.0,75882.0,15.8,55.34
PA,150050,ALMEIRIM,9.0,9.0,36442.0,24.7,86.43
PA,150060,ALTAMIRA,30.0,30.0,138749.0,21.6,75.67
PA,150070,ANAJÁS,5.0,5.0,30247.0,16.5,57.85
PA,150080,ANANINDEUA,131.0,131.0,509227.0,25.7,90.03
PA,150085,ANAPU,11.0,11.0,35638.0,30.9,108.03
PA,150090,AUGUSTO CORRÊA,19.0,19.0,47912.0,39.7,138.79
PA,150095,AURORA DO PARÁ,10.0,10.0,24193.0,41.3,144.66
PA,150100,AVEIRO,7.0,7.0,19380.0,36.1,126.41
PA,150110,BAGRE,6.0,6.0,35147.0,17.1,59.74
PA,150120,BAIÃO,14.0,14.0,56850.0,24.6,86.19
PA,150125,BANNACH,2.0,2.0,4290.0,46.6,163.17
PA,150130,BARCARENA,35.0,35.0,139076.0,25.2,88.08
PA,150145,BELTERRA,8.0,8.0,19075.0,41.9,146.78
PA,150140,BELÉM,308.0,326.0,1397315.0,23.3,79.9
PA,150150,BENEVIDES,24.0,27.0,68962.0,39.2,131.95
PA,150157,BOM JESUS DO TOCANTINS,9.0,9.0,19129.0,47.0,164.67
PA,150160,BONITO,8.0,8.0,12961.0,61.7,216.03
PA,150170,BRAGANÇA,57.0,59.0,132489.0,44.5,153.22
PA,150172,BRASIL NOVO,7.0,7.0,27130.0,25.8,90.3
PA,150175,BREJO GRANDE DO ARAGUAIA,4.0,4.0,6966.0,57.4,200.97
PA,150178,BREU BRANCO,17.0,19.0,47066.0,40.4,133.85
PA,150180,BREVES,18.0,23.0,116058.0,19.8,61.82
PA,150190,BUJARU,9.0,9.0,25065.0,35.9,125.67
PA,150200,CACHOEIRA DO ARARI,7.0,7.0,25467.0,27.5,96.2
PA,150195,CACHOEIRA DO PIRIÁ,11.0,11.0,19223.0,57.2,200.28
PA,150210,CAMETÁ,32.0,32.0,144859.0,22.1,77.31
PA,150215,CANAÃ DOS CARAJÁS,18.0,19.0,89524.0,21.2,73.3
PA,150220,CAPANEMA,23.0,23.0,75309.0,30.5,106.89
PA,150230,CAPITÃO POÇO,17.0,17.0,60318.0,28.2,98.64
PA,150240,CASTANHAL,58.0,66.0,209126.0,31.6,107.11
PA,150250,CHAVES,1.0,1.0,21501.0,4.7,16.27
PA,150260,COLARES,5.0,5.0,13625.0,36.7,128.44
PA,150270,CONCEIÇÃO DO ARAGUAIA,12.0,14.0,47144.0,29.7,100.22
PA,150275,CONCÓRDIA DO PARÁ,9.0,9.0,28270.0,31.8,111.42
PA,150276,CUMARU DO NORTE,5.0,5.0,15150.0,33.0,115.51
PA,150277,CURIONÓPOLIS,9.0,9.0,20975.0,42.9,150.17
PA,150280,CURRALINHO,6.0,6.0,36814.0,16.3,57.04
PA,150285,CURUÁ,5.0,5.0,14954.0,33.4,117.02
PA,150290,CURUÇÁ,13.0,13.0,44880.0,29.0,101.38
PA,150293,DOM ELISEU,13.0,13.0,62823.0,20.7,72.42
PA,150295,ELDORADO DOS CARAJÁS,8.0,8.0,29287.0,27.3,95.6
PA,150300,FARO,2.0,2.0,9167.0,21.8,76.36
PA,150304,FLORESTA DO ARAGUAIA,9.0,9.0,18595.0,48.4,169.4
PA,150307,GARRAFÃO DO NORTE,12.0,12.0,25558.0,47.0,164.33
PA,150309,GOIANÉSIA DO PARÁ,11.0,11.0,26703.0,41.2,144.17
PA,150310,GURUPÁ,4.0,4.0,34137.0,11.7,41.01
PA,150320,IGARAPÉ-AÇU,17.0,17.0,37925.0,44.8,156.88
PA,150330,IGARAPÉ-MIRI,17.0,17.0,69446.0,24.5,85.67
PA,150340,INHANGAPI,6.0,6.0,10784.0,55.6,194.73
PA,150345,IPIXUNA DO PARÁ,18.0,18.0,29264.0,61.5,215.28
PA,150350,IRITUIA,16.0,16.0,32740.0,48.9,171.04
PA,150360,ITAITUBA,29.0,29.0,135369.0,21.4,74.98
PA,150370,ITUPIRANGA,16.0,16.0,52201.0,30.7,107.27
PA,150375,JACAREACANGA,5.0,5.0,26579.0,18.8,65.84
PA,150380,JACUNDÁ,14.0,14.0,37726.0,37.1,129.88
PA,150390,JURUTI,16.0,16.0,54255.0,29.5,103.21
PA,150400,LIMOEIRO DO AJURU,9.0,9.0,32088.0,28.0,98.16
PA,150410,MAGALHÃES BARATA,3.0,3.0,8439.0,35.5,124.42
PA,150420,MARABÁ,44.0,46.0,290975.0,15.8,54.12
PA,150430,MARACANÃ,9.0,9.0,27129.0,33.2,116.11
PA,150440,MARAPANIM,9.0,9.0,28159.0,32.0,111.86
PA,150442,MARITUBA,39.0,40.0,119437.0,33.5,116.48
PA,150445,MEDICILÂNDIA,7.0,8.0,28677.0,27.9,91.53
PA,150450,MELGAÇO,9.0,9.0,30080.0,29.9,104.72
PA,150460,MOCAJUBA,8.0,8.0,28903.0,27.7,96.87
PA,150470,MOJU,14.0,18.0,91760.0,19.6,64.84
PA,150475,MOJUÍ DOS CAMPOS,7.0,9.0,25818.0,34.9,108.45
PA,150480,MONTE ALEGRE,15.0,15.0,64002.0,23.4,82.02
PA,150490,MUANÁ,6.0,6.0,49648.0,12.1,42.29
PA,150405,MÃE DO RIO,12.0,12.0,37473.0,32.0,112.08
PA,150495,NOVA ESPERANÇA DO PIRIÁ,11.0,11.0,21304.0,51.6,180.71
PA,150497,NOVA IPIXUNA,6.0,6.0,14400.0,41.7,145.83
PA,150500,NOVA TIMBOTEUA,7.0,7.0,13175.0,53.1,185.95
PA,150503,NOVO PROGRESSO,11.0,11.0,37054.0,29.7,103.9
PA,150506,NOVO REPARTIMENTO,14.0,14.0,63796.0,21.9,76.8
PA,150520,OEIRAS DO PARÁ,8.0,8.0,36734.0,21.8,76.22
PA,150530,ORIXIMINÁ,17.0,17.0,72889.0,23.3,81.63
PA,150543,OURILÂNDIA DO NORTE,12.0,12.0,35252.0,34.0,119.14
PA,150540,OURÉM,8.0,8.0,18783.0,42.6,149.07
PA,150548,PACAJÁ,14.0,14.0,43741.0,32.0,112.02
PA,150549,PALESTINA DO PARÁ,3.0,3.0,7063.0,42.5,148.66
PA,150550,PARAGOMINAS,42.0,44.0,113498.0,38.8,133.37
PA,150553,PARAUAPEBAS,61.0,64.0,305771.0,20.9,71.54
PA,150555,PAU D'ARCO,4.0,4.0,7354.0,54.4,190.37
PA,150560,PEIXE-BOI,4.0,4.0,8686.0,46.1,161.17
PA,150563,PIÇARRA,6.0,6.0,13366.0,44.9,157.11
PA,150565,PLACAS,9.0,9.0,18510.0,48.6,170.17
PA,150570,PONTA DE PEDRAS,1.0,1.0,25736.0,3.9,13.59
PA,150580,PORTEL,17.0,17.0,67580.0,25.2,88.04
PA,150590,PORTO DE MOZ,5.0,5.0,44121.0,11.3,39.66
PA,150600,PRAINHA,10.0,10.0,38733.0,25.8,90.36
PA,150610,PRIMAVERA,5.0,5.0,11379.0,43.9,153.79
PA,150611,QUATIPURU,6.0,6.0,11838.0,50.7,177.39
PA,150613,REDENÇÃO,23.0,25.0,92694.0,27.0,91.56
PA,150616,RIO MARIA,7.0,7.0,19190.0,36.5,127.67
PA,150618,RONDON DO PARÁ,12.0,12.0,57031.0,21.0,73.64
PA,150619,RURÓPOLIS,13.0,13.0,37198.0,34.9,122.31
PA,150620,SALINÓPOLIS,21.0,21.0,48663.0,43.2,151.03
PA,150630,SALVATERRA,5.0,5.0,25687.0,19.5,68.12
PA,150635,SANTA BÁRBARA DO PARÁ,10.0,12.0,22530.0,53.3,170.88
PA,150640,SANTA CRUZ DO ARARI,1.0,1.0,7626.0,13.1,45.89
PA,150650,SANTA IZABEL DO PARÁ,19.0,20.0,79195.0,25.3,87.28
PA,150655,SANTA LUZIA DO PARÁ,10.0,10.0,21295.0,47.0,164.35
PA,150658,SANTA MARIA DAS BARREIRAS,8.0,8.0,17065.0,46.9,164.07
PA,150660,SANTA MARIA DO PARÁ,11.0,12.0,25815.0,46.5,155.91
PA,150670,SANTANA DO ARAGUAIA,13.0,13.0,30455.0,42.7,149.4
PA,150680,SANTARÉM,90.0,90.0,360871.0,24.9,87.28
PA,150690,SANTARÉM NOVO,3.0,3.0,6355.0,47.2,165.22
PA,150700,SANTO ANTÔNIO DO TAUÁ,13.0,13.0,29234.0,44.5,155.64
PA,150775,SAPUCAIA,2.0,3.0,6212.0,48.3,154.94
PA,150780,SENADOR JOSÉ PORFÍRIO,4.0,4.0,24989.0,16.0,56.02
PA,150790,SOURE,6.0,6.0,25315.0,23.7,82.95
PA,150710,SÃO CAETANO DE ODIVELAS,8.0,8.0,17258.0,46.4,162.24
PA,150715,SÃO DOMINGOS DO ARAGUAIA,8.0,8.0,21555.0,37.1,129.9
PA,150720,SÃO DOMINGOS DO CAPIM,10.0,10.0,32554.0,30.7,107.51
PA,150740,SÃO FRANCISCO DO PARÁ,8.0,8.0,15429.0,51.9,181.47
PA,150730,SÃO FÉLIX DO XINGU,18.0,19.0,64651.0,29.4,100.15
PA,150745,SÃO GERALDO DO ARAGUAIA,10.0,10.0,24929.0,40.1,140.39
PA,150746,SÃO JOÃO DA PONTA,3.0,3.0,4470.0,67.1,234.89
PA,150747,SÃO JOÃO DE PIRABAS,12.0,12.0,21477.0,55.9,195.55
PA,150750,SÃO JOÃO DO ARAGUAIA,7.0,7.0,14293.0,49.0,171.41
PA,150760,SÃO MIGUEL DO GUAMÁ,13.0,19.0,55970.0,33.9,101.61
PA,150770,SÃO SEBASTIÃO DA BOA VISTA,4.0,4.0,27651.0,14.5,50.63
PA,150795,TAILÂNDIA,15.0,15.0,75290.0,19.9,69.73
PA,150796,TERRA ALTA,6.0,6.0,10837.0,55.4,193.78
PA,150797,TERRA SANTA,5.0,5.0,19792.0,25.3,88.41
PA,150800,TOMÉ-AÇU,19.0,19.0,73058.0,26.0,91.02
PA,150803,TRACUATEUA,16.0,16.0,30494.0,52.5,183.64
PA,150805,TRAIRÃO,7.0,7.0,15550.0,45.0,157.55
PA,150808,TUCUMÃ,11.0,12.0,42883.0,28.0,95.9
PA,150810,TUCURUÍ,25.0,26.0,96119.0,27.0,93.76
PA,150812,ULIANÓPOLIS,12.0,12.0,39360.0,30.5,106.7
PA,150815,URUARÁ,11.0,11.0,45962.0,23.9,83.76
PA,150820,VIGIA,13.0,14.0,54062.0,25.9,87.39
PA,150830,VISEU,31.0,31.0,62189.0,49.8,174.46
PA,150835,VITÓRIA DO XINGU,7.0,7.0,16552.0,42.3,148.01
PA,150840,XINGUARA,20.0,22.0,57768.0,38.1,130.26
PA,150034,ÁGUA AZUL DO NORTE,13.0,15.0,17596.0,85.2,278.47
PA,150510,ÓBIDOS,15.0,15.0,55527.0,27.0,94.54
RO,110001,ALTA FLORESTA D'OESTE,7.0,7.0,22787.0,30.7,107.51
RO,110037,ALTO ALEGRE DOS PARECIS,6.0,6.0,12237.0,49.0,171.61
RO,110040,ALTO PARAÍSO,6.0,7.0,17467.0,40.1,135.25
RO,110034,ALVORADA D'OESTE,5.0,5.0,13720.0,36.4,127.55
RO,110002,ARIQUEMES,25.0,25.0,109170.0,22.9,80.15
RO,110045,BURITIS,10.0,10.0,30649.0,32.6,114.19
RO,110003,CABIXI,3.0,3.0,5664.0,53.0,185.38
RO,110060,CACAULÂNDIA,3.0,3.0,4292.0,69.9,244.64
RO,110004,CACOAL,23.0,23.0,98280.0,23.4,81.9
RO,110070,CAMPO NOVO DE RONDÔNIA,5.0,5.0,9095.0,55.0,192.41
RO,110080,CANDEIAS DO JAMARI,9.0,12.0,24313.0,49.4,161.95
RO,110090,CASTANHEIRAS,2.0,2.0,3450.0,58.0,202.89
RO,110005,CEREJEIRAS,6.0,6.0,16966.0,35.4,123.77
RO,110092,CHUPINGUAIA,5.0,5.0,10191.0,49.1,171.72
RO,110006,COLORADO DO OESTE,5.0,5.0,16508.0,30.3,106.0
RO,110007,CORUMBIARA,5.0,5.0,7968.0,62.8,219.62
RO,110008,COSTA MARQUES,5.0,5.0,13510.0,37.0,129.53
RO,110094,CUJUBIM,4.0,4.0,15877.0,25.2,88.17
RO,110009,ESPIGÃO D'OESTE,7.0,7.0,32842.0,21.3,74.59
RO,110100,GOVERNADOR JORGE TEIXEIRA,4.0,4.0,8340.0,48.0,167.86
RO,110010,GUAJARÁ-MIRIM,15.0,15.0,43594.0,34.4,120.42
RO,110110,ITAPUÃ DO OESTE,3.0,3.0,9228.0,32.5,113.78
RO,110011,JARU,18.0,18.0,55682.0,32.3,113.14
RO,110012,JI-PARANÁ,35.0,38.0,140101.0,27.1,93.05
RO,110013,MACHADINHO D'OESTE,9.0,9.0,34149.0,26.4,92.24
RO,110120,MINISTRO ANDREAZZA,3.0,3.0,6519.0,46.0,161.06
RO,110130,MIRANTE DA SERRA,5.0,5.0,9657.0,51.8,181.21
RO,110140,MONTE NEGRO,6.0,8.0,12168.0,65.7,201.34
RO,110014,NOVA BRASILÂNDIA D'OESTE,5.0,5.0,16374.0,30.5,106.87
RO,110033,NOVA MAMORÉ,9.0,10.0,28701.0,34.8,118.89
RO,110143,NOVA UNIÃO,4.0,4.0,6541.0,61.2,214.03
RO,110050,NOVO HORIZONTE DO OESTE,4.0,4.0,7972.0,50.2,175.61
RO,110015,OURO PRETO DO OESTE,12.0,12.0,38684.0,31.0,108.57
RO,110145,PARECIS,2.0,2.0,4372.0,45.7,160.1
RO,110018,PIMENTA BUENO,17.0,17.0,39220.0,43.3,151.7
RO,110146,PIMENTEIRAS DO OESTE,1.0,1.0,2309.0,43.3,151.58
RO,110020,PORTO VELHO,90.0,96.0,517709.0,18.5,63.54
RO,110025,PRESIDENTE MÉDICI,8.0,8.0,20443.0,39.1,136.96
RO,110147,PRIMAVERA DE RONDÔNIA,2.0,2.0,3268.0,61.2,214.19
RO,110026,RIO CRESPO,2.0,2.0,3767.0,53.1,185.82
RO,110028,ROLIM DE MOURA,16.0,16.0,62959.0,25.4,88.94
RO,110029,SANTA LUZIA D'OESTE,4.0,4.0,7837.0,51.0,178.63
RO,110150,SERINGUEIRAS,4.0,4.0,12965.0,30.9,107.98
RO,110148,SÃO FELIPE D'OESTE,2.0,2.0,5588.0,35.8,125.26
RO,110149,SÃO FRANCISCO DO GUAPORÉ,8.0,8.0,17557.0,45.6,159.48
RO,110032,SÃO MIGUEL DO GUAPORÉ,7.0,7.0,22305.0,31.4,109.84
RO,110155,TEIXEIRÓPOLIS,2.0,2.0,4521.0,44.2,154.83
RO,110160,THEOBROMA,5.0,5.0,8459.0,59.1,206.88
RO,110170,URUPÁ,4.0,4.0,11314.0,35.4,123.74
RO,110175,VALE DO ANARI,3.0,3.0,8220.0,36.5,127.73
RO,110180,VALE DO PARAÍSO,3.0,3.0,6790.0,44.2,154.63
RO,110030,VILHENA,31.0,32.0,109651.0,29.2,101.34
RR,140005,ALTO ALEGRE,7.0,10.0,23589.0,42.4,137.24
RR,140002,AMAJARI,5.0,5.0,16112.0,31.0,108.61
RR,140010,BOA VISTA,150.0,150.0,485477.0,30.9,108.14
RR,140015,BONFIM,7.0,7.0,15570.0,45.0,157.35
RR,140017,CANTÁ,10.0,10.0,21102.0,47.4,165.86
RR,140020,CARACARAÍ,9.0,9.0,22750.0,39.6,138.46
RR,140023,CAROEBE,5.0,5.0,12004.0,41.7,145.78
RR,140028,IRACEMA,5.0,5.0,10937.0,45.7,160.0
RR,140030,MUCAJAÍ,9.0,9.0,20006.0,45.0,157.45
RR,140040,NORMANDIA,5.0,5.0,16323.0,30.6,107.21
RR,140045,PACARAIMA,11.0,11.0,23112.0,47.6,166.58
RR,140047,RORAINÓPOLIS,14.0,14.0,37787.0,37.0,129.67
RR,140050,SÃO JOÃO DA BALIZA,3.0,3.0,9969.0,30.1,105.32
RR,140060,SÃO LUIZ,4.0,4.0,7848.0,51.0,178.38
RR,140070,UIRAMUTÃ,5.0,5.0,16186.0,30.9,108.11
TO,170025,ABREULÂNDIA,1.0,1.0,2682.0,37.3,130.49
TO,170030,AGUIARNÓPOLIS,3.0,3.0,4502.0,66.6,233.22
TO,170035,ALIANÇA DO TOCANTINS,2.0,2.0,5196.0,38.5,134.71
TO,170040,ALMAS,3.0,3.0,6483.0,46.3,161.96
TO,170070,ALVORADA,4.0,4.0,9128.0,43.8,153.37
TO,170100,ANANÁS,5.0,5.0,10700.0,46.7,163.55
TO,170105,ANGICO,2.0,2.0,2903.0,68.9,241.12
TO,170110,APARECIDA DO RIO NEGRO,2.0,2.0,5110.0,39.1,136.98
TO,170130,ARAGOMINAS,3.0,3.0,5330.0,56.3,196.99
TO,170190,ARAGUACEMA,3.0,3.0,6022.0,49.8,174.36
TO,170215,ARAGUANÃ,2.0,5.0,4300.0,116.3,345.93
TO,170220,ARAGUATINS,17.0,17.0,33286.0,51.1,178.75
TO,170200,ARAGUAÇU,4.0,4.0,8242.0,48.5,169.86
TO,170210,ARAGUAÍNA,57.0,60.0,183024.0,32.8,113.3
TO,170230,ARAPOEMA,3.0,3.0,5488.0,54.7,191.32
TO,170240,ARRAIAS,4.0,4.0,10511.0,38.1,133.19
TO,170255,AUGUSTINÓPOLIS,6.0,6.0,18237.0,32.9,115.15
TO,170270,AURORA DO TOCANTINS,2.0,2.0,3418.0,58.5,204.79
TO,170290,AXIXÁ DO TOCANTINS,5.0,5.0,10732.0,46.6,163.06
TO,170300,BABAÇULÂNDIA,4.0,4.0,7636.0,52.4,183.34
TO,170305,BANDEIRANTES DO TOCANTINS,2.0,2.0,3555.0,56.3,196.9
TO,170307,BARRA DO OURO,2.0,2.0,4667.0,42.9,149.98
TO,170310,BARROLÂNDIA,3.0,3.0,4890.0,61.3,214.72
TO,170320,BERNARDO SAYÃO,2.0,2.0,4307.0,46.4,162.52
TO,170330,BOM JESUS DO TOCANTINS,3.0,3.0,4201.0,71.4,249.94
TO,170360,BRASILÂNDIA DO TOCANTINS,1.0,1.0,2013.0,49.7,173.86
TO,170370,BREJINHO DE NAZARÉ,3.0,3.0,4774.0,62.8,219.94
TO,170380,BURITI DO TOCANTINS,6.0,6.0,10696.0,56.1,196.33
TO,170382,CACHOEIRINHA,1.0,1.0,1982.0,50.5,176.58
TO,170384,CAMPOS LINDOS,3.0,5.0,8990.0,55.6,165.46
TO,170386,CARIRI DO TOCANTINS,2.0,2.0,4166.0,48.0,168.02
TO,170388,CARMOLÂNDIA,1.0,1.0,2242.0,44.6,156.11
TO,170389,CARRASCO BONITO,2.0,2.0,3344.0,59.8,209.33
TO,170390,CASEARA,3.0,3.0,5028.0,59.7,208.83
TO,170410,CENTENÁRIO,1.0,1.0,2111.0,47.4,165.79
TO,170510,CHAPADA DA NATIVIDADE,2.0,2.0,3176.0,63.0,220.4
TO,170460,CHAPADA DE AREIA,1.0,1.0,1574.0,63.5,222.36
TO,170550,COLINAS DO TOCANTINS,17.0,17.0,36209.0,46.9,164.32
TO,171670,COLMÉIA,4.0,4.0,9155.0,43.7,152.92
TO,170555,COMBINADO,2.0,2.0,4906.0,40.8,142.68
TO,170560,CONCEIÇÃO DO TOCANTINS,2.0,2.0,3942.0,50.7,177.57
TO,170600,COUTO MAGALHÃES,2.0,4.0,5540.0,72.2,189.53
TO,170610,CRISTALÂNDIA,3.0,3.0,6392.0,46.9,164.26
TO,170625,CRIXÁS DO TOCANTINS,1.0,1.0,1494.0,66.9,234.27
TO,170650,DARCINÓPOLIS,3.0,3.0,6093.0,49.2,172.32
TO,170700,DIANÓPOLIS,7.0,9.0,17966.0,50.1,155.84
TO,170710,DIVINÓPOLIS DO TOCANTINS,3.0,3.0,7343.0,40.9,142.99
TO,170720,DOIS IRMÃOS DO TOCANTINS,4.0,4.0,6352.0,63.0,220.4
TO,170730,DUERÉ,2.0,2.0,4304.0,46.5,162.63
TO,170740,ESPERANTINA,5.0,5.0,7385.0,67.7,236.96
TO,170765,FIGUEIRÓPOLIS,2.0,2.0,5334.0,37.5,131.23
TO,170770,FILADÉLFIA,4.0,4.0,7784.0,51.4,179.85
TO,170820,FORMOSO DO ARAGUAIA,8.0,8.0,19473.0,41.1,143.78
TO,170755,FÁTIMA,2.0,2.0,3503.0,57.1,199.82
TO,170830,GOIANORTE,3.0,3.0,4832.0,62.1,217.3
TO,170900,GOIATINS,6.0,6.0,12851.0,46.7,163.41
TO,170930,GUARAÍ,10.0,10.0,25831.0,38.7,135.49
TO,170950,GURUPI,35.0,35.0,90209.0,38.8,135.79
TO,170980,IPUEIRAS,1.0,1.0,1626.0,61.5,215.25
TO,171050,ITACAJÁ,4.0,4.0,6959.0,57.5,201.17
TO,171070,ITAGUATINS,3.0,3.0,5160.0,58.1,203.48
TO,171090,ITAPIRATINS,2.0,2.0,3685.0,54.3,189.95
TO,171110,ITAPORÃ DO TOCANTINS,1.0,1.0,2464.0,40.6,142.04
TO,171150,JAÚ DO TOCANTINS,2.0,2.0,3396.0,58.9,206.12
TO,171180,JUARINA,1.0,1.0,2308.0,43.3,151.64
TO,171190,LAGOA DA CONFUSÃO,5.0,5.0,16629.0,30.1,105.23
TO,171195,LAGOA DO TOCANTINS,2.0,2.0,3613.0,55.4,193.74
TO,171200,LAJEADO,2.0,2.0,3559.0,56.2,196.68
TO,171215,LAVANDEIRA,1.0,1.0,1676.0,59.7,208.83
TO,171240,LIZARDA,2.0,2.0,2950.0,67.8,237.28
TO,171245,LUZINÓPOLIS,2.0,2.0,2811.0,71.1,249.02
TO,171250,MARIANÓPOLIS DO TOCANTINS,3.0,3.0,4793.0,62.6,219.06
TO,171270,MATEIROS,1.0,1.0,2922.0,34.2,119.78
TO,171280,MAURILÂNDIA DO TOCANTINS,2.0,2.0,3171.0,63.1,220.75
TO,171320,MIRACEMA DO TOCANTINS,8.0,8.0,18679.0,42.8,149.9
TO,171330,MIRANORTE,4.0,4.0,13073.0,30.6,107.09
TO,171360,MONTE DO CARMO,4.0,4.0,5667.0,70.6,247.04
TO,171370,MONTE SANTO DO TOCANTINS,1.0,1.0,2521.0,39.7,138.83
TO,171395,MURICILÂNDIA,2.0,2.0,3501.0,57.1,199.94
TO,171420,NATIVIDADE,5.0,5.0,8956.0,55.8,195.39
TO,171430,NAZARÉ,2.0,2.0,4672.0,42.8,149.82
TO,171488,NOVA OLINDA,4.0,4.0,10600.0,37.7,132.07
TO,171500,NOVA ROSALÂNDIA,2.0,2.0,3382.0,59.1,206.97
TO,171510,NOVO ACORDO,2.0,2.0,4118.0,48.6,169.98
TO,171515,NOVO ALEGRE,1.0,1.0,1817.0,55.0,192.62
TO,171525,NOVO JARDIM,1.0,1.0,2251.0,44.4,155.48
TO,171550,OLIVEIRA DE FÁTIMA,1.0,1.0,1220.0,82.0,286.88
TO,172100,PALMAS,85.0,86.0,328499.0,26.2,91.36
TO,171570,PALMEIRANTE,2.0,4.0,4905.0,81.5,249.74
TO,171380,PALMEIRAS DO TOCANTINS,3.0,3.0,4850.0,61.9,216.49
TO,171575,PALMEIRÓPOLIS,3.0,3.0,7104.0,42.2,147.8
TO,171620,PARANÃ,4.0,4.0,10877.0,36.8,128.71
TO,171610,PARAÍSO DO TOCANTINS,17.0,17.0,55704.0,30.5,106.81
TO,171630,PAU D'ARCO,2.0,2.0,4057.0,49.3,172.54
TO,171650,PEDRO AFONSO,7.0,7.0,14895.0,47.0,164.48
TO,171660,PEIXE,6.0,6.0,9384.0,63.9,223.78
TO,171665,PEQUIZEIRO,3.0,3.0,5035.0,59.6,208.54
TO,171700,PINDORAMA DO TOCANTINS,2.0,2.0,4599.0,43.5,152.2
TO,171720,PIRAQUÊ,1.0,2.0,2229.0,89.7,274.78
TO,171750,PIUM,4.0,4.0,7408.0,54.0,188.98
TO,171780,PONTE ALTA DO BOM JESUS,2.0,2.0,4280.0,46.7,163.55
TO,171790,PONTE ALTA DO TOCANTINS,4.0,4.0,7874.0,50.8,177.8
TO,171800,PORTO ALEGRE DO TOCANTINS,1.0,1.0,2960.0,33.8,118.24
TO,171820,PORTO NACIONAL,24.0,24.0,69551.0,34.5,120.77
TO,171830,PRAIA NORTE,4.0,4.0,9552.0,41.9,146.56
TO,171840,PRESIDENTE KENNEDY,2.0,2.0,3016.0,66.3,232.09
TO,171845,PUGMIL,1.0,1.0,2223.0,45.0,157.44
TO,171850,RECURSOLÂNDIA,2.0,2.0,3454.0,57.9,202.66
TO,171855,RIACHINHO,2.0,2.0,4029.0,49.6,173.74
TO,171865,RIO DA CONCEIÇÃO,1.0,1.0,1827.0,54.7,191.57
TO,171870,RIO DOS BOIS,1.0,1.0,2845.0,35.1,123.02
TO,171875,RIO SONO,3.0,3.0,4718.0,63.6,222.55
TO,171880,SAMPAIO,2.0,2.0,4397.0,45.5,159.19
TO,171884,SANDOLÂNDIA,2.0,2.0,3900.0,51.3,179.48
TO,171886,SANTA FÉ DO ARAGUAIA,4.0,4.0,7533.0,53.1,185.84
TO,171888,SANTA MARIA DO TOCANTINS,1.0,1.0,2716.0,36.8,128.86
TO,171889,SANTA RITA DO TOCANTINS,1.0,1.0,2299.0,43.5,152.24
TO,171890,SANTA ROSA DO TOCANTINS,2.0,2.0,4799.0,41.7,145.86
TO,171900,SANTA TEREZA DO TOCANTINS,1.0,1.0,2907.0,34.4,120.39
TO,172000,SANTA TEREZINHA DO TOCANTINS,1.0,1.0,2461.0,40.6,142.21
TO,172065,SILVANÓPOLIS,3.0,3.0,5259.0,57.0,199.65
TO,172085,SUCUPIRA,1.0,1.0,1591.0,62.9,219.98
TO,172010,SÃO BENTO DO TOCANTINS,3.0,3.0,6004.0,50.0,174.88
TO,172015,SÃO FÉLIX DO TOCANTINS,1.0,1.0,1897.0,52.7,184.5
TO,172020,SÃO MIGUEL DO TOCANTINS,6.0,7.0,14116.0,49.6,167.36
TO,172025,SÃO SALVADOR DO TOCANTINS,2.0,2.0,2356.0,84.9,297.11
TO,172030,SÃO SEBASTIÃO DO TOCANTINS,2.0,2.0,4182.0,47.8,167.38
TO,172049,SÃO VALÉRIO,2.0,2.0,4554.0,43.9,153.71
TO,172080,SÍTIO NOVO DO TOCANTINS,5.0,5.0,11446.0,43.7,152.89
TO,170825,TABOCÃO,1.0,1.0,3741.0,26.7,93.55
TO,172090,TAGUATINGA,5.0,5.0,14199.0,35.2,123.24
TO,172093,TAIPAS DO TOCANTINS,1.0,1.0,2092.0,47.8,167.3
TO,172097,TALISMÃ,1.0,1.0,2505.0,39.9,139.72
TO,172120,TOCANTINÓPOLIS,10.0,10.0,23225.0,43.1,150.69
TO,172110,TOCANTÍNIA,3.0,3.0,7802.0,38.5,134.58
TO,172125,TUPIRAMA,1.0,1.0,2024.0,49.4,172.92
TO,172130,TUPIRATINS,1.0,1.0,1886.0,53.0,185.57
TO,172208,WANDERLÂNDIA,5.0,5.0,10734.0,46.6,163.03
TO,172210,XAMBIOÁ,5.0,5.0,10636.0,47.0,164.53
