cod_municipio,ano,esgoto_adequado_pct,agua_rede_geral_pct,domicilios
1100015,2000,0.75,7.12,6658.0
1100015,2010,2.24,24.4,7270.0
1100015,2022,18.91,26.48,7695.0
1100023,2000,14.1,29.4,18527.0
1100023,2010,8.91,35.25,27166.0
1100023,2022,33.57,54.34,34768.0
1100031,2000,1.13,5.02,1952.0
1100031,2010,21.01,24.0,1975.0
1100031,2022,16.37,39.3,1967.0
1100049,2000,21.92,65.35,19322.0
1100049,2010,54.03,76.1,24215.0
1100049,2022,78.78,80.07,31917.0
1100056,2000,0.91,22.92,4847.0
1100056,2010,16.74,33.96,5348.0
1100056,2022,86.94,49.48,5873.0
1100064,2000,1.08,48.37,5737.0
1100064,2010,5.17,60.7,5959.0
1100064,2022,33.32,70.81,5991.0
1100072,2000,0.34,0.04,2627.0
1100072,2010,11.55,12.99,2649.0
1100072,2022,3.1,20.99,2840.0
1100080,2000,15.33,29.03,2387.0
1100080,2010,7.9,16.48,3696.0
1100080,2022,15.72,19.35,4161.0
1100098,2000,0.93,21.1,6591.0
1100098,2010,13.77,27.47,8683.0
1100098,2022,30.99,44.87,10470.0
1100106,2000,10.68,41.5,9033.0
1100106,2010,22.19,44.74,10684.0
1100106,2022,37.26,40.46,11803.0
1100114,2000,11.94,13.39,13566.0
1100114,2010,3.36,24.58,15910.0
1100114,2022,27.93,46.12,18947.0
1100122,2000,9.37,32.46,28084.0
1100122,2010,20.43,46.4,35567.0
1100122,2022,37.83,59.95,45016.0
1100130,2000,1.29,26.85,5564.0
1100130,2010,2.12,31.63,9154.0
1100130,2022,9.33,40.39,10841.0
1100148,2000,2.56,17.82,4221.0
1100148,2010,3.84,28.3,5916.0
1100148,2022,21.39,36.12,5798.0
1100155,2000,6.75,29.37,10659.0
1100155,2010,10.17,46.41,11652.0
1100155,2022,15.99,56.66,13323.0
1100189,2000,11.83,60.32,8427.0
1100189,2010,38.34,70.53,10037.0
1100189,2022,26.95,76.36,12351.0
1100205,2000,61.49,35.24,83682.0
1100205,2010,43.4,37.61,116863.0
1100205,2022,59.01,36.72,151905.0
1100254,2000,0.79,31.44,6803.0
1100254,2010,1.64,34.41,6842.0
1100254,2022,31.11,50.1,7230.0
1100262,2000,5.32,15.56,771.0
1100262,2010,22.57,8.12,997.0
1100262,2022,3.76,9.92,1250.0
1100288,2000,1.17,31.8,12628.0
1100288,2010,14.98,49.79,15790.0
1100288,2022,29.88,66.36,20991.0
1100296,2000,0.81,8.74,2965.0
1100296,2010,1.97,19.05,2746.0
1100296,2022,3.55,33.61,2758.0
1100304,2000,7.16,91.69,14506.0
1100304,2010,13.51,94.44,23506.0
1100304,2022,47.66,92.88,34975.0
1100320,2000,1.36,1.07,5791.0
1100320,2010,9.98,7.35,6391.0
1100320,2022,21.26,15.69,7884.0
1100338,2000,9.13,5.64,3264.0
1100338,2010,7.89,6.66,6377.0
1100338,2022,18.82,9.27,8447.0
1100346,2000,1.65,29.77,4981.0
1100346,2010,35.84,44.06,5011.0
1100346,2022,44.56,52.87,4814.0
1100379,2000,0.27,1.0,3001.0
1100379,2010,0.54,6.95,3696.0
1100379,2022,32.23,19.8,4036.0
1100403,2000,7.14,2.63,3040.0
1100403,2010,10.83,6.05,5071.0
1100403,2022,29.64,8.8,5762.0
1100452,2000,2.37,0.35,6025.0
1100452,2010,1.83,0.34,9476.0
1100452,2022,21.65,15.76,9905.0
1100502,2000,0.65,7.94,3059.0
1100502,2010,9.45,13.64,2983.0
1100502,2022,19.41,27.2,2798.0
1100601,2000,3.88,11.96,1313.0
1100601,2010,21.81,9.46,1692.0
1100601,2022,34.19,13.96,1483.0
1100700,2000,0.11,0.11,2678.0
1100700,2010,19.88,21.97,3637.0
1100700,2022,8.71,19.02,3066.0
1100809,2000,70.22,51.97,3167.0
1100809,2010,9.02,55.13,5685.0
1100809,2022,21.95,53.47,7431.0
1100908,2000,0.47,19.49,1057.0
1100908,2010,1.44,25.63,1108.0
1100908,2022,4.67,30.3,1198.0
1100924,2000,20.57,43.34,1449.0
1100924,2010,2.69,62.6,2345.0
1100924,2022,38.18,61.7,3206.0
1100940,2000,2.48,20.53,1612.0
1100940,2010,7.36,10.43,4591.0
1100940,2022,6.38,10.72,5203.0
1101005,2000,0.81,0.14,2958.0
1101005,2010,30.96,0.5,3007.0
1101005,2022,0.55,2.01,2890.0
1101104,2000,43.7,39.4,1698.0
1101104,2010,3.2,29.77,2533.0
1101104,2022,37.39,7.77,2910.0
1101203,2000,0.7,10.89,2708.0
1101203,2010,4.55,18.87,2925.0
1101203,2022,26.98,28.24,2383.0
1101302,2000,1.08,0.73,3145.0
1101302,2010,1.34,14.51,3515.0
1101302,2022,9.92,26.34,3508.0
1101401,2000,3.5,12.31,3029.0
1101401,2010,1.3,28.5,4067.0
1101401,2022,1.37,33.91,4223.0
1101435,2000,1.85,2.65,1998.0
1101435,2010,1.1,9.29,2100.0
1101435,2022,20.09,17.76,2230.0
1101450,2000,2.21,17.42,861.0
1101450,2010,0.65,26.85,1389.0
1101450,2022,7.49,30.36,1482.0
1101468,2000,2.75,1.07,654.0
1101468,2010,18.71,46.86,700.0
1101468,2022,16.35,47.57,740.0
1101476,2000,0.45,36.36,1100.0
1101476,2010,1.95,50.97,1079.0
1101476,2022,2.65,58.69,1133.0
1101484,2000,0.06,16.53,1712.0
1101484,2010,16.02,21.44,1810.0
1101484,2022,9.43,32.42,1962.0
1101492,2000,2.0,0.11,2702.0
1101492,2010,3.85,0.02,4728.0
1101492,2022,9.19,4.83,5799.0
1101500,2000,0.32,0.07,2793.0
1101500,2010,19.63,9.53,3357.0
1101500,2022,16.07,21.39,3951.0
1101559,2000,0.07,5.48,1388.0
1101559,2010,2.03,9.83,1475.0
1101559,2022,3.79,10.3,1582.0
1101609,2000,1.54,0.32,2535.0
1101609,2010,11.02,10.3,3068.0
1101609,2022,14.97,11.91,3007.0
1101708,2000,1.15,7.12,3555.0
1101708,2010,11.53,15.59,3920.0
1101708,2022,6.71,30.86,3950.0
1101757,2000,1.29,0.1,1938.0
1101757,2010,0.68,14.29,2806.0
1101757,2022,5.14,11.57,2800.0
1101807,2000,1.57,0.12,2426.0
1101807,2010,0.29,5.14,2432.0
1101807,2022,6.58,0.0,2446.0
1200013,2000,5.83,15.2,1869.0
1200013,2010,11.71,29.0,3459.0
1200013,2022,25.26,27.15,4461.0
1200054,2000,11.08,46.11,785.0
1200054,2010,24.82,49.71,1539.0
1200054,2022,18.05,56.55,2426.0
1200104,2000,14.79,23.79,4069.0
1200104,2010,29.63,55.77,5930.0
1200104,2022,46.34,61.3,8665.0
1200138,2000,17.2,23.76,1355.0
1200138,2010,19.36,40.13,2330.0
1200138,2022,19.08,40.21,4193.0
1200179,2000,9.06,4.61,1258.0
1200179,2010,34.0,39.06,2353.0
1200179,2022,18.66,39.13,3468.0
1200203,2000,21.4,28.24,13941.0
1200203,2010,13.9,51.36,18581.0
1200203,2022,25.95,66.58,26737.0
1200252,2000,13.87,46.4,2739.0
1200252,2010,21.2,60.42,4391.0
1200252,2022,39.85,61.94,6477.0
1200302,2000,13.48,5.39,5125.0
1200302,2010,10.3,13.5,7037.0
1200302,2022,8.71,17.29,9366.0
1200328,2000,8.89,4.37,709.0
1200328,2010,5.3,36.07,1303.0
1200328,2022,5.74,46.28,2003.0
1200336,2000,0.45,5.12,2225.0
1200336,2010,6.75,53.96,3586.0
1200336,2022,2.78,59.65,5678.0
1200344,2000,1.8,36.51,1219.0
1200344,2010,12.92,58.07,1858.0
1200344,2022,24.68,49.85,3242.0
1200351,2000,3.18,7.36,1480.0
1200351,2010,8.36,23.93,2750.0
1200351,2022,8.31,37.1,4321.0
1200385,2000,19.69,12.73,3621.0
1200385,2010,14.64,34.5,4742.0
1200385,2022,21.79,40.78,5552.0
1200393,2000,1.09,26.84,1006.0
1200393,2010,0.71,38.48,1702.0
1200393,2022,26.46,51.97,2611.0
1200401,2000,45.69,50.32,64078.0
1200401,2010,57.97,52.98,94216.0
1200401,2022,79.41,58.99,123861.0
1200427,2000,7.16,28.11,1537.0
1200427,2010,9.23,43.15,3131.0
1200427,2022,4.81,58.14,4197.0
1200435,2000,7.08,25.54,325.0
1200435,2010,4.78,47.79,816.0
1200435,2022,13.69,47.54,1344.0
1200450,2000,29.5,11.76,4848.0
1200450,2010,24.13,34.02,5606.0
1200450,2022,29.67,29.74,6961.0
1200500,2000,19.37,29.51,6350.0
1200500,2010,13.29,38.62,9313.0
1200500,2022,34.88,41.21,12627.0
1200609,2000,17.07,20.28,5103.0
1200609,2010,10.93,42.21,7492.0
1200609,2022,4.17,39.14,11273.0
1200708,2000,30.27,40.42,3016.0
1200708,2010,29.33,51.43,4490.0
1200708,2022,30.51,47.22,6090.0
1200807,2000,12.44,12.87,2781.0
1200807,2010,11.97,24.48,4020.0
1200807,2022,25.57,17.55,5448.0
1300029,2000,9.1,38.35,1880.0
1300029,2010,31.36,47.72,2481.0
1300029,2022,6.56,63.57,3398.0
1300060,2000,13.8,52.23,1210.0
1300060,2010,7.69,66.22,1652.0
1300060,2022,25.28,66.23,2156.0
1300086,2000,8.26,38.96,1114.0
1300086,2010,4.62,52.95,1883.0
1300086,2022,22.97,43.74,2316.0
1300102,2000,22.94,62.73,2101.0
1300102,2010,2.16,65.0,3060.0
1300102,2022,4.22,66.8,4147.0
1300144,2000,22.66,0.34,3252.0
1300144,2010,9.53,12.29,4606.0
1300144,2022,4.8,30.68,5789.0
1300201,2000,15.27,37.91,1696.0
1300201,2010,0.97,35.91,2885.0
1300201,2022,7.37,43.63,3390.0
1300300,2000,4.92,15.85,4592.0
1300300,2010,20.39,20.27,6941.0
1300300,2022,12.04,25.46,11007.0
1300409,2000,5.08,34.02,3974.0
1300409,2010,15.49,49.45,4443.0
1300409,2022,14.7,54.97,4253.0
1300508,2000,3.66,36.43,3851.0
1300508,2010,4.14,54.23,5143.0
1300508,2022,10.62,60.93,6895.0
1300607,2000,17.81,46.22,3823.0
1300607,2010,14.61,52.1,5950.0
1300607,2022,16.06,62.44,7742.0
1300631,2000,12.65,40.42,1779.0
1300631,2010,27.69,52.91,2886.0
1300631,2022,5.36,53.56,4556.0
1300680,2000,4.26,49.06,1808.0
1300680,2010,31.99,56.17,2738.0
1300680,2022,11.91,56.6,4594.0
1300706,2000,12.88,44.2,5545.0
1300706,2010,6.33,55.64,7125.0
1300706,2022,13.18,46.41,10162.0
1300805,2000,17.06,28.28,4720.0
1300805,2010,8.62,51.2,6651.0
1300805,2022,7.09,61.34,7986.0
1300839,2000,9.29,29.59,1443.0
1300839,2010,33.02,19.61,2223.0
1300839,2022,1.15,30.47,2967.0
1300904,2000,1.82,46.54,1865.0
1300904,2010,10.42,47.38,2955.0
1300904,2022,8.28,50.44,4552.0
1301001,2000,2.0,62.56,4241.0
1301001,2010,25.71,63.61,5240.0
1301001,2022,20.23,73.91,7241.0
1301100,2000,7.59,23.24,5339.0
1301100,2010,15.04,36.42,7381.0
1301100,2022,19.46,42.85,9067.0
1301159,2000,10.23,6.99,3734.0
1301159,2010,5.63,11.25,5758.0
1301159,2022,4.19,19.26,5780.0
1301209,2000,28.28,29.03,10563.0
1301209,2010,41.07,26.76,15151.0
1301209,2022,39.76,18.44,17564.0
1301308,2000,17.49,58.37,2945.0
1301308,2010,26.08,59.47,4486.0
1301308,2022,40.41,57.82,5571.0
1301407,2000,9.34,19.56,4713.0
1301407,2010,13.27,44.8,6254.0
1301407,2022,1.01,40.84,8130.0
1301506,2000,5.12,10.03,2930.0
1301506,2010,7.65,23.85,3204.0
1301506,2022,1.17,16.77,4185.0
1301605,2000,0.26,36.22,4534.0
1301605,2010,2.26,67.21,3900.0
1301605,2022,10.59,70.89,5345.0
1301654,2000,1.49,10.41,2152.0
1301654,2010,8.22,33.88,2639.0
1301654,2022,4.68,37.64,3611.0
1301704,2000,24.33,70.58,6153.0
1301704,2010,16.25,71.03,9825.0
1301704,2022,24.3,73.64,14416.0
1301803,2000,3.15,16.12,2314.0
1301803,2010,1.5,39.18,3721.0
1301803,2022,2.68,63.3,4806.0
1301852,2000,28.89,44.47,5763.0
1301852,2010,14.38,61.75,9797.0
1301852,2022,33.58,50.63,17757.0
1301902,2000,34.45,64.18,14361.0
1301902,2010,20.77,73.35,19835.0
1301902,2022,34.36,70.41,27664.0
1301951,2000,3.86,24.45,1321.0
1301951,2010,5.8,36.56,1570.0
1301951,2022,2.44,36.18,2333.0
1302009,2000,25.81,68.49,1298.0
1302009,2010,6.63,76.54,1765.0
1302009,2022,25.63,65.56,2599.0
1302108,2000,5.92,28.14,1521.0
1302108,2010,16.6,47.04,1265.0
1302108,2022,11.87,58.85,1735.0
1302207,2000,2.44,34.03,1146.0
1302207,2010,14.1,45.62,2043.0
1302207,2022,23.49,61.72,2529.0
1302306,2000,4.01,28.04,3267.0
1302306,2010,0.98,62.91,3165.0
1302306,2022,2.25,72.09,4845.0
1302405,2000,15.75,33.63,5326.0
1302405,2010,19.96,23.99,8128.0
1302405,2022,35.11,14.63,11269.0
1302504,2000,24.5,50.56,13351.0
1302504,2010,24.62,55.57,18165.0
1302504,2022,23.25,52.41,26883.0
1302553,2000,5.13,31.87,2611.0
1302553,2010,7.93,35.15,4870.0
1302553,2022,7.53,38.88,4956.0
1302603,2000,69.28,74.44,326852.0
1302603,2010,63.34,75.49,460844.0
1302603,2022,71.23,76.24,630062.0
1302702,2000,13.29,18.32,6860.0
1302702,2010,8.35,35.6,9538.0
1302702,2022,12.97,45.67,12170.0
1302801,2000,2.81,15.29,2558.0
1302801,2010,22.59,48.8,2793.0
1302801,2022,14.0,50.35,3021.0
1302900,2000,21.1,53.31,7162.0
1302900,2010,29.19,51.96,10004.0
1302900,2022,30.07,54.52,13271.0
1303007,2000,13.26,45.13,2526.0
1303007,2010,17.6,45.75,3784.0
1303007,2022,15.69,63.5,4570.0
1303106,2000,2.85,34.69,3854.0
1303106,2010,15.04,46.5,5570.0
1303106,2022,13.41,52.95,6480.0
1303205,2000,32.36,63.82,1882.0
1303205,2010,16.43,54.54,3152.0
1303205,2022,22.14,69.27,4165.0
1303304,2000,4.49,23.46,2783.0
1303304,2010,14.95,24.79,4255.0
1303304,2022,27.23,39.52,4785.0
1303403,2000,27.98,64.23,15955.0
1303403,2010,20.52,72.14,20671.0
1303403,2022,46.31,82.57,23900.0
1303502,2000,1.71,20.62,2754.0
1303502,2010,26.47,44.18,3049.0
1303502,2022,17.6,1.01,3960.0
1303536,2000,61.61,65.13,3866.0
1303536,2010,37.54,57.89,7226.0
1303536,2022,65.2,56.92,9389.0
1303569,2000,33.13,25.75,3480.0
1303569,2010,10.01,46.7,6094.0
1303569,2022,43.08,47.0,7806.0
1303601,2000,13.24,29.44,1919.0
1303601,2010,8.25,44.24,2606.0
1303601,2022,5.0,43.36,2740.0
1303700,2000,1.83,17.85,4151.0
1303700,2010,3.83,44.09,3992.0
1303700,2022,4.32,18.47,5253.0
1303809,2000,20.07,26.2,5431.0
1303809,2010,13.11,31.19,7490.0
1303809,2022,13.04,23.78,10603.0
1303908,2000,7.33,26.73,3259.0
1303908,2010,5.05,37.52,5331.0
1303908,2022,13.18,42.9,6010.0
1303957,2000,17.4,74.6,1138.0
1303957,2010,1.8,67.2,1945.0
1303957,2022,16.47,80.83,2665.0
1304005,2000,9.7,43.3,1402.0
1304005,2010,4.95,48.85,1736.0
1304005,2022,17.35,54.73,2825.0
1304062,2000,10.26,26.84,6549.0
1304062,2010,25.75,40.78,10014.0
1304062,2022,30.35,45.93,13839.0
1304104,2000,5.67,32.69,2894.0
1304104,2010,18.75,45.22,3894.0
1304104,2022,7.55,53.59,4792.0
1304203,2000,28.3,65.73,10465.0
1304203,2010,32.65,74.27,12165.0
1304203,2022,31.32,72.26,17460.0
1304237,2000,4.25,28.54,2260.0
1304237,2010,9.34,13.02,2795.0
1304237,2022,40.53,20.5,3380.0
1304260,2000,4.84,35.99,1528.0
1304260,2010,12.96,60.08,2192.0
1304260,2022,2.0,68.79,3057.0
1304302,2000,21.36,66.12,3011.0
1304302,2010,10.59,77.57,3410.0
1304302,2022,12.04,75.44,4279.0
1304401,2000,13.08,47.53,2163.0
1304401,2010,22.7,63.49,3295.0
1304401,2022,27.74,65.47,5202.0
1400027,2000,30.08,20.52,1077.0
1400027,2010,10.72,36.72,2108.0
1400027,2022,37.92,47.93,2996.0
1400050,2000,21.47,38.23,3544.0
1400050,2010,18.7,45.11,3700.0
1400050,2022,32.89,38.68,5060.0
1400100,2000,77.61,95.87,48753.0
1400100,2010,55.38,96.03,76250.0
1400100,2022,88.3,93.72,119011.0
1400159,2000,36.92,36.61,1915.0
1400159,2010,39.93,49.58,2507.0
1400159,2022,39.59,60.23,3498.0
1400175,2000,35.2,34.74,1946.0
1400175,2010,11.25,47.11,3634.0
1400175,2022,41.89,50.16,5429.0
1400209,2000,45.19,69.62,3005.0
1400209,2010,58.03,65.87,4436.0
1400209,2022,61.84,62.13,6087.0
1400233,2000,22.87,47.19,1246.0
1400233,2010,15.59,52.58,2155.0
1400233,2022,18.91,60.51,3130.0
1400282,2000,56.94,67.66,1110.0
1400282,2010,51.16,55.5,2236.0
1400282,2022,71.15,53.47,2925.0
1400308,2000,48.59,57.65,2406.0
1400308,2010,3.95,66.9,3876.0
1400308,2022,73.42,64.97,5339.0
1400407,2000,11.63,37.05,1212.0
1400407,2010,16.45,46.12,1702.0
1400407,2022,11.22,59.36,2719.0
1400456,2000,46.57,63.79,1400.0
1400456,2010,25.99,75.22,2393.0
1400456,2022,60.33,71.37,3958.0
1400472,2000,32.8,32.56,3406.0
1400472,2010,11.66,34.29,5935.0
1400472,2022,36.06,48.25,10064.0
1400506,2000,46.44,70.75,1193.0
1400506,2010,25.84,67.13,1734.0
1400506,2022,18.67,64.46,2603.0
1400605,2000,47.26,66.8,1223.0
1400605,2010,44.23,67.76,1734.0
1400605,2022,14.2,69.2,2260.0
1400704,2000,5.02,36.26,1015.0
1400704,2010,5.61,43.98,1444.0
1400704,2022,1.28,54.3,2339.0
1500107,2000,29.01,31.63,21414.0
1500107,2010,17.63,26.66,30917.0
1500107,2022,40.53,17.36,43033.0
1500131,2000,0.22,68.84,1367.0
1500131,2010,9.8,81.1,1868.0
1500131,2022,7.4,81.25,2000.0
1500206,2000,4.49,17.76,9830.0
1500206,2010,6.4,31.63,11715.0
1500206,2022,37.83,24.56,17057.0
1500305,2000,0.5,20.4,5216.0
1500305,2010,3.61,25.97,6754.0
1500305,2022,10.48,17.82,9038.0
1500347,2000,13.73,1.81,4699.0
1500347,2010,20.37,14.81,5812.0
1500347,2022,2.65,19.15,5618.0
1500404,2000,21.21,34.62,8073.0
1500404,2010,20.3,32.67,12106.0
1500404,2022,36.43,19.68,17906.0
1500503,2000,47.7,67.52,6774.0
1500503,2010,34.88,69.91,7862.0
1500503,2022,27.13,60.16,9116.0
1500602,2000,32.41,20.29,17469.0
1500602,2010,18.75,18.93,26427.0
1500602,2022,67.28,43.98,41217.0
1500701,2000,0.37,7.32,2990.0
1500701,2010,9.38,7.52,4853.0
1500701,2022,1.02,6.72,6369.0
1500800,2000,79.71,38.22,92479.0
1500800,2010,55.45,36.2,125800.0
1500800,2022,80.22,37.33,154891.0
1500859,2000,6.26,4.96,1854.0
1500859,2010,1.75,7.37,5075.0
1500859,2022,9.53,7.03,9335.0
1500909,2000,8.28,38.55,6137.0
1500909,2010,26.8,45.83,8857.0
1500909,2022,19.41,50.83,12365.0
1500958,2000,9.01,29.68,3918.0
1500958,2010,18.41,56.7,5839.0
1500958,2022,39.1,65.33,6652.0
1501006,2000,5.67,18.63,2926.0
1501006,2010,8.56,29.51,3436.0
1501006,2022,26.6,27.89,4647.0
1501105,2000,6.02,25.15,2211.0
1501105,2010,2.96,39.75,3711.0
1501105,2022,0.63,43.68,5748.0
1501204,2000,12.43,58.83,3782.0
1501204,2010,24.24,62.94,8007.0
1501204,2022,4.4,58.5,12116.0
1501253,2000,0.24,13.63,851.0
1501253,2010,1.83,33.94,984.0
1501253,2022,1.36,45.05,1323.0
1501303,2000,40.21,28.7,13292.0
1501303,2010,29.4,32.76,24844.0
1501303,2022,46.08,31.07,37980.0
1501402,2000,75.09,73.58,296352.0
1501402,2010,68.4,75.49,368877.0
1501402,2022,83.95,67.13,422975.0
1501451,2000,3.62,29.37,2983.0
1501451,2010,21.24,54.93,3987.0
1501451,2022,23.85,69.79,5350.0
1501501,2000,59.21,53.05,8049.0
1501501,2010,17.4,69.64,13665.0
1501501,2022,63.09,70.65,20497.0
1501576,2000,1.85,42.31,2924.0
1501576,2010,13.23,48.57,3848.0
1501576,2022,8.16,48.39,5108.0
1501600,2000,8.36,42.12,2106.0
1501600,2010,13.94,64.03,3322.0
1501600,2022,17.25,73.61,4214.0
1501709,2000,34.2,43.87,18663.0
1501709,2010,14.75,37.54,26222.0
1501709,2022,44.75,31.18,37060.0
1501725,2000,3.99,35.69,3637.0
1501725,2010,2.52,51.42,4362.0
1501725,2022,15.86,63.81,7195.0
1501758,2000,0.5,64.78,1607.0
1501758,2010,7.63,67.64,1913.0
1501758,2022,14.84,69.48,2130.0
1501782,2000,7.83,24.84,6614.0
1501782,2010,5.48,24.26,12226.0
1501782,2022,24.79,28.13,13532.0
1501808,2000,3.97,34.08,13564.0
1501808,2010,7.61,35.24,17500.0
1501808,2022,13.04,20.07,24356.0
1501907,2000,7.39,29.13,3831.0
1501907,2010,10.62,39.57,5855.0
1501907,2022,27.06,42.4,7099.0
1501956,2000,3.25,16.39,3111.0
1501956,2010,2.94,20.13,5639.0
1501956,2022,22.44,32.51,5620.0
1502004,2000,21.3,24.93,3000.0
1502004,2010,39.01,29.93,4537.0
1502004,2022,55.02,40.99,6550.0
1502103,2000,16.22,37.8,16137.0
1502103,2010,11.43,50.14,23623.0
1502103,2022,16.51,45.55,33318.0
1502152,2000,5.2,2.34,2521.0
1502152,2010,36.85,30.8,7452.0
1502152,2022,77.13,66.83,24376.0
1502202,2000,45.46,10.49,12754.0
1502202,2010,65.76,23.14,16862.0
1502202,2022,37.55,32.3,23060.0
1502301,2000,1.22,34.99,10068.0
1502301,2010,3.31,60.35,12955.0
1502301,2022,18.7,67.5,18213.0
1502400,2000,61.66,42.07,30610.0
1502400,2010,36.39,45.17,45444.0
1502400,2022,65.53,43.22,63783.0
1502509,2000,2.34,5.43,2945.0
1502509,2010,2.0,14.83,4308.0
1502509,2022,3.98,20.37,4748.0
1502608,2000,15.58,52.22,2028.0
1502608,2010,2.01,77.54,2787.0
1502608,2022,45.01,84.16,3995.0
1502707,2000,36.96,46.99,10446.0
1502707,2010,4.77,42.56,12853.0
1502707,2022,16.2,32.86,15172.0
1502756,2000,11.36,1.76,4040.0
1502756,2010,6.81,13.37,6288.0
1502756,2022,38.2,23.03,7968.0
1502764,2000,29.32,32.67,1163.0
1502764,2010,1.67,32.69,2640.0
1502764,2022,22.42,45.37,3626.0
1502772,2000,15.15,32.35,4646.0
1502772,2010,4.51,37.09,5228.0
1502772,2022,61.05,64.26,6416.0
1502806,2000,5.96,24.35,3290.0
1502806,2010,1.53,21.66,5245.0
1502806,2022,2.07,12.43,8164.0
1502855,2000,0.23,35.31,1722.0
1502855,2010,1.17,70.88,2648.0
1502855,2022,14.58,70.23,3903.0
1502905,2000,25.48,58.28,5412.0
1502905,2010,23.11,86.68,8503.0
1502905,2022,59.86,87.78,12131.0
1502939,2000,3.28,69.39,8870.0
1502939,2010,7.15,77.43,13001.0
1502939,2022,14.5,79.74,15347.0
1502954,2000,9.05,0.13,6277.0
1502954,2010,7.62,24.47,8055.0
1502954,2022,32.58,42.47,8905.0
1503002,2000,2.17,63.86,1522.0
1503002,2010,2.11,74.62,1710.0
1503002,2022,49.09,78.67,2096.0
1503044,2000,0.52,0.8,3245.0
1503044,2010,1.22,1.74,4841.0
1503044,2022,9.86,12.51,5986.0
1503077,2000,0.15,13.59,4569.0
1503077,2010,1.12,25.84,5801.0
1503077,2022,10.49,40.06,7710.0
1503093,2000,13.59,3.22,4974.0
1503093,2010,8.67,9.04,7840.0
1503093,2022,14.83,14.88,8289.0
1503101,2000,6.1,29.54,3801.0
1503101,2010,5.47,34.74,5394.0
1503101,2022,28.88,35.57,7375.0
1503200,2000,29.44,55.28,7028.0
1503200,2010,1.71,72.32,9118.0
1503200,2022,14.73,72.04,11529.0
1503309,2000,13.58,25.34,9078.0
1503309,2010,3.56,16.04,12001.0
1503309,2022,22.41,17.61,16925.0
1503408,2000,17.45,28.8,1587.0
1503408,2010,21.11,45.53,2497.0
1503408,2022,1.53,65.23,3213.0
1503457,2000,13.23,26.35,4763.0
1503457,2010,26.76,55.4,11382.0
1503457,2022,33.69,77.11,8758.0
1503507,2000,13.98,39.04,6024.0
1503507,2010,3.09,59.42,7487.0
1503507,2022,41.35,61.79,9562.0
1503606,2000,2.9,7.72,20007.0
1503606,2010,20.9,13.32,23581.0
1503606,2022,21.92,25.52,36386.0
1503705,2000,2.26,5.99,9688.0
1503705,2010,9.05,4.44,12568.0
1503705,2022,18.68,17.64,13778.0
1503754,2000,4.75,10.89,3683.0
1503754,2010,2.62,41.12,2291.0
1503754,2022,11.29,39.83,5086.0
1503804,2000,2.56,20.13,9308.0
1503804,2010,15.86,26.02,12576.0
1503804,2022,24.53,30.98,12607.0
1503903,2000,1.32,33.58,5303.0
1503903,2010,3.22,56.65,9294.0
1503903,2022,39.44,79.43,12346.0
1504000,2000,5.07,13.93,3216.0
1504000,2010,6.44,23.32,4888.0
1504000,2022,1.34,26.79,7177.0
1504059,2000,29.88,6.64,5486.0
1504059,2010,42.39,20.01,7060.0
1504059,2022,22.81,25.04,9890.0
1504109,2000,23.62,61.28,1596.0
1504109,2010,50.7,89.73,1986.0
1504109,2022,25.81,92.91,2495.0
1504208,2000,32.95,36.12,37919.0
1504208,2010,32.98,38.71,60457.0
1504208,2022,44.11,39.95,86027.0
1504307,2000,13.79,56.53,5489.0
1504307,2010,43.68,63.58,6788.0
1504307,2022,51.75,60.01,7716.0
1504406,2000,30.44,50.32,5234.0
1504406,2010,2.6,67.44,6701.0
1504406,2022,16.11,68.35,8375.0
1504422,2000,59.0,17.96,17026.0
1504422,2010,19.13,38.76,27357.0
1504422,2022,60.73,51.07,35884.0
1504455,2000,5.53,18.04,4722.0
1504455,2010,19.9,25.19,7348.0
1504455,2022,13.81,27.08,8955.0
1504505,2000,2.86,12.12,3391.0
1504505,2010,4.05,11.09,4049.0
1504505,2022,6.11,8.64,5715.0
1504604,2000,23.76,53.37,3577.0
1504604,2010,32.04,56.35,5352.0
1504604,2022,14.47,40.5,6854.0
1504703,2000,9.88,18.35,9680.0
1504703,2010,6.06,33.54,15538.0
1504703,2022,20.4,36.24,25016.0
1504752,2022,14.08,45.63,7478.0
1504802,2000,14.33,31.02,12742.0
1504802,2010,17.97,46.38,13725.0
1504802,2022,14.38,30.6,18315.0
1504901,2000,7.46,31.43,4613.0
1504901,2010,2.65,44.14,7028.0
1504901,2022,38.38,44.47,10636.0
1504950,2000,3.04,0.03,3451.0
1504950,2010,4.47,4.69,4674.0
1504950,2022,9.0,13.91,6025.0
1504976,2000,0.19,0.11,2653.0
1504976,2010,2.57,4.5,3778.0
1504976,2022,20.35,17.33,4571.0
1505007,2000,13.65,61.44,2630.0
1505007,2010,11.98,71.51,3647.0
1505007,2022,52.28,79.71,4560.0
1505031,2000,41.05,9.62,4314.0
1505031,2010,1.43,33.42,6923.0
1505031,2022,52.17,51.8,10452.0
1505064,2000,10.54,6.85,8545.0
1505064,2010,15.76,8.3,15139.0
1505064,2022,19.54,10.47,18530.0
1505106,2000,5.81,53.32,9090.0
1505106,2010,1.92,57.08,11254.0
1505106,2022,27.15,36.29,14537.0
1505205,2000,4.75,33.41,3870.0
1505205,2010,4.46,44.45,5469.0
1505205,2022,5.38,43.3,8093.0
1505304,2000,23.92,62.5,9118.0
1505304,2010,37.76,50.64,13673.0
1505304,2022,46.88,49.82,17956.0
1505403,2000,19.64,27.22,2968.0
1505403,2010,12.99,41.95,4110.0
1505403,2022,22.47,57.9,5758.0
1505437,2000,4.6,35.54,4083.0
1505437,2010,33.78,73.4,7079.0
1505437,2022,20.26,69.25,10381.0
1505486,2000,2.74,3.78,5401.0
1505486,2010,11.53,2.32,10041.0
1505486,2022,20.7,3.08,12474.0
1505494,2000,4.23,60.07,1608.0
1505494,2010,0.46,72.45,1978.0
1505494,2022,1.18,67.14,2200.0
1505502,2000,27.57,34.1,16773.0
1505502,2010,12.97,54.7,24967.0
1505502,2022,50.14,80.77,33006.0
1505536,2000,58.27,69.72,16432.0
1505536,2010,46.63,73.08,42726.0
1505536,2022,67.08,70.83,87667.0
1505551,2000,12.94,9.12,1623.0
1505551,2010,0.85,24.73,1646.0
1505551,2022,10.02,62.47,2225.0
1505601,2000,0.16,35.59,1829.0
1505601,2010,35.72,60.39,2209.0
1505601,2022,2.04,69.49,2947.0
1505635,2000,13.46,0.49,2846.0
1505635,2010,3.03,6.47,3495.0
1505635,2022,32.83,6.8,4072.0
1505650,2000,0.5,0.25,2777.0
1505650,2010,1.51,6.11,5564.0
1505650,2022,8.39,16.03,5877.0
1505700,2000,17.87,39.19,3710.0
1505700,2010,21.93,50.33,5828.0
1505700,2022,33.58,52.77,7084.0
1505809,2000,3.8,14.19,6561.0
1505809,2010,11.37,21.36,9606.0
1505809,2022,1.92,7.47,13286.0
1505908,2000,16.38,49.41,3963.0
1505908,2010,12.99,50.23,6060.0
1505908,2022,33.34,54.22,9065.0
1506005,2000,5.19,40.45,4816.0
1506005,2010,4.99,47.53,6150.0
1506005,2022,14.32,39.2,9205.0
1506104,2000,18.28,52.77,2041.0
1506104,2010,40.24,69.21,2644.0
1506104,2022,44.16,79.0,3528.0
1506112,2000,22.03,18.27,2288.0
1506112,2010,41.64,32.77,3055.0
1506112,2022,69.17,45.71,3649.0
1506138,2000,47.02,9.91,15040.0
1506138,2010,10.2,22.73,19881.0
1506138,2022,46.05,38.3,28022.0
1506161,2000,17.8,5.25,4421.0
1506161,2010,9.37,21.18,5155.0
1506161,2022,12.99,24.62,6503.0
1506187,2000,7.08,70.07,8888.0
1506187,2010,3.35,76.23,12535.0
1506187,2022,9.77,75.62,15285.0
1506195,2000,4.33,21.61,5177.0
1506195,2010,6.12,30.15,9328.0
1506195,2022,21.22,35.91,9079.0
1506203,2000,31.54,51.64,6886.0
1506203,2010,48.57,64.93,9078.0
1506203,2022,53.61,75.17,13482.0
1506302,2000,32.55,48.16,3214.0
1506302,2010,5.35,79.47,5070.0
1506302,2022,33.96,84.4,7391.0
1506351,2000,51.02,71.53,2399.0
1506351,2010,10.22,67.89,4460.0
1506351,2022,90.55,80.28,6801.0
1506401,2000,4.24,60.08,967.0
1506401,2010,12.46,81.88,1501.0
1506401,2022,38.23,84.19,1771.0
1506500,2000,46.66,57.26,9569.0
1506500,2010,11.04,65.18,15251.0
1506500,2022,47.36,73.97,21491.0
1506559,2000,15.51,13.66,3837.0
1506559,2010,23.08,13.52,4645.0
1506559,2022,24.56,12.12,6312.0
1506583,2000,14.98,19.71,2456.0
1506583,2010,16.24,19.98,5141.0
1506583,2022,22.04,16.13,5431.0
1506609,2000,33.93,66.61,4798.0
1506609,2010,5.0,76.16,6341.0
1506609,2022,22.43,80.18,8460.0
1506708,2000,27.77,1.3,7609.0
1506708,2010,16.43,5.73,13832.0
1506708,2022,23.72,21.99,10540.0
1506807,2000,29.37,60.77,53334.0
1506807,2010,40.29,59.07,70015.0
1506807,2022,52.88,49.97,95606.0
1506906,2000,14.53,56.05,1108.0
1506906,2010,43.57,72.72,1547.0
1506906,2022,64.2,86.69,1961.0
1507003,2000,34.4,51.58,4343.0
1507003,2010,10.57,78.44,6970.0
1507003,2022,66.57,84.08,8807.0
1507102,2000,25.2,48.21,3151.0
1507102,2010,6.72,70.82,4239.0
1507102,2022,31.43,61.97,5177.0
1507151,2000,0.88,9.16,4227.0
1507151,2010,9.93,65.2,6003.0
1507151,2022,26.35,77.69,6800.0
1507201,2000,1.96,32.49,5106.0
1507201,2010,7.84,46.13,6404.0
1507201,2022,13.91,43.65,8463.0
1507300,2000,6.12,5.0,7480.0
1507300,2010,22.18,6.32,22357.0
1507300,2022,32.38,13.78,20836.0
1507409,2000,33.05,46.5,3041.0
1507409,2010,38.5,61.14,3935.0
1507409,2022,65.57,59.47,4949.0
1507458,2000,6.22,8.92,6187.0
1507458,2010,24.37,49.33,6827.0
1507458,2022,49.58,60.72,7711.0
1507466,2000,20.93,49.28,836.0
1507466,2010,22.52,79.41,1350.0
1507466,2022,31.18,85.51,1456.0
1507474,2000,16.41,45.73,3571.0
1507474,2010,10.29,61.71,5043.0
1507474,2022,11.43,78.7,6553.0
1507508,2000,1.43,21.87,2446.0
1507508,2010,15.29,36.79,3256.0
1507508,2022,30.8,27.95,4390.0
1507607,2000,6.32,30.01,8646.0
1507607,2010,8.65,35.66,12641.0
1507607,2022,31.6,49.02,16392.0
1507706,2000,7.62,27.41,3112.0
1507706,2010,3.26,28.77,4846.0
1507706,2022,33.16,26.3,6560.0
1507755,2000,0.64,43.04,934.0
1507755,2010,2.78,74.7,1403.0
1507755,2022,11.94,80.07,1776.0
1507805,2000,6.36,38.81,2958.0
1507805,2010,6.53,47.73,3306.0
1507805,2022,2.42,41.8,6498.0
1507904,2000,37.08,58.32,4045.0
1507904,2010,65.55,75.82,5538.0
1507904,2022,54.33,78.34,7083.0
1507953,2000,23.36,14.21,7830.0
1507953,2010,5.65,29.53,16511.0
1507953,2022,37.08,37.71,21587.0
1507961,2000,14.98,67.28,1696.0
1507961,2010,0.73,79.92,2595.0
1507961,2022,5.9,78.0,3355.0
1507979,2000,8.96,70.19,2499.0
1507979,2010,12.5,78.66,3617.0
1507979,2022,18.09,85.31,4998.0
1508001,2000,32.03,53.35,9439.0
1508001,2010,2.84,60.87,13565.0
1508001,2022,22.28,68.68,19818.0
1508035,2000,9.77,19.87,4399.0
1508035,2010,0.83,25.96,6482.0
1508035,2022,5.44,31.34,8736.0
1508050,2000,4.03,0.24,2062.0
1508050,2010,1.47,1.24,4027.0
1508050,2022,0.55,8.83,4688.0
1508084,2000,9.77,19.45,5960.0
1508084,2010,32.68,41.93,9450.0
1508084,2022,21.48,71.75,12825.0
1508100,2000,17.78,69.71,15931.0
1508100,2010,16.05,82.64,23548.0
1508100,2022,33.96,84.7,27400.0
1508126,2000,1.83,3.62,4147.0
1508126,2010,10.02,39.77,8566.0
1508126,2022,18.61,73.04,9700.0
1508159,2000,5.42,0.29,9679.0
1508159,2010,3.08,0.85,11252.0
1508159,2022,20.57,3.69,14245.0
1508209,2000,39.77,41.17,8083.0
1508209,2010,7.6,43.28,11797.0
1508209,2022,34.63,45.37,15791.0
1508308,2000,7.33,21.37,9327.0
1508308,2010,19.57,34.76,12358.0
1508308,2022,33.1,31.87,16235.0
1508357,2000,15.43,9.18,2190.0
1508357,2010,28.23,20.67,2976.0
1508357,2022,10.19,48.21,4906.0
1508407,2000,1.48,1.76,8692.0
1508407,2010,14.78,14.31,11438.0
1508407,2022,58.71,36.18,17900.0
1600055,2000,47.87,43.6,727.0
1600055,2010,50.26,67.71,1146.0
1600055,2022,49.19,74.19,1364.0
1600105,2000,17.36,13.49,1371.0
1600105,2010,36.17,12.23,1783.0
1600105,2022,25.06,31.82,2055.0
1600154,2000,4.41,5.88,816.0
1600154,2010,23.21,29.85,2516.0
1600154,2022,46.84,40.4,3290.0
1600204,2000,3.39,16.25,1329.0
1600204,2010,12.11,38.6,2246.0
1600204,2022,43.88,20.73,2778.0
1600212,2000,3.36,61.06,565.0
1600212,2010,0.78,71.22,1032.0
1600212,2022,3.89,84.95,1156.0
1600238,2000,4.1,53.81,708.0
1600238,2010,7.37,68.57,1330.0
1600238,2022,77.9,61.75,1796.0
1600253,2000,10.82,47.25,527.0
1600253,2010,18.04,58.23,948.0
1600253,2022,22.56,64.44,1361.0
1600279,2000,0.93,80.21,6100.0
1600279,2010,10.49,88.25,9830.0
1600279,2022,21.94,65.69,10331.0
1600303,2000,31.92,53.23,60400.0
1600303,2010,28.15,54.17,94442.0
1600303,2022,57.34,44.06,123482.0
1600402,2000,13.68,13.81,2215.0
1600402,2010,5.91,23.17,3539.0
1600402,2022,38.92,23.81,5321.0
1600501,2000,6.37,23.02,2498.0
1600501,2010,28.0,15.16,4643.0
1600501,2022,9.71,7.4,7041.0
1600535,2000,6.26,20.06,2318.0
1600535,2010,23.89,19.19,4123.0
1600535,2022,9.7,8.68,5012.0
1600550,2000,10.19,22.82,412.0
1600550,2010,2.25,26.47,801.0
1600550,2022,0.99,15.22,913.0
1600600,2000,20.27,54.96,15794.0
1600600,2010,16.27,68.92,22335.0
1600600,2022,52.69,48.5,28794.0
1600709,2000,1.31,20.54,1295.0
1600709,2010,12.18,31.21,2816.0
1600709,2022,20.87,32.46,3321.0
1600808,2000,1.2,57.43,1501.0
1600808,2010,13.73,65.36,2754.0
1600808,2022,16.3,68.96,3006.0
1700251,2000,4.11,44.11,560.0
1700251,2010,14.61,56.97,760.0
1700251,2022,9.08,58.81,925.0
1700301,2000,19.66,72.74,697.0
1700301,2010,32.75,86.61,1322.0
1700301,2022,52.36,86.25,1440.0
1700350,2000,36.17,41.69,1612.0
1700350,2010,21.06,60.44,1724.0
1700350,2022,18.63,67.39,1852.0
1700400,2000,3.49,56.46,1890.0
1700400,2010,30.98,71.14,2079.0
1700400,2022,18.95,77.01,2079.0
1700707,2000,1.8,62.43,2273.0
1700707,2010,6.77,75.95,2586.0
1700707,2022,75.73,79.57,3123.0
1701002,2000,0.7,72.78,2296.0
1701002,2010,30.3,84.36,2640.0
1701002,2022,63.42,80.83,3182.0
1701051,2000,0.46,73.88,647.0
1701051,2010,1.19,75.65,842.0
1701051,2022,87.47,79.87,894.0
1701101,2000,0.24,67.55,826.0
1701101,2010,2.16,75.92,1250.0
1701101,2022,10.67,72.45,1659.0
1701309,2000,24.32,36.71,1460.0
1701309,2010,13.25,46.19,1691.0
1701309,2022,44.22,54.85,1834.0
1701903,2000,5.89,57.26,1308.0
1701903,2010,21.99,60.89,1828.0
1701903,2022,36.15,61.57,2061.0
1702000,2000,2.39,39.55,2599.0
1702000,2010,2.22,59.49,2928.0
1702000,2022,12.16,63.04,3052.0
1702109,2000,47.27,84.42,27542.0
1702109,2010,16.33,93.13,43848.0
1702109,2022,66.93,94.99,57633.0
1702158,2000,16.61,22.65,927.0
1702158,2010,39.77,75.66,1393.0
1702158,2022,82.02,70.23,1468.0
1702208,2000,19.61,56.41,5737.0
1702208,2010,1.86,72.62,8157.0
1702208,2022,17.2,75.44,10210.0
1702307,2000,10.65,66.92,1699.0
1702307,2010,11.8,78.95,1957.0
1702307,2022,11.21,80.22,1962.0
1702406,2000,1.93,59.05,2740.0
1702406,2010,25.8,67.46,3159.0
1702406,2022,8.32,66.0,3727.0
1702554,2000,3.46,72.28,2922.0
1702554,2010,9.71,85.93,4306.0
1702554,2022,46.21,90.77,5667.0
1702703,2000,3.18,64.06,818.0
1702703,2010,2.26,72.58,1105.0
1702703,2022,2.99,69.91,1273.0
1702901,2000,1.76,60.54,1987.0
1702901,2010,28.14,91.23,2452.0
1702901,2022,68.16,93.69,2915.0
1703008,2000,0.27,40.33,2212.0
1703008,2010,21.63,50.12,2524.0
1703008,2022,24.38,53.69,2682.0
1703057,2000,37.3,59.0,622.0
1703057,2010,2.19,65.25,915.0
1703057,2022,8.35,68.3,1161.0
1703073,2000,3.27,41.28,734.0
1703073,2010,14.2,65.19,1014.0
1703073,2022,3.3,69.41,1363.0
1703107,2000,0.31,79.11,1297.0
1703107,2010,23.54,82.76,1572.0
1703107,2022,4.22,80.6,1753.0
1703206,2000,8.83,45.5,1200.0
1703206,2010,14.21,64.14,1344.0
1703206,2022,10.07,65.39,1520.0
1703305,2000,0.19,49.04,520.0
1703305,2010,27.81,66.86,1050.0
1703305,2022,1.94,77.71,1337.0
1703602,2000,2.39,55.47,503.0
1703602,2010,5.08,85.25,610.0
1703602,2022,13.64,74.89,689.0
1703701,2000,0.66,48.72,1207.0
1703701,2010,10.01,62.06,1518.0
1703701,2022,26.51,61.85,1709.0
1703800,2000,0.18,83.34,1693.0
1703800,2010,20.68,93.25,2282.0
1703800,2022,25.99,94.67,2851.0
1703826,2000,0.49,84.56,408.0
1703826,2010,17.5,86.96,560.0
1703826,2022,13.32,86.68,638.0
1703842,2000,12.67,38.48,1050.0
1703842,2010,9.51,61.11,1882.0
1703842,2022,66.14,72.55,2419.0
1703867,2000,2.94,52.56,782.0
1703867,2010,24.67,56.89,1074.0
1703867,2022,10.39,60.16,1280.0
1703883,2000,22.34,0.2,488.0
1703883,2010,51.36,50.3,664.0
1703883,2022,43.11,62.65,747.0
1703891,2000,0.29,82.87,689.0
1703891,2010,32.2,86.46,938.0
1703891,2022,13.83,82.11,1012.0
1703909,2000,0.33,55.18,908.0
1703909,2010,6.41,52.5,1341.0
1703909,2022,2.95,60.65,1629.0
1704105,2000,1.59,34.66,502.0
1704105,2010,26.21,58.97,702.0
1704105,2022,30.96,65.93,772.0
1704600,2000,2.69,39.82,334.0
1704600,2010,2.86,53.08,454.0
1704600,2022,15.1,51.51,563.0
1705102,2000,3.69,30.0,650.0
1705102,2010,44.88,45.85,927.0
1705102,2022,0.58,53.99,1028.0
1705508,2000,19.37,84.79,6356.0
1705508,2010,31.31,92.6,9140.0
1705508,2022,80.78,91.83,11817.0
1705557,2000,5.95,88.46,1092.0
1705557,2010,11.41,91.44,1437.0
1705557,2022,0.46,90.47,1741.0
1705607,2000,0.1,53.35,984.0
1705607,2010,7.94,67.7,1158.0
1705607,2022,10.5,70.66,1295.0
1706001,2000,0.37,45.37,1080.0
1706001,2010,31.6,49.75,1421.0
1706001,2022,20.16,56.69,1845.0
1706100,2000,42.12,81.67,1909.0
1706100,2010,6.53,78.72,2265.0
1706100,2022,20.76,76.04,2346.0
1706258,2000,1.45,44.77,344.0
1706258,2010,30.61,49.18,490.0
1706258,2022,3.94,48.82,508.0
1706506,2000,0.4,53.99,989.0
1706506,2010,45.86,70.24,1485.0
1706506,2022,31.56,75.98,1990.0
1707009,2000,5.62,80.43,3454.0
1707009,2010,15.37,86.34,5154.0
1707009,2022,12.48,85.85,5817.0
1707108,2000,4.38,51.39,1506.0
1707108,2010,6.74,66.31,1944.0
1707108,2022,24.71,59.93,2533.0
1707207,2000,0.05,31.91,1846.0
1707207,2010,16.62,40.04,2275.0
1707207,2022,21.44,46.77,2290.0
1707306,2000,0.6,55.62,1174.0
1707306,2010,14.38,60.58,1446.0
1707306,2022,7.5,63.04,1626.0
1707405,2000,2.18,63.64,1606.0
1707405,2010,19.05,73.8,2252.0
1707405,2022,45.19,62.49,2317.0
1707553,2000,65.98,65.77,967.0
1707553,2010,54.39,69.86,1138.0
1707553,2022,77.05,70.18,1194.0
1707652,2000,0.39,59.11,1536.0
1707652,2010,56.46,59.23,1734.0
1707652,2022,17.4,63.45,1948.0
1707702,2000,30.96,50.56,1786.0
1707702,2010,8.11,62.27,2282.0
1707702,2022,40.3,63.65,2556.0
1708205,2000,7.54,27.75,4631.0
1708205,2010,18.15,57.71,5354.0
1708205,2022,53.37,64.21,6457.0
1708254,2000,0.0,65.92,578.0
1708254,2010,2.33,82.41,688.0
1708254,2022,0.96,79.13,1145.0
1708304,2000,0.0,18.92,1221.0
1708304,2010,9.7,38.86,1526.0
1708304,2022,4.67,38.32,1691.0
1709005,2000,20.38,51.48,2267.0
1709005,2010,8.63,63.08,2990.0
1709005,2022,31.79,73.32,3696.0
1709302,2000,8.48,84.03,5210.0
1709302,2010,23.75,88.33,6978.0
1709302,2022,58.88,88.27,8831.0
1709500,2000,36.08,65.23,17013.0
1709500,2010,42.85,84.47,23242.0
1709500,2022,75.34,89.87,30592.0
1709807,2000,1.11,36.53,271.0
1709807,2010,81.66,69.69,518.0
1709807,2022,88.99,57.02,563.0
1710508,2000,6.23,59.16,1572.0
1710508,2010,39.36,73.09,1880.0
1710508,2022,37.95,75.15,2161.0
1710706,2000,0.14,52.07,1471.0
1710706,2010,26.05,70.62,1620.0
1710706,2022,60.1,57.75,1742.0
1710904,2000,18.48,9.95,774.0
1710904,2010,0.19,35.95,1057.0
1710904,2022,14.44,24.49,1274.0
1711100,2000,2.83,15.72,636.0
1711100,2010,2.55,58.98,746.0
1711100,2022,0.85,62.29,822.0
1711506,2000,0.71,43.28,841.0
1711506,2010,0.7,51.27,1141.0
1711506,2022,2.51,52.71,1237.0
1711803,2000,0.88,37.72,570.0
1711803,2010,18.88,46.31,678.0
1711803,2022,0.0,48.71,737.0
1711902,2000,2.62,42.74,1411.0
1711902,2010,5.9,49.3,2643.0
1711902,2022,21.27,67.33,4800.0
1711951,2000,0.72,63.49,556.0
1711951,2010,28.92,73.53,899.0
1711951,2022,8.71,70.6,1068.0
1712009,2000,3.2,66.01,562.0
1712009,2010,40.07,68.16,801.0
1712009,2022,72.94,69.16,1164.0
1712157,2000,0.0,50.52,291.0
1712157,2010,23.27,60.61,490.0
1712157,2022,1.54,64.68,586.0
1712405,2000,7.87,39.85,813.0
1712405,2010,52.56,59.57,1014.0
1712405,2022,71.43,71.23,987.0
1712454,2000,0.0,75.4,443.0
1712454,2010,0.14,78.54,727.0
1712454,2022,0.92,76.55,870.0
1712504,2000,0.22,50.11,920.0
1712504,2010,12.17,63.18,1339.0
1712504,2022,2.32,64.99,1594.0
1712702,2000,1.47,39.88,341.0
1712702,2010,11.87,64.39,556.0
1712702,2022,2.59,57.21,811.0
1712801,2000,0.32,52.92,616.0
1712801,2010,16.0,62.71,850.0
1712801,2022,4.01,68.34,998.0
1713205,2000,1.6,80.24,5887.0
1713205,2010,13.91,84.8,5940.0
1713205,2022,29.03,81.71,6365.0
1713304,2000,0.23,81.09,3035.0
1713304,2010,2.22,85.91,3790.0
1713304,2022,5.73,89.31,4398.0
1713601,2000,5.51,45.02,1215.0
1713601,2010,19.42,43.02,1885.0
1713601,2022,6.53,50.23,1929.0
1713700,2000,11.76,30.83,493.0
1713700,2010,14.72,47.96,686.0
1713700,2022,27.66,50.68,882.0
1713809,2000,0.1,55.86,1033.0
1713809,2010,1.07,57.06,1502.0
1713809,2022,1.03,73.99,1553.0
1713957,2000,2.95,51.01,643.0
1713957,2010,15.54,57.6,875.0
1713957,2022,1.27,57.56,1178.0
1714203,2000,23.37,63.86,2092.0
1714203,2010,34.86,76.7,2605.0
1714203,2022,1.27,81.31,3061.0
1714302,2000,2.5,80.14,1158.0
1714302,2010,1.88,89.62,1223.0
1714302,2022,2.74,83.74,1531.0
1714880,2000,0.8,59.47,2243.0
1714880,2010,7.39,69.55,2992.0
1714880,2022,1.22,74.21,3517.0
1715002,2000,0.73,46.82,818.0
1715002,2010,1.93,60.76,1139.0
1715002,2022,63.84,60.67,1167.0
1715101,2000,0.15,67.92,664.0
1715101,2010,33.49,80.0,1060.0
1715101,2022,2.18,82.33,1330.0
1715150,2000,0.71,80.04,566.0
1715150,2010,17.71,79.54,689.0
1715150,2022,32.03,76.46,718.0
1715259,2000,1.53,71.62,458.0
1715259,2010,27.83,81.04,654.0
1715259,2022,2.13,81.39,704.0
1715507,2000,35.29,69.61,204.0
1715507,2010,8.78,69.59,319.0
1715507,2022,1.76,82.91,398.0
1715705,2000,6.15,31.56,846.0
1715705,2010,6.34,37.32,1356.0
1715705,2022,1.56,48.11,1663.0
1715754,2000,0.46,71.27,1942.0
1715754,2010,9.95,76.21,2362.0
1715754,2022,1.86,81.09,2528.0
1716109,2000,12.89,72.03,9516.0
1716109,2010,19.57,86.87,13410.0
1716109,2022,39.56,91.43,18289.0
1716208,2000,0.87,29.32,2418.0
1716208,2010,1.11,47.22,2874.0
1716208,2022,41.39,55.4,3670.0
1716307,2000,1.08,52.76,1016.0
1716307,2010,12.77,61.62,1308.0
1716307,2022,36.59,73.54,1372.0
1716505,2000,0.36,82.0,2217.0
1716505,2010,52.24,88.91,3308.0
1716505,2022,21.02,91.47,4739.0
1716604,2000,6.41,51.55,2357.0
1716604,2010,21.22,59.14,3289.0
1716604,2022,44.12,58.54,3418.0
1716653,2000,6.0,41.77,1166.0
1716653,2010,26.29,47.89,1514.0
1716653,2022,0.76,51.41,1706.0
1716703,2000,14.91,46.95,2528.0
1716703,2010,44.83,67.3,2795.0
1716703,2022,4.39,69.06,3209.0
1717008,2000,3.24,53.4,957.0
1717008,2010,24.02,66.01,1224.0
1717008,2022,2.08,63.76,1490.0
1717206,2000,0.57,45.08,528.0
1717206,2010,0.46,34.18,863.0
1717206,2022,0.38,44.89,793.0
1717503,2000,1.54,38.46,1430.0
1717503,2010,18.77,56.16,1982.0
1717503,2022,14.49,60.66,2374.0
1717800,2000,0.37,53.98,1069.0
1717800,2010,1.67,53.87,1318.0
1717800,2022,65.76,58.35,1580.0
1717909,2000,0.35,48.67,1430.0
1717909,2010,3.01,62.72,2028.0
1717909,2022,17.81,66.49,2498.0
1718006,2000,0.56,54.09,538.0
1718006,2010,5.29,69.47,737.0
1718006,2022,1.3,73.97,922.0
1718204,2000,1.82,79.43,10544.0
1718204,2010,65.03,82.46,13748.0
1718204,2022,71.57,85.85,21365.0
1718303,2000,0.37,65.44,1357.0
1718303,2010,19.89,89.59,1835.0
1718303,2022,31.5,84.56,2454.0
1718402,2000,2.58,55.89,968.0
1718402,2010,18.22,73.51,1076.0
1718402,2022,1.03,70.17,1066.0
1718451,2000,2.44,52.24,492.0
1718451,2010,1.39,70.93,719.0
1718451,2022,1.66,69.04,785.0
1718501,2000,11.25,37.88,631.0
1718501,2010,13.18,54.37,903.0
1718501,2022,0.58,54.94,1043.0
1718550,2000,0.13,43.07,794.0
1718550,2010,2.43,63.04,1150.0
1718550,2022,76.49,63.46,1259.0
1718659,2000,0.41,62.81,242.0
1718659,2010,40.84,83.66,453.0
1718659,2022,2.29,81.69,568.0
1718709,2000,0.7,44.52,575.0
1718709,2010,2.92,57.69,787.0
1718709,2022,1.04,56.09,961.0
1718758,2000,1.18,38.06,1353.0
1718758,2010,3.33,51.07,1680.0
1718758,2022,22.9,60.28,1664.0
1718808,2000,1.3,71.43,616.0
1718808,2010,19.96,91.78,997.0
1718808,2022,59.01,82.7,1254.0
1718840,2000,0.78,6.8,897.0
1718840,2010,4.01,35.89,1123.0
1718840,2022,31.73,46.22,1311.0
1718865,2000,9.41,55.0,1211.0
1718865,2010,27.0,73.82,1822.0
1718865,2022,1.14,76.12,2362.0
1718881,2000,15.74,39.44,502.0
1718881,2010,12.87,57.84,816.0
1718881,2022,7.7,66.05,922.0
1718899,2000,34.23,20.77,520.0
1718899,2010,39.34,34.68,666.0
1718899,2022,3.72,35.13,780.0
1718907,2000,9.34,14.88,921.0
1718907,2010,34.28,36.22,1339.0
1718907,2022,59.32,46.36,1566.0
1719004,2000,0.43,64.78,460.0
1719004,2010,1.82,70.95,661.0
1719004,2022,2.81,73.86,853.0
1720002,2000,0.36,68.0,550.0
1720002,2010,0.44,81.26,683.0
1720002,2022,2.4,79.14,791.0
1720101,2000,0.13,42.23,791.0
1720101,2010,3.6,63.89,1166.0
1720101,2022,41.64,68.27,1705.0
1720150,2000,1.24,55.19,241.0
1720150,2010,68.41,72.17,345.0
1720150,2022,1.27,67.88,551.0
1720200,2000,0.21,37.85,1913.0
1720200,2010,0.26,62.72,2728.0
1720200,2022,6.01,69.74,4058.0
1720259,2000,0.77,36.98,649.0
1720259,2010,16.71,67.8,826.0
1720259,2022,19.58,61.77,858.0
1720309,2000,0.0,72.42,765.0
1720309,2010,4.17,78.22,1079.0
1720309,2022,0.73,91.82,1235.0
1720499,2000,36.15,45.07,1278.0
1720499,2010,5.35,57.32,1345.0
1720499,2022,0.53,56.11,1695.0
1720655,2000,10.0,35.0,1140.0
1720655,2010,0.84,56.98,1541.0
1720655,2022,13.19,56.19,1728.0
1720804,2000,1.37,48.37,2117.0
1720804,2010,12.54,76.61,2416.0
1720804,2022,48.74,78.34,3260.0
1720853,2000,31.59,34.07,364.0
1720853,2010,0.91,44.83,551.0
1720853,2022,0.85,59.73,591.0
1720903,2000,7.36,66.8,3286.0
1720903,2010,12.67,73.55,4340.0
1720903,2022,33.73,73.36,5011.0
1720937,2000,0.51,65.38,390.0
1720937,2010,64.46,75.8,529.0
1720937,2022,5.0,80.74,680.0
1720978,2000,36.44,48.09,601.0
1720978,2010,28.5,53.75,800.0
1720978,2022,58.73,62.12,916.0
1721000,2000,63.07,92.61,35047.0
1721000,2010,68.76,95.52,68679.0
1721000,2022,90.63,94.32,105997.0
1721109,2000,0.08,38.02,1323.0
1721109,2010,21.73,57.74,1661.0
1721109,2022,30.2,66.65,2000.0
1721208,2000,5.21,86.51,5374.0
1721208,2010,5.31,91.0,6197.0
1721208,2022,72.82,87.23,7384.0
1721257,2000,0.65,38.11,307.0
1721257,2010,25.31,57.11,478.0
1721257,2022,7.29,65.5,658.0
1721307,2000,15.0,41.47,340.0
1721307,2010,49.69,50.0,646.0
1721307,2022,45.43,58.26,678.0
1722081,2000,2.92,58.67,2463.0
1722081,2010,0.72,71.58,2913.0
1722081,2022,4.21,80.77,3537.0
1722107,2000,0.5,56.68,2816.0
1722107,2010,6.62,75.64,3186.0
1722107,2022,29.46,81.23,3510.0
2100055,2000,12.58,70.5,19610.0
2100055,2010,13.05,84.4,27484.0
2100055,2022,34.85,91.99,34388.0
2100105,2000,3.87,16.02,955.0
2100105,2010,2.61,50.42,1303.0
2100105,2022,26.02,61.15,1699.0
2100154,2000,8.08,16.3,1969.0
2100154,2010,1.5,72.51,2728.0
2100154,2022,37.85,76.43,3543.0
2100204,2000,11.8,42.74,5009.0
2100204,2010,6.59,57.54,6074.0
2100204,2022,31.73,45.85,6288.0
2100303,2000,5.88,21.73,4164.0
2100303,2010,8.88,37.68,5786.0
2100303,2022,45.57,40.32,6664.0
2100402,2000,5.38,18.46,1934.0
2100402,2010,4.21,68.5,2635.0
2100402,2022,48.51,68.46,1950.0
2100436,2000,12.76,38.57,4405.0
2100436,2010,21.37,74.94,5849.0
2100436,2022,42.41,78.97,7540.0
2100477,2000,1.44,38.46,5902.0
2100477,2010,9.53,82.08,7272.0
2100477,2022,17.43,78.32,7425.0
2100501,2000,26.14,55.61,2158.0
2100501,2010,2.47,64.61,2636.0
2100501,2022,39.79,73.13,3405.0
2100550,2000,2.72,1.03,1066.0
2100550,2010,29.47,50.57,1503.0
2100550,2022,1.58,75.41,2025.0
2100600,2000,5.13,39.95,6643.0
2100600,2010,4.12,62.83,9237.0
2100600,2022,9.09,70.85,10849.0
2100709,2000,13.82,26.94,5066.0
2100709,2010,11.05,60.88,6490.0
2100709,2022,8.25,53.17,8159.0
2100808,2000,14.75,41.23,2190.0
2100808,2010,4.93,73.72,3326.0
2100808,2022,11.54,58.68,3996.0
2100832,2000,11.71,38.33,2066.0
2100832,2010,0.8,73.3,3390.0
2100832,2022,1.05,90.82,5044.0
2100873,2000,0.95,46.08,1786.0
2100873,2010,14.86,39.53,3048.0
2100873,2022,23.49,47.29,3210.0
2100907,2000,4.87,21.56,7290.0
2100907,2010,15.38,34.41,10251.0
2100907,2022,7.31,42.83,11973.0
2100956,2000,9.15,22.5,5724.0
2100956,2010,13.44,54.26,6929.0
2100956,2022,1.27,56.29,7154.0
2101004,2000,32.84,56.72,5451.0
2101004,2010,50.19,65.17,6925.0
2101004,2022,8.52,62.39,8966.0
2101103,2000,5.4,16.41,1944.0
2101103,2010,33.52,64.79,2545.0
2101103,2022,30.35,53.08,3344.0
2101202,2000,43.77,66.47,21173.0
2101202,2010,31.11,85.61,26246.0
2101202,2022,44.2,81.41,32893.0
2101251,2000,9.07,50.64,2249.0
2101251,2010,31.23,66.83,3657.0
2101251,2022,7.24,85.95,5290.0
2101301,2000,1.67,36.98,3291.0
2101301,2010,13.52,61.66,4210.0
2101301,2022,17.5,83.38,5126.0
2101350,2000,10.88,6.2,1048.0
2101350,2010,0.57,55.62,1397.0
2101350,2022,34.5,76.12,1742.0
2101400,2000,43.87,54.98,13102.0
2101400,2010,18.43,69.16,21277.0
2101400,2022,68.36,79.3,30817.0
2101509,2000,1.89,49.66,3538.0
2101509,2010,5.1,76.41,4726.0
2101509,2022,44.65,53.87,6226.0
2101608,2000,14.52,64.89,17067.0
2101608,2010,14.12,69.26,21633.0
2101608,2022,15.25,57.64,27087.0
2101707,2000,0.17,24.69,7725.0
2101707,2010,16.53,33.74,12133.0
2101707,2022,36.96,26.15,17971.0
2101731,2000,2.06,1.19,923.0
2101731,2010,3.72,39.76,1265.0
2101731,2022,1.79,55.7,2070.0
2101772,2000,13.42,71.45,2056.0
2101772,2010,6.65,87.64,2978.0
2101772,2022,77.66,90.92,3492.0
2101806,2000,10.5,63.02,1171.0
2101806,2010,34.18,73.78,1419.0
2101806,2022,4.61,84.28,1756.0
2101905,2000,0.86,9.12,4442.0
2101905,2010,5.23,30.21,5637.0
2101905,2022,5.83,41.15,6707.0
2101939,2000,9.44,0.0,1197.0
2101939,2010,27.87,55.35,1496.0
2101939,2022,64.89,53.85,1803.0
2101970,2000,12.65,0.0,1012.0
2101970,2010,4.68,33.13,1817.0
2101970,2022,3.68,38.82,2146.0
2102002,2000,13.71,51.82,7354.0
2102002,2010,3.94,65.51,9592.0
2102002,2022,45.62,71.48,9753.0
2102036,2000,0.49,42.59,3440.0
2102036,2010,22.66,57.3,6188.0
2102036,2022,3.39,75.53,8264.0
2102077,2000,0.66,20.03,2426.0
2102077,2010,1.79,49.83,3520.0
2102077,2022,70.45,50.76,3560.0
2102101,2000,18.41,34.12,5883.0
2102101,2010,19.15,43.62,7934.0
2102101,2022,25.36,30.98,9644.0
2102150,2000,0.84,0.44,2028.0
2102150,2010,0.31,31.63,1274.0
2102150,2022,71.79,73.24,2545.0
2102200,2000,3.55,20.67,4872.0
2102200,2010,5.67,30.02,6049.0
2102200,2022,0.63,19.45,8083.0
2102309,2000,0.44,48.58,4802.0
2102309,2010,6.53,67.91,5709.0
2102309,2022,11.02,78.95,6661.0
2102325,2000,6.26,47.37,9608.0
2102325,2010,6.74,61.8,14973.0
2102325,2022,32.03,67.7,16339.0
2102358,2000,1.53,32.42,2943.0
2102358,2010,4.4,80.58,3775.0
2102358,2022,2.07,81.46,4116.0
2102374,2000,2.35,0.81,1363.0
2102374,2010,2.54,14.63,1770.0
2102374,2022,6.01,15.29,2681.0
2102408,2000,3.95,14.85,1973.0
2102408,2010,31.27,48.07,2590.0
2102408,2022,1.18,74.34,3145.0
2102507,2000,6.39,13.25,2815.0
2102507,2010,4.29,21.56,4308.0
2102507,2022,3.55,31.55,4907.0
2102556,2000,17.73,81.36,2538.0
2102556,2010,2.05,91.47,3518.0
2102556,2022,60.75,90.88,3847.0
2102606,2000,9.75,11.11,3149.0
2102606,2010,18.87,39.39,4176.0
2102606,2022,1.21,38.01,5682.0
2102705,2000,13.86,49.04,3693.0
2102705,2010,34.22,57.1,4713.0
2102705,2022,22.36,54.45,6016.0
2102754,2000,7.43,47.52,2504.0
2102754,2010,9.06,75.31,2880.0
2102754,2022,2.01,82.84,3579.0
2102804,2000,38.28,59.4,5439.0
2102804,2010,30.04,70.82,6289.0
2102804,2022,27.21,72.51,7811.0
2102903,2000,9.15,25.44,3695.0
2102903,2010,20.34,42.25,5060.0
2102903,2022,6.27,34.08,7065.0
2103000,2000,31.55,66.7,31880.0
2103000,2010,26.84,75.2,40155.0
2103000,2022,47.39,77.84,48203.0
2103109,2000,1.79,62.31,2064.0
2103109,2010,1.73,89.18,2597.0
2103109,2022,74.89,98.35,3206.0
2103125,2000,0.63,0.13,1595.0
2103125,2010,7.18,63.16,1979.0
2103125,2022,1.27,70.95,2210.0
2103158,2000,0.52,4.56,1162.0
2103158,2010,6.75,47.4,2593.0
2103158,2022,75.21,73.71,3283.0
2103174,2000,0.67,2.22,2840.0
2103174,2010,10.92,23.64,3946.0
2103174,2022,1.86,27.42,4508.0
2103208,2000,17.67,38.92,13280.0
2103208,2010,16.57,43.9,17647.0
2103208,2022,18.72,45.94,23972.0
2103257,2000,0.49,47.37,2639.0
2103257,2010,0.77,78.66,3515.0
2103257,2022,72.88,79.51,4144.0
2103307,2000,21.88,66.83,25078.0
2103307,2010,24.88,77.6,29571.0
2103307,2022,53.26,79.12,34888.0
2103406,2000,27.66,58.54,9000.0
2103406,2010,7.12,82.17,11112.0
2103406,2022,43.12,86.24,11916.0
2103505,2000,13.57,30.7,8050.0
2103505,2010,4.65,59.03,9873.0
2103505,2022,10.89,74.17,12482.0
2103554,2000,0.27,48.64,2208.0
2103554,2010,2.49,49.78,3339.0
2103554,2022,48.06,78.68,4105.0
2103604,2000,18.62,58.86,13083.0
2103604,2010,20.64,80.11,15929.0
2103604,2022,48.53,73.15,18889.0
2103703,2000,15.22,34.67,7274.0
2103703,2010,2.66,62.85,8427.0
2103703,2022,35.05,75.81,10031.0
2103752,2000,19.43,57.72,2857.0
2103752,2010,20.95,85.47,3318.0
2103752,2022,41.73,93.67,4568.0
2103802,2000,36.24,50.57,5221.0
2103802,2010,17.54,87.7,6204.0
2103802,2022,43.29,77.75,7305.0
2103901,2000,7.74,28.97,1795.0
2103901,2010,38.39,48.87,2386.0
2103901,2022,1.64,38.76,2748.0
2104008,2000,4.38,54.15,4567.0
2104008,2010,13.39,75.17,4808.0
2104008,2022,86.09,82.74,5630.0
2104057,2000,20.46,71.72,5180.0
2104057,2010,9.03,83.1,9090.0
2104057,2022,16.32,74.43,10763.0
2104073,2000,4.94,6.63,1479.0
2104073,2010,9.96,39.2,1987.0
2104073,2022,2.05,41.99,2484.0
2104081,2000,0.21,0.1,968.0
2104081,2010,0.05,43.01,1881.0
2104081,2022,6.75,72.11,2668.0
2104099,2000,0.39,9.43,2535.0
2104099,2010,1.75,40.08,3880.0
2104099,2022,0.92,44.34,5128.0
2104107,2000,0.64,42.74,2190.0
2104107,2010,3.33,53.61,2850.0
2104107,2022,12.87,55.87,3902.0
2104206,2000,20.36,66.29,3311.0
2104206,2010,3.59,70.91,3926.0
2104206,2022,9.03,88.16,5136.0
2104305,2000,8.57,31.12,1552.0
2104305,2010,27.49,53.9,2477.0
2104305,2022,2.83,83.66,3140.0
2104404,2000,20.84,44.78,3939.0
2104404,2010,3.29,78.96,4559.0
2104404,2022,9.46,70.24,5339.0
2104503,2000,9.95,48.46,2111.0
2104503,2010,8.89,84.4,2577.0
2104503,2022,3.4,91.78,2967.0
2104552,2000,9.71,60.87,2461.0
2104552,2010,33.45,77.08,4245.0
2104552,2022,63.48,84.55,5953.0
2104602,2000,10.01,52.6,3445.0
2104602,2010,2.17,87.94,4096.0
2104602,2022,0.62,89.05,4349.0
2104628,2000,10.69,69.43,1413.0
2104628,2010,19.24,92.28,1892.0
2104628,2022,0.41,94.19,2185.0
2104651,2000,0.57,23.92,2437.0
2104651,2010,2.82,53.9,2833.0
2104651,2022,58.02,57.7,2806.0
2104677,2000,10.97,2.92,5098.0
2104677,2010,39.91,47.81,5815.0
2104677,2022,17.67,64.58,6739.0
2104701,2000,18.81,48.66,1451.0
2104701,2010,3.47,91.17,1698.0
2104701,2022,1.57,95.85,1978.0
2104800,2000,2.02,59.36,9412.0
2104800,2010,5.06,72.07,14912.0
2104800,2022,11.8,72.99,21786.0
2104909,2000,0.87,52.96,2766.0
2104909,2010,2.53,78.41,3326.0
2104909,2022,33.93,70.31,3516.0
2105005,2000,4.52,14.57,4008.0
2105005,2010,9.67,40.99,5638.0
2105005,2022,21.06,34.77,6984.0
2105104,2000,1.38,7.57,4265.0
2105104,2010,4.83,41.38,5776.0
2105104,2022,14.81,29.46,6914.0
2105153,2000,8.4,56.37,2095.0
2105153,2010,1.29,87.9,3017.0
2105153,2022,26.53,85.07,4033.0
2105203,2000,21.2,40.46,2175.0
2105203,2010,17.76,59.54,2855.0
2105203,2022,32.06,59.78,3222.0
2105302,2000,64.71,89.06,54354.0
2105302,2010,49.96,90.68,68561.0
2105302,2022,83.58,85.98,90440.0
2105351,2000,1.49,1.72,2557.0
2105351,2010,3.05,76.68,3280.0
2105351,2022,43.22,79.14,3811.0
2105401,2000,27.17,52.99,9459.0
2105401,2010,31.87,60.95,15703.0
2105401,2022,25.96,59.23,18878.0
2105427,2000,18.13,79.1,5239.0
2105427,2010,8.38,84.37,6620.0
2105427,2022,14.26,85.65,7302.0
2105450,2000,3.99,79.43,1079.0
2105450,2010,31.38,92.66,2138.0
2105450,2022,6.58,62.02,2280.0
2105476,2000,2.84,20.13,2076.0
2105476,2010,2.64,67.04,3638.0
2105476,2022,10.43,44.31,4678.0
2105500,2000,1.84,65.17,5395.0
2105500,2010,7.2,84.84,5401.0
2105500,2022,42.89,82.91,7626.0
2105609,2000,8.7,42.09,3172.0
2105609,2010,2.86,85.31,3913.0
2105609,2022,22.37,47.83,4466.0
2105658,2000,9.02,0.09,1086.0
2105658,2010,51.42,67.14,986.0
2105658,2022,1.4,42.7,1499.0
2105708,2000,4.5,12.47,8940.0
2105708,2010,18.16,20.14,11436.0
2105708,2022,28.84,27.59,13477.0
2105807,2000,5.19,26.27,2120.0
2105807,2010,20.4,46.55,2593.0
2105807,2022,53.54,51.31,2869.0
2105906,2000,14.3,14.78,2699.0
2105906,2010,12.21,51.76,3684.0
2105906,2022,42.55,57.06,4306.0
2105922,2000,0.05,17.92,2065.0
2105922,2010,1.27,74.96,2684.0
2105922,2022,29.52,72.62,3167.0
2105948,2000,21.76,15.64,1893.0
2105948,2010,0.92,65.31,2061.0
2105948,2022,6.61,42.32,2800.0
2105963,2000,2.07,1.84,1735.0
2105963,2010,3.99,61.02,2404.0
2105963,2022,2.23,79.98,3366.0
2105989,2000,16.95,43.58,1168.0
2105989,2010,5.84,63.13,1831.0
2105989,2022,68.02,64.65,2342.0
2106003,2000,21.15,52.83,2648.0
2106003,2010,9.19,77.01,3188.0
2106003,2022,57.58,76.17,3659.0
2106102,2000,6.24,38.61,2036.0
2106102,2010,13.97,58.61,2670.0
2106102,2022,80.42,60.57,3203.0
2106201,2000,0.17,51.84,1198.0
2106201,2010,35.85,56.14,1587.0
2106201,2022,2.36,40.76,2115.0
2106300,2000,0.45,53.62,2680.0
2106300,2010,20.52,80.86,4044.0
2106300,2022,3.13,87.26,4214.0
2106326,2000,10.95,17.04,2941.0
2106326,2010,41.24,31.61,4610.0
2106326,2022,8.55,33.7,6000.0
2106359,2000,0.43,0.79,1391.0
2106359,2010,7.39,10.01,1759.0
2106359,2022,16.32,12.36,1918.0
2106375,2000,2.02,26.69,1682.0
2106375,2010,44.14,50.79,3095.0
2106375,2022,3.31,50.51,3326.0
2106409,2000,11.87,49.68,2494.0
2106409,2010,15.52,66.55,3537.0
2106409,2022,13.74,42.04,4803.0
2106508,2000,9.1,32.97,4110.0
2106508,2010,10.15,40.57,5576.0
2106508,2022,3.06,40.53,6819.0
2106607,2000,5.8,33.19,5757.0
2106607,2010,4.66,64.54,7591.0
2106607,2022,23.99,81.13,9369.0
2106631,2000,7.3,25.45,1603.0
2106631,2010,2.41,38.75,2529.0
2106631,2022,12.96,48.86,3903.0
2106672,2000,0.1,0.1,1036.0
2106672,2010,9.89,38.63,1799.0
2106672,2022,0.63,34.74,2369.0
2106706,2000,13.61,38.43,4268.0
2106706,2010,2.53,43.37,4897.0
2106706,2022,5.18,54.34,6233.0
2106755,2000,27.47,61.47,3600.0
2106755,2010,6.51,74.9,5195.0
2106755,2022,28.66,63.88,6595.0
2106805,2000,0.18,22.96,2714.0
2106805,2010,3.67,60.21,3546.0
2106805,2022,64.2,64.22,4531.0
2106904,2000,6.3,36.1,5416.0
2106904,2010,7.6,67.22,7473.0
2106904,2022,17.56,64.61,7956.0
2107001,2000,1.65,52.12,2243.0
2107001,2010,5.61,60.26,2388.0
2107001,2022,77.91,68.63,2888.0
2107100,2000,0.47,30.11,2747.0
2107100,2010,3.29,33.75,3772.0
2107100,2022,11.29,32.54,5181.0
2107209,2000,19.63,36.65,1640.0
2107209,2010,7.13,50.08,2540.0
2107209,2022,2.61,44.55,3526.0
2107258,2000,4.18,47.49,718.0
2107258,2010,0.59,53.28,1188.0
2107258,2022,1.36,57.64,1473.0
2107308,2000,14.79,53.88,1082.0
2107308,2010,15.08,56.17,1207.0
2107308,2022,41.08,51.12,1334.0
2107357,2000,13.35,21.02,3154.0
2107357,2010,2.48,36.09,4525.0
2107357,2022,20.78,35.05,4297.0
2107407,2000,28.63,36.82,3360.0
2107407,2010,12.99,43.39,4856.0
2107407,2022,49.24,62.49,5668.0
2107456,2000,2.52,18.69,2146.0
2107456,2010,7.89,52.68,3259.0
2107456,2022,5.74,54.7,4161.0
2107506,2000,54.1,59.59,17600.0
2107506,2010,55.19,64.34,27114.0
2107506,2022,84.95,77.8,47860.0
2107605,2000,0.67,29.91,3748.0
2107605,2010,3.48,63.01,4947.0
2107605,2022,31.03,58.14,6061.0
2107704,2000,1.29,75.57,4097.0
2107704,2010,5.86,68.15,5288.0
2107704,2022,4.57,70.0,5883.0
2107803,2000,8.86,36.18,7096.0
2107803,2010,1.36,67.84,8647.0
2107803,2022,42.83,74.82,9448.0
2107902,2000,0.26,46.53,3415.0
2107902,2010,1.75,80.74,4568.0
2107902,2022,6.82,83.91,5296.0
2108009,2000,0.49,54.66,3452.0
2108009,2010,4.86,79.8,4688.0
2108009,2022,3.68,70.92,5712.0
2108058,2000,12.92,0.2,2051.0
2108058,2010,16.81,15.62,2926.0
2108058,2022,7.51,25.15,4418.0
2108108,2000,0.84,18.53,4070.0
2108108,2010,2.5,28.87,4752.0
2108108,2022,30.82,27.7,5957.0
2108207,2000,44.51,77.26,9371.0
2108207,2010,41.33,82.05,10637.0
2108207,2022,49.81,84.51,12106.0
2108256,2000,0.44,3.16,3634.0
2108256,2010,4.06,8.96,5315.0
2108256,2022,10.62,20.29,6940.0
2108306,2000,7.83,31.76,6105.0
2108306,2010,5.26,45.96,7883.0
2108306,2022,8.34,40.56,9678.0
2108405,2000,0.66,11.79,3045.0
2108405,2010,13.2,33.35,3598.0
2108405,2022,8.04,38.92,3782.0
2108454,2000,6.79,29.03,4093.0
2108454,2010,10.34,48.72,5591.0
2108454,2022,16.6,57.31,6198.0
2108504,2000,30.07,85.23,5919.0
2108504,2010,7.38,83.84,7754.0
2108504,2022,66.93,66.58,9431.0
2108603,2000,13.53,29.28,14507.0
2108603,2010,50.71,39.95,19494.0
2108603,2022,18.26,34.68,26145.0
2108702,2000,6.62,50.58,5880.0
2108702,2010,1.98,75.24,5395.0
2108702,2022,48.34,58.52,6514.0
2108801,2000,6.42,50.58,3363.0
2108801,2010,13.61,54.67,4165.0
2108801,2022,11.11,49.52,5240.0
2108900,2000,23.86,15.75,4896.0
2108900,2010,23.6,45.58,5305.0
2108900,2022,62.0,43.7,5705.0
2109007,2000,40.06,71.91,3852.0
2109007,2010,3.12,80.53,5645.0
2109007,2022,22.45,85.35,7807.0
2109056,2000,1.55,68.24,1225.0
2109056,2010,31.15,91.15,1560.0
2109056,2022,88.89,89.75,1873.0
2109106,2000,39.32,78.3,9021.0
2109106,2010,23.29,82.68,11914.0
2109106,2022,28.74,79.14,14340.0
2109205,2000,1.15,28.41,2080.0
2109205,2010,19.04,30.53,2489.0
2109205,2022,14.62,35.08,3161.0
2109239,2000,3.49,61.19,1090.0
2109239,2010,51.53,76.71,1473.0
2109239,2022,1.23,86.08,1386.0
2109270,2000,1.72,0.18,2787.0
2109270,2010,2.24,26.79,4009.0
2109270,2022,11.19,32.21,4934.0
2109304,2000,7.87,29.88,2085.0
2109304,2010,4.94,31.34,2511.0
2109304,2022,6.62,25.97,3111.0
2109403,2000,11.41,9.22,2007.0
2109403,2010,7.28,16.57,2981.0
2109403,2022,7.52,45.31,3604.0
2109452,2000,8.16,71.01,3601.0
2109452,2010,17.46,78.5,6552.0
2109452,2022,37.47,86.15,9508.0
2109502,2000,20.32,48.53,4469.0
2109502,2010,10.29,58.14,5277.0
2109502,2022,20.17,58.12,7145.0
2109551,2000,13.81,31.97,1398.0
2109551,2010,20.83,55.96,1896.0
2109551,2022,14.42,68.56,2427.0
2109601,2000,4.61,66.88,7087.0
2109601,2010,7.51,60.51,9456.0
2109601,2022,40.41,54.35,12124.0
2109700,2000,0.28,38.86,1055.0
2109700,2010,16.22,40.18,1369.0
2109700,2022,18.4,37.28,1679.0
2109759,2000,10.07,66.67,993.0
2109759,2010,10.67,88.93,1752.0
2109759,2022,12.04,94.9,2001.0
2109809,2000,0.43,5.07,6514.0
2109809,2010,4.51,9.56,8812.0
2109809,2022,11.95,21.61,11022.0
2109908,2000,53.16,84.73,15007.0
2109908,2010,36.06,94.74,20262.0
2109908,2022,69.38,85.43,26886.0
2110005,2000,14.54,48.47,14315.0
2110005,2010,9.72,65.74,17454.0
2110005,2022,20.79,67.62,17039.0
2110039,2000,17.86,27.12,4137.0
2110039,2010,14.64,64.39,5370.0
2110039,2022,4.85,55.33,7134.0
2110104,2000,9.07,33.28,5315.0
2110104,2010,3.21,48.02,6356.0
2110104,2022,46.05,58.59,6491.0
2110203,2000,0.42,45.56,5474.0
2110203,2010,13.71,60.89,7919.0
2110203,2022,5.14,46.35,11311.0
2110237,2000,1.68,0.19,2081.0
2110237,2010,8.15,83.69,2490.0
2110237,2022,11.69,80.12,2952.0
2110278,2000,0.24,0.42,1652.0
2110278,2010,0.92,6.43,2597.0
2110278,2022,52.37,4.25,3550.0
2110302,2000,17.47,34.96,3235.0
2110302,2010,5.17,65.01,3712.0
2110302,2022,30.55,77.8,4360.0
2110401,2000,12.12,33.76,3217.0
2110401,2010,21.64,39.58,3919.0
2110401,2022,10.0,28.45,5019.0
2110500,2000,7.31,43.11,7045.0
2110500,2010,10.25,56.6,9664.0
2110500,2022,4.72,60.18,11901.0
2110609,2000,10.27,42.57,4625.0
2110609,2010,11.44,46.56,6270.0
2110609,2022,31.8,42.64,7765.0
2110658,2000,25.08,42.05,1296.0
2110658,2010,1.19,55.75,1679.0
2110658,2022,19.88,67.99,2249.0
2110708,2000,17.81,74.86,7395.0
2110708,2010,19.86,86.95,8864.0
2110708,2022,15.31,81.85,10769.0
2110807,2000,1.9,21.49,1103.0
2110807,2010,0.99,7.34,1212.0
2110807,2022,3.89,37.95,1415.0
2110856,2000,22.62,70.43,1552.0
2110856,2010,9.08,64.59,2677.0
2110856,2022,12.48,70.85,2837.0
2110906,2000,1.55,27.06,3041.0
2110906,2010,1.16,37.88,3287.0
2110906,2022,1.65,54.65,3808.0
2111003,2000,10.87,8.31,4102.0
2111003,2010,23.05,39.3,5063.0
2111003,2022,12.89,43.47,5903.0
2111029,2000,2.83,19.86,2513.0
2111029,2010,1.23,55.19,2609.0
2111029,2022,5.13,78.56,3316.0
2111052,2000,14.59,41.25,2131.0
2111052,2010,2.51,61.48,2874.0
2111052,2022,1.28,65.14,3207.0
2111078,2000,1.75,17.88,3372.0
2111078,2010,2.7,72.18,4260.0
2111078,2022,48.61,75.5,5135.0
2111102,2000,29.01,78.01,5580.0
2111102,2010,1.21,90.65,7013.0
2111102,2022,6.2,78.25,8272.0
2111201,2000,40.8,68.66,23430.0
2111201,2010,45.71,65.1,42562.0
2111201,2022,79.18,75.63,81056.0
2111250,2000,10.45,32.49,1579.0
2111250,2010,1.98,88.87,1868.0
2111250,2022,1.09,91.65,2108.0
2111300,2000,52.44,78.76,202231.0
2111300,2010,66.45,76.36,276812.0
2111300,2022,83.24,68.08,348724.0
2111409,2000,1.21,25.6,5126.0
2111409,2010,8.99,59.22,5228.0
2111409,2022,59.44,62.37,5560.0
2111508,2000,0.4,41.36,7768.0
2111508,2010,7.49,49.06,9814.0
2111508,2022,27.23,52.23,11953.0
2111532,2000,19.32,23.24,2427.0
2111532,2010,3.98,81.27,3012.0
2111532,2022,4.22,82.65,3936.0
2111573,2000,13.56,39.83,811.0
2111573,2010,0.27,59.82,1105.0
2111573,2022,7.61,60.27,1709.0
2111607,2000,1.54,53.74,3180.0
2111607,2010,5.54,69.92,4438.0
2111607,2022,16.78,69.04,5794.0
2111631,2000,3.23,13.7,1299.0
2111631,2010,13.9,64.04,1396.0
2111631,2022,13.83,84.33,1685.0
2111672,2000,0.57,45.71,875.0
2111672,2010,24.32,61.55,1316.0
2111672,2022,33.41,77.88,1365.0
2111706,2000,8.14,16.89,3884.0
2111706,2010,4.34,23.95,5143.0
2111706,2022,16.37,42.66,6243.0
2111722,2000,1.28,27.24,2184.0
2111722,2010,4.0,77.53,2497.0
2111722,2022,19.35,81.92,2450.0
2111748,2000,5.31,12.23,1995.0
2111748,2010,2.25,48.04,2581.0
2111748,2022,0.46,70.47,3027.0
2111763,2000,6.18,61.95,3606.0
2111763,2010,18.32,86.43,4526.0
2111763,2022,26.51,84.78,4605.0
2111789,2000,1.14,20.4,2010.0
2111789,2010,0.66,58.52,2736.0
2111789,2022,38.6,70.04,3148.0
2111805,2000,19.24,34.76,3061.0
2111805,2010,3.56,48.69,4099.0
2111805,2022,12.87,49.47,5197.0
2111904,2000,0.56,36.13,2311.0
2111904,2010,1.22,67.81,2700.0
2111904,2022,10.81,68.08,3127.0
2111953,2000,0.1,52.43,967.0
2111953,2010,0.91,84.74,1212.0
2111953,2022,64.62,77.71,1566.0
2112001,2000,23.84,43.2,1338.0
2112001,2010,1.91,70.82,1936.0
2112001,2022,37.79,78.47,2638.0
2112100,2000,8.26,40.14,5800.0
2112100,2010,14.88,50.83,6541.0
2112100,2022,28.92,52.12,7575.0
2112209,2000,52.72,81.31,29399.0
2112209,2010,38.25,86.79,40487.0
2112209,2022,52.6,91.96,54199.0
2112233,2000,12.85,81.72,3922.0
2112233,2010,15.46,82.63,5102.0
2112233,2022,60.73,83.43,7272.0
2112274,2000,2.41,76.37,1202.0
2112274,2010,5.24,92.13,1373.0
2112274,2022,18.0,78.94,1567.0
2112308,2000,13.71,60.59,7967.0
2112308,2010,12.04,82.33,10433.0
2112308,2022,14.58,79.0,11376.0
2112407,2000,3.21,17.76,6233.0
2112407,2010,7.32,20.03,7778.0
2112407,2022,0.56,36.57,10226.0
2112456,2000,0.27,1.75,3772.0
2112456,2010,6.42,28.9,5205.0
2112456,2022,3.65,31.19,7213.0
2112506,2000,0.74,27.62,6938.0
2112506,2010,3.53,36.33,11335.0
2112506,2022,8.91,58.16,14744.0
2112605,2000,12.26,25.73,3335.0
2112605,2010,19.5,45.56,5237.0
2112605,2022,9.57,44.06,8599.0
2112704,2000,0.83,39.06,7486.0
2112704,2010,20.03,41.32,11096.0
2112704,2022,12.85,41.31,12882.0
2112803,2000,16.56,29.05,9394.0
2112803,2010,29.77,36.25,12313.0
2112803,2022,29.45,29.14,15784.0
2112852,2000,3.27,63.29,1558.0
2112852,2010,0.99,65.2,2736.0
2112852,2022,4.35,75.21,3312.0
2112902,2000,26.33,53.93,6327.0
2112902,2010,19.27,81.32,7547.0
2112902,2022,1.87,74.53,9357.0
2113009,2000,3.83,27.15,6421.0
2113009,2010,10.82,44.62,8232.0
2113009,2022,16.32,51.8,9768.0
2114007,2000,18.3,30.57,9430.0
2114007,2010,9.68,54.96,11878.0
2114007,2022,28.13,58.9,12629.0
5100102,2000,60.68,57.64,1447.0
5100102,2010,8.27,70.02,1741.0
5100102,2022,15.1,66.72,1821.0
5100201,2000,8.18,66.54,4379.0
5100201,2010,14.11,75.97,6422.0
5100201,2022,25.4,82.95,10343.0
5100250,2000,5.32,28.91,12434.0
5100250,2010,18.06,60.77,15142.0
5100250,2022,46.13,72.68,20928.0
5100300,2000,34.23,78.17,3243.0
5100300,2010,7.62,85.39,5133.0
5100300,2022,23.48,86.47,6644.0
5100359,2000,14.8,18.79,1581.0
5100359,2010,25.97,40.29,1467.0
5100359,2022,68.89,69.33,1787.0
5100409,2000,2.41,78.44,2324.0
5100409,2010,3.63,84.8,3420.0
5100409,2022,6.83,90.49,4583.0
5100508,2000,1.51,73.01,2249.0
5100508,2010,22.62,62.65,3090.0
5100508,2022,24.01,71.09,3016.0
5100607,2000,9.51,76.84,1157.0
5100607,2010,1.84,89.76,2393.0
5100607,2022,6.23,94.86,3914.0
5100805,2000,2.0,0.46,1752.0
5100805,2010,5.44,38.6,2464.0
5100805,2022,10.87,47.38,2807.0
5101001,2000,3.52,44.81,993.0
5101001,2010,3.04,59.71,1087.0
5101001,2022,3.02,69.32,1457.0
5101209,2000,0.0,81.98,383.0
5101209,2010,9.56,85.27,387.0
5101209,2022,8.58,87.75,408.0
5101258,2000,10.05,74.65,3534.0
5101258,2010,11.1,80.77,4831.0
5101258,2022,35.76,86.45,5498.0
5101308,2000,8.29,66.99,2978.0
5101308,2010,17.72,75.44,3273.0
5101308,2022,33.26,85.07,3812.0
5101407,2000,19.88,27.98,6483.0
5101407,2010,3.91,60.24,5372.0
5101407,2022,26.04,57.99,7781.0
5101605,2000,21.71,44.7,1810.0
5101605,2010,22.86,46.71,2222.0
5101605,2022,19.93,37.78,2438.0
5101704,2000,15.72,55.54,6624.0
5101704,2010,27.36,76.61,9407.0
5101704,2022,55.04,86.37,10550.0
5101803,2000,47.73,87.95,14311.0
5101803,2010,55.39,90.17,17780.0
5101803,2022,69.26,93.6,25285.0
5101852,2010,2.21,1.43,1536.0
5101852,2022,19.85,3.35,2474.0
5101902,2000,0.93,46.02,2477.0
5101902,2010,8.42,61.39,4393.0
5101902,2022,32.49,64.23,5771.0
5102504,2000,44.64,56.75,21308.0
5102504,2010,60.59,73.08,25306.0
5102504,2022,65.76,77.7,31076.0
5102603,2000,6.28,38.93,2674.0
5102603,2010,12.47,44.12,2910.0
5102603,2022,6.34,53.06,3756.0
5102637,2000,7.72,84.3,4496.0
5102637,2010,22.57,92.4,8397.0
5102637,2022,72.75,93.83,15294.0
5102678,2000,4.22,74.93,4551.0
5102678,2010,10.58,78.23,9432.0
5102678,2022,81.27,88.1,15418.0
5102686,2000,0.88,64.12,800.0
5102686,2010,3.59,79.19,1504.0
5102686,2022,72.69,75.4,2882.0
5102694,2000,19.87,3.45,1042.0
5102694,2010,0.92,19.19,1407.0
5102694,2022,8.36,15.44,1567.0
5102702,2000,0.96,29.08,3869.0
5102702,2010,4.58,69.32,5655.0
5102702,2022,47.24,83.25,8878.0
5102793,2000,0.48,16.44,3121.0
5102793,2010,4.91,38.95,3399.0
5102793,2022,16.12,50.29,3784.0
5102850,2000,0.61,43.31,1981.0
5102850,2010,7.64,47.83,2513.0
5102850,2022,4.22,51.51,2722.0
5103007,2000,13.38,54.59,4012.0
5103007,2010,33.51,63.16,5538.0
5103007,2022,41.79,67.25,6892.0
5103056,2000,3.59,74.39,2675.0
5103056,2010,18.21,76.47,3366.0
5103056,2022,83.51,72.84,3395.0
5103106,2000,0.44,31.37,1374.0
5103106,2010,1.88,39.25,1702.0
5103106,2022,8.39,52.15,2276.0
5103205,2000,1.67,53.09,7666.0
5103205,2010,18.02,70.47,9947.0
5103205,2022,34.96,69.78,11741.0
5103254,2010,3.1,22.3,7640.0
5103254,2022,19.09,23.78,8837.0
5103304,2000,17.91,57.12,3820.0
5103304,2010,19.96,69.08,5466.0
5103304,2022,45.97,70.89,6428.0
5103353,2000,0.28,1.06,4321.0
5103353,2010,23.03,30.76,7286.0
5103353,2022,39.36,50.07,11908.0
5103361,2010,6.8,67.39,1015.0
5103361,2022,14.34,72.97,1332.0
5103379,2000,1.53,2.79,1898.0
5103379,2010,4.65,7.21,4297.0
5103379,2022,4.76,6.8,3885.0
5103403,2000,73.68,91.43,127133.0
5103403,2010,80.87,93.61,165685.0
5103403,2022,89.65,94.32,232201.0
5103437,2010,1.06,31.59,1513.0
5103437,2022,19.0,27.3,1795.0
5103452,2000,13.53,51.47,1974.0
5103452,2010,6.27,81.35,2584.0
5103452,2022,5.44,88.02,2480.0
5103502,2000,2.28,66.19,4738.0
5103502,2010,23.08,74.98,5887.0
5103502,2022,48.61,81.62,7504.0
5103601,2000,0.94,78.53,2333.0
5103601,2010,6.07,81.32,2735.0
5103601,2022,44.38,81.0,3026.0
5103700,2000,3.1,35.87,1645.0
5103700,2010,6.16,66.94,2940.0
5103700,2022,7.58,73.37,3350.0
5103809,2000,0.36,38.31,1125.0
5103809,2010,1.74,54.06,1206.0
5103809,2022,1.4,60.53,1211.0
5103858,2000,16.02,48.07,905.0
5103858,2010,10.81,52.54,1517.0
5103858,2022,33.25,69.14,2683.0
5103908,2000,0.19,60.71,1041.0
5103908,2010,18.28,59.42,1422.0
5103908,2022,9.92,53.93,1895.0
5103957,2000,0.31,25.13,963.0
5103957,2010,6.3,53.35,1031.0
5103957,2022,4.76,59.75,1113.0
5104104,2000,2.23,14.02,6996.0
5104104,2010,2.52,66.21,9391.0
5104104,2022,50.6,74.09,10908.0
5104203,2000,48.24,88.45,3499.0
5104203,2010,64.7,76.63,4618.0
5104203,2022,75.12,83.1,4402.0
5104500,2000,2.91,54.1,549.0
5104500,2010,4.12,79.52,752.0
5104500,2022,41.94,63.32,837.0
5104526,2010,2.12,66.52,1559.0
5104526,2022,22.66,71.48,2546.0
5104542,2010,2.23,70.13,1570.0
5104542,2022,14.89,71.59,2552.0
5104559,2000,1.12,58.04,2152.0
5104559,2010,9.22,81.07,1389.0
5104559,2022,8.21,83.34,1741.0
5104609,2000,13.19,66.57,2501.0
5104609,2010,3.15,73.88,3618.0
5104609,2022,43.58,73.4,4293.0
5104807,2000,32.31,88.82,6200.0
5104807,2010,35.3,90.89,8154.0
5104807,2022,82.8,91.41,10288.0
5104906,2000,11.17,52.78,1639.0
5104906,2010,7.89,44.74,1978.0
5104906,2022,3.45,76.26,2548.0
5105002,2000,1.14,32.27,3062.0
5105002,2010,11.42,57.73,3213.0
5105002,2022,40.21,63.73,3091.0
5105101,2000,9.76,52.45,7585.0
5105101,2010,16.0,71.59,10010.0
5105101,2022,55.1,73.57,12121.0
5105150,2000,3.14,22.5,9678.0
5105150,2010,7.88,33.98,11930.0
5105150,2022,23.73,59.46,16708.0
5105176,2000,1.39,37.76,1369.0
5105176,2010,30.59,46.2,3184.0
5105176,2022,11.0,65.27,3619.0
5105200,2000,4.54,67.56,3416.0
5105200,2010,7.38,76.14,3739.0
5105200,2022,33.4,70.9,4326.0
5105234,2000,9.73,41.35,1202.0
5105234,2010,6.28,57.13,1689.0
5105234,2022,11.55,66.22,1723.0
5105259,2000,5.58,78.08,5165.0
5105259,2010,47.38,91.27,13769.0
5105259,2022,75.27,94.61,27725.0
5105309,2000,0.17,67.28,596.0
5105309,2010,0.76,82.47,656.0
5105309,2022,4.63,77.22,821.0
5105507,2000,7.51,18.66,2996.0
5105507,2010,13.09,20.35,4010.0
5105507,2022,38.53,33.35,5367.0
5105580,2000,1.73,48.78,3700.0
5105580,2010,2.17,62.71,3738.0
5105580,2022,11.1,73.89,3830.0
5105606,2000,0.58,41.61,2949.0
5105606,2010,9.22,65.74,4262.0
5105606,2022,61.14,74.09,6865.0
5105622,2000,24.78,36.18,6232.0
5105622,2010,30.9,59.17,7916.0
5105622,2022,40.76,66.24,9863.0
5105903,2000,16.22,72.42,3637.0
5105903,2010,20.1,77.76,4478.0
5105903,2022,86.3,86.74,5262.0
5106000,2000,15.67,80.51,1883.0
5106000,2010,14.32,76.85,2004.0
5106000,2022,31.99,82.11,2135.0
5106109,2000,1.54,24.96,3121.0
5106109,2010,29.32,32.29,3568.0
5106109,2022,50.61,37.28,4598.0
5106158,2000,0.5,23.58,1794.0
5106158,2010,24.06,31.67,3445.0
5106158,2022,10.44,42.01,4935.0
5106174,2010,8.55,47.76,760.0
5106174,2022,49.61,48.9,1141.0
5106182,2000,10.34,43.95,851.0
5106182,2010,41.1,54.23,1630.0
5106182,2022,14.87,53.56,2360.0
5106190,2010,10.7,59.53,1112.0
5106190,2022,1.26,67.2,1506.0
5106208,2000,7.51,63.02,1452.0
5106208,2010,20.83,70.83,1450.0
5106208,2022,1.56,73.31,1540.0
5106216,2000,0.61,28.98,2950.0
5106216,2010,15.32,46.13,3891.0
5106216,2022,3.54,60.57,4289.0
5106224,2000,3.22,72.59,3761.0
5106224,2010,31.71,83.09,9429.0
5106224,2022,42.96,88.13,18174.0
5106232,2000,3.41,78.41,3700.0
5106232,2010,6.35,89.04,5102.0
5106232,2022,2.44,88.13,5745.0
5106240,2000,6.9,62.78,841.0
5106240,2010,5.13,58.99,2748.0
5106240,2022,9.93,73.16,3745.0
5106257,2000,3.34,74.86,5060.0
5106257,2010,24.1,76.29,6378.0
5106257,2022,77.77,81.36,9282.0
5106265,2000,4.63,14.55,1210.0
5106265,2010,0.85,24.17,2242.0
5106265,2022,29.75,38.25,2225.0
5106273,2000,0.35,44.92,846.0
5106273,2010,7.46,54.23,1193.0
5106273,2022,32.27,57.61,1255.0
5106281,2000,4.41,41.79,2424.0
5106281,2010,25.4,58.22,2063.0
5106281,2022,32.26,65.02,2536.0
5106299,2000,5.51,25.26,2561.0
5106299,2010,0.78,44.96,3214.0
5106299,2022,6.84,59.07,4080.0
5106307,2000,1.23,57.13,3732.0
5106307,2010,18.34,76.28,5932.0
5106307,2022,46.51,79.47,9142.0
5106315,2010,12.21,5.52,598.0
5106315,2022,13.32,22.28,736.0
5106372,2000,9.03,80.14,3590.0
5106372,2010,11.91,76.07,5106.0
5106372,2022,37.21,83.96,6654.0
5106422,2000,8.3,50.91,6012.0
5106422,2010,6.79,56.04,8695.0
5106422,2022,62.41,71.78,10880.0
5106455,2000,20.03,58.73,739.0
5106455,2010,6.37,77.52,863.0
5106455,2022,0.89,77.23,1120.0
5106505,2000,14.52,61.77,7363.0
5106505,2010,3.92,68.44,8885.0
5106505,2022,22.27,71.8,10381.0
5106653,2000,1.63,75.7,1041.0
5106653,2010,16.96,79.2,1745.0
5106653,2022,42.07,83.3,2622.0
5106703,2000,66.26,81.44,652.0
5106703,2010,1.08,86.9,649.0
5106703,2022,0.84,85.97,834.0
5106752,2000,11.54,35.82,11472.0
5106752,2010,35.68,62.6,12776.0
5106752,2022,63.23,76.4,18304.0
5106778,2000,4.78,33.29,2136.0
5106778,2010,4.92,51.26,3008.0
5106778,2022,12.8,54.94,4070.0
5106802,2000,4.38,54.34,1485.0
5106802,2010,7.05,68.28,1759.0
5106802,2022,57.69,76.62,2049.0
5106828,2000,4.18,34.89,2442.0
5106828,2010,4.6,49.48,3193.0
5106828,2022,37.84,59.44,3457.0
5106851,2000,0.27,42.52,1129.0
5106851,2010,34.23,62.65,1119.0
5106851,2022,19.17,54.88,1179.0
5107008,2000,10.87,70.09,5583.0
5107008,2010,40.35,71.35,5658.0
5107008,2022,27.14,51.44,8326.0
5107040,2000,19.18,45.15,10387.0
5107040,2010,47.57,71.51,15771.0
5107040,2022,85.22,83.7,28967.0
5107065,2000,0.54,6.81,1835.0
5107065,2010,6.13,54.66,3657.0
5107065,2022,20.55,84.11,8459.0
5107107,2000,76.3,63.95,5321.0
5107107,2010,19.66,72.3,6108.0
5107107,2022,42.23,76.96,6780.0
5107156,2000,1.35,64.51,665.0
5107156,2010,14.75,70.25,827.0
5107156,2022,12.83,78.3,834.0
5107180,2000,2.42,36.12,2356.0
5107180,2010,36.47,56.79,2701.0
5107180,2022,10.02,66.47,3504.0
5107198,2000,0.83,75.66,604.0
5107198,2010,32.3,84.25,743.0
5107198,2022,39.41,87.62,1010.0
5107206,2000,0.48,75.55,1444.0
5107206,2010,1.36,84.77,1687.0
5107206,2022,13.7,83.49,1744.0
5107248,2000,3.02,67.76,729.0
5107248,2010,9.9,74.4,1172.0
5107248,2022,49.45,75.74,1731.0
5107263,2000,1.95,25.18,822.0
5107263,2010,10.69,47.03,1010.0
5107263,2022,35.84,63.85,957.0
5107297,2000,9.99,56.88,821.0
5107297,2010,6.85,72.96,1154.0
5107297,2022,0.7,44.52,1141.0
5107305,2000,1.31,79.95,3217.0
5107305,2010,3.53,77.71,4926.0
5107305,2022,18.85,84.18,5189.0
5107354,2000,0.8,31.25,1501.0
5107354,2010,4.16,70.36,1515.0
5107354,2022,11.16,82.07,1935.0
5107404,2000,5.42,75.31,960.0
5107404,2010,4.1,89.03,1294.0
5107404,2022,18.28,92.15,1515.0
5107578,2010,3.4,1.86,970.0
5107578,2022,5.4,28.31,1074.0
5107602,2000,36.83,91.36,40804.0
5107602,2010,48.42,94.01,61398.0
5107602,2022,91.89,93.9,86838.0
5107701,2000,4.97,56.05,4446.0
5107701,2010,15.72,57.66,5172.0
5107701,2022,29.33,59.51,5523.0
5107743,2010,30.74,62.48,605.0
5107743,2022,17.64,69.33,890.0
5107750,2000,39.32,48.97,1264.0
5107750,2010,4.76,55.85,1282.0
5107750,2022,5.05,57.18,1385.0
5107768,2010,2.93,58.72,717.0
5107768,2022,68.95,64.95,1050.0
5107776,2000,27.97,36.15,1430.0
5107776,2010,45.17,42.96,2039.0
5107776,2022,2.44,40.93,2338.0
5107792,2010,3.13,58.32,1022.0
5107792,2022,7.82,64.01,1292.0
5107800,2000,19.11,36.47,3699.0
5107800,2010,10.23,46.06,5573.0
5107800,2022,32.08,51.03,5124.0
5107859,2000,1.01,36.81,2768.0
5107859,2010,17.61,55.18,3293.0
5107859,2022,15.71,58.25,4639.0
5107875,2000,4.94,70.24,2107.0
5107875,2010,40.96,83.41,5390.0
5107875,2022,79.84,91.8,9291.0
5107883,2010,8.66,52.39,439.0
5107883,2022,0.94,10.61,641.0
5107909,2000,6.27,20.21,19374.0
5107909,2010,11.14,69.72,34020.0
5107909,2022,46.12,89.17,68530.0
5107925,2000,24.09,74.75,9432.0
5107925,2010,12.35,87.48,19887.0
5107925,2022,55.63,92.27,37031.0
5107941,2000,0.37,3.01,2689.0
5107941,2010,9.44,50.31,3083.0
5107941,2022,14.88,66.76,3300.0
5107958,2000,37.73,70.76,15429.0
5107958,2010,39.8,87.67,25605.0
5107958,2022,48.17,89.41,38055.0
5108006,2000,6.56,61.24,2606.0
5108006,2010,20.1,74.61,2607.0
5108006,2022,20.64,79.47,4598.0
5108055,2000,7.03,14.49,3443.0
5108055,2010,12.32,45.97,3572.0
5108055,2022,15.45,54.51,3845.0
5108105,2000,5.06,69.54,929.0
5108105,2010,8.9,68.3,1123.0
5108105,2022,45.28,73.25,1155.0
5108204,2000,28.14,74.71,1368.0
5108204,2010,22.07,76.48,1450.0
5108204,2022,24.32,74.32,1702.0
5108303,2000,0.1,70.06,1032.0
5108303,2010,1.14,72.39,1141.0
5108303,2022,52.95,62.05,1320.0
5108352,2010,0.31,41.1,961.0
5108352,2022,23.04,46.81,1098.0
5108402,2000,40.71,78.51,55079.0
5108402,2010,48.35,83.33,74641.0
5108402,2022,72.32,83.24,103287.0
5108501,2000,63.64,31.5,2200.0
5108501,2010,2.83,61.48,2965.0
5108501,2022,16.36,77.26,4284.0
5108600,2000,8.86,16.8,3792.0
5108600,2010,39.02,13.92,6076.0
5108600,2022,23.76,21.73,6881.0
5108808,2000,1.31,34.83,1378.0
5108808,2010,1.0,39.0,1505.0
5108808,2022,63.35,62.63,1670.0
5108857,2000,0.66,52.3,610.0
5108857,2010,0.76,58.79,922.0
5108857,2022,72.52,74.94,1241.0
5108907,2000,0.29,50.44,1019.0
5108907,2010,20.46,73.56,1872.0
5108907,2022,47.06,72.83,1925.0
5108956,2000,1.02,0.17,1768.0
5108956,2010,4.21,1.68,2496.0
5108956,2022,1.47,15.57,2987.0
