uf,etapa,ano,ideb,meta,atingiu
AC,anos finais,2005,3.5,,
AC,anos finais,2007,3.8,3.5,1
AC,anos finais,2009,4.1,3.7,1
AC,anos finais,2011,4.2,4.0,1
AC,anos finais,2013,4.4,4.4,1
AC,anos finais,2015,4.5,4.8,0
AC,anos finais,2017,4.7,5.0,0
AC,anos finais,2019,4.9,5.3,0
AC,anos finais,2021,4.8,5.5,0
AC,anos finais,2023,4.8,,
AC,anos finais,2025,4.9,,
AC,anos iniciais,2005,3.4,,
AC,anos iniciais,2007,3.8,3.5,1
AC,anos iniciais,2009,4.3,3.8,1
AC,anos iniciais,2011,4.6,4.3,1
AC,anos iniciais,2013,5.1,4.5,1
AC,anos iniciais,2015,5.4,4.8,1
AC,anos iniciais,2017,5.8,5.1,1
AC,anos iniciais,2019,5.9,5.4,1
AC,anos iniciais,2021,5.5,5.7,0
AC,anos iniciais,2023,5.8,,
AC,anos iniciais,2025,6.3,,
AC,ensino médio,2005,3.2,,
AC,ensino médio,2007,3.5,3.2,1
AC,ensino médio,2009,3.5,3.3,1
AC,ensino médio,2011,3.4,3.5,0
AC,ensino médio,2013,3.4,3.8,0
AC,ensino médio,2015,3.6,4.1,0
AC,ensino médio,2017,3.8,4.5,0
AC,ensino médio,2019,3.9,4.8,0
AC,ensino médio,2021,4.0,5.0,0
AC,ensino médio,2023,4.0,,
AC,ensino médio,2025,4.2,,
AM,anos finais,2005,2.7,,
AM,anos finais,2007,3.3,2.8,1
AM,anos finais,2009,3.5,2.9,1
AM,anos finais,2011,3.8,3.2,1
AM,anos finais,2013,3.9,3.6,1
AM,anos finais,2015,4.4,4.0,1
AM,anos finais,2017,4.5,4.2,1
AM,anos finais,2019,4.6,4.5,1
AM,anos finais,2021,4.7,4.8,0
AM,anos finais,2023,4.8,,
AM,anos finais,2025,4.9,,
AM,anos iniciais,2005,3.1,,
AM,anos iniciais,2007,3.6,3.1,1
AM,anos iniciais,2009,3.9,3.5,1
AM,anos iniciais,2011,4.3,3.9,1
AM,anos iniciais,2013,4.7,4.2,1
AM,anos iniciais,2015,5.2,4.5,1
AM,anos iniciais,2017,5.4,4.8,1
AM,anos iniciais,2019,5.5,5.1,1
AM,anos iniciais,2021,5.4,5.4,1
AM,anos iniciais,2023,5.7,,
AM,anos iniciais,2025,6.0,,
AM,ensino médio,2005,2.4,,
AM,ensino médio,2007,2.9,2.4,1
AM,ensino médio,2009,3.3,2.5,1
AM,ensino médio,2011,3.5,2.7,1
AM,ensino médio,2013,3.2,3.0,1
AM,ensino médio,2015,3.7,3.3,1
AM,ensino médio,2017,3.5,3.7,0
AM,ensino médio,2019,3.6,4.0,0
AM,ensino médio,2021,3.7,4.2,0
AM,ensino médio,2023,3.8,,
AM,ensino médio,2025,3.8,,
AP,anos finais,2005,3.5,,
AP,anos finais,2007,3.5,3.6,0
AP,anos finais,2009,3.6,3.7,0
AP,anos finais,2011,3.7,4.0,0
AP,anos finais,2013,3.6,4.4,0
AP,anos finais,2015,3.7,4.8,0
AP,anos finais,2017,3.8,5.0,0
AP,anos finais,2019,4.0,5.3,0
AP,anos finais,2021,4.1,5.5,0
AP,anos finais,2023,4.3,,
AP,anos finais,2025,4.6,,
AP,anos iniciais,2005,3.2,,
AP,anos iniciais,2007,3.4,3.2,1
AP,anos iniciais,2009,3.8,3.6,1
AP,anos iniciais,2011,4.1,4.0,1
AP,anos iniciais,2013,4.0,4.3,0
AP,anos iniciais,2015,4.5,4.6,0
AP,anos iniciais,2017,4.6,4.9,0
AP,anos iniciais,2019,4.9,5.2,0
AP,anos iniciais,2021,4.9,5.4,0
AP,anos iniciais,2023,5.0,,
AP,anos iniciais,2025,5.5,,
AP,ensino médio,2005,2.9,,
AP,ensino médio,2007,2.8,2.9,0
AP,ensino médio,2009,3.1,3.0,1
AP,ensino médio,2011,3.1,3.2,0
AP,ensino médio,2013,3.0,3.5,0
AP,ensino médio,2015,3.3,3.8,0
AP,ensino médio,2017,3.2,4.3,0
AP,ensino médio,2019,3.4,4.5,0
AP,ensino médio,2021,3.3,4.8,0
AP,ensino médio,2023,3.8,,
AP,ensino médio,2025,4.0,,
MA,anos finais,2005,3.0,,
MA,anos finais,2007,3.3,3.0,1
MA,anos finais,2009,3.6,3.2,1
MA,anos finais,2011,3.6,3.5,1
MA,anos finais,2013,3.6,3.9,0
MA,anos finais,2015,3.8,4.2,0
MA,anos finais,2017,3.9,4.5,0
MA,anos finais,2019,4.2,4.8,0
MA,anos finais,2021,4.3,5.0,0
MA,anos finais,2023,4.5,,
MA,anos finais,2025,4.7,,
MA,anos iniciais,2005,2.9,,
MA,anos iniciais,2007,3.7,2.9,1
MA,anos iniciais,2009,3.9,3.3,1
MA,anos iniciais,2011,4.1,3.7,1
MA,anos iniciais,2013,4.1,4.0,1
MA,anos iniciais,2015,4.6,4.2,1
MA,anos iniciais,2017,4.8,4.5,1
MA,anos iniciais,2019,5.0,4.8,1
MA,anos iniciais,2021,5.0,5.2,0
MA,anos iniciais,2023,5.4,,
MA,anos iniciais,2025,5.7,,
MA,ensino médio,2005,2.7,,
MA,ensino médio,2007,3.0,2.8,1
MA,ensino médio,2009,3.2,2.9,1
MA,ensino médio,2011,3.1,3.0,1
MA,ensino médio,2013,3.0,3.3,0
MA,ensino médio,2015,3.3,3.6,0
MA,ensino médio,2017,3.5,4.1,0
MA,ensino médio,2019,3.8,4.3,0
MA,ensino médio,2021,3.6,4.6,0
MA,ensino médio,2023,3.8,,
MA,ensino médio,2025,3.9,,
MT,anos finais,2005,3.1,,
MT,anos finais,2007,3.8,3.1,1
MT,anos finais,2009,4.3,3.3,1
MT,anos finais,2011,4.5,3.5,1
MT,anos finais,2013,4.4,3.9,1
MT,anos finais,2015,4.6,4.3,1
MT,anos finais,2017,4.9,4.6,1
MT,anos finais,2019,4.8,4.9,0
MT,anos finais,2021,4.9,5.1,0
MT,anos finais,2023,4.9,,
MT,anos finais,2025,5.1,,
MT,anos iniciais,2005,3.6,,
MT,anos iniciais,2007,4.4,3.7,1
MT,anos iniciais,2009,4.9,4.0,1
MT,anos iniciais,2011,5.1,4.4,1
MT,anos iniciais,2013,5.3,4.7,1
MT,anos iniciais,2015,5.7,5.0,1
MT,anos iniciais,2017,5.9,5.3,1
MT,anos iniciais,2019,5.9,5.6,1
MT,anos iniciais,2021,5.8,5.9,0
MT,anos iniciais,2023,6.0,,
MT,anos iniciais,2025,6.3,,
MT,ensino médio,2005,3.1,,
MT,ensino médio,2007,3.2,3.1,1
MT,ensino médio,2009,3.2,3.2,1
MT,ensino médio,2011,3.3,3.4,0
MT,ensino médio,2013,3.0,3.7,0
MT,ensino médio,2015,3.2,4.0,0
MT,ensino médio,2017,3.5,4.4,0
MT,ensino médio,2019,3.6,4.7,0
MT,ensino médio,2021,3.8,4.9,0
MT,ensino médio,2023,4.4,,
MT,ensino médio,2025,4.4,,
PA,anos finais,2005,3.3,,
PA,anos finais,2007,3.3,3.4,0
PA,anos finais,2009,3.4,3.5,0
PA,anos finais,2011,3.7,3.8,0
PA,anos finais,2013,3.6,4.2,0
PA,anos finais,2015,3.8,4.6,0
PA,anos finais,2017,3.8,4.8,0
PA,anos finais,2019,4.1,5.1,0
PA,anos finais,2021,4.4,5.3,0
PA,anos finais,2023,4.4,,
PA,anos finais,2025,4.8,,
PA,anos iniciais,2005,2.8,,
PA,anos iniciais,2007,3.1,2.8,1
PA,anos iniciais,2009,3.6,3.1,1
PA,anos iniciais,2011,4.2,3.5,1
PA,anos iniciais,2013,4.0,3.8,1
PA,anos iniciais,2015,4.5,4.1,1
PA,anos iniciais,2017,4.7,4.4,1
PA,anos iniciais,2019,4.9,4.7,1
PA,anos iniciais,2021,4.9,5.0,0
PA,anos iniciais,2023,5.1,,
PA,anos iniciais,2025,5.6,,
PA,ensino médio,2005,2.8,,
PA,ensino médio,2007,2.7,2.9,0
PA,ensino médio,2009,3.1,2.9,1
PA,ensino médio,2011,2.8,3.1,0
PA,ensino médio,2013,2.9,3.4,0
PA,ensino médio,2015,3.1,3.7,0
PA,ensino médio,2017,3.1,4.2,0
PA,ensino médio,2019,3.4,4.4,0
PA,ensino médio,2021,3.2,4.7,0
PA,ensino médio,2023,4.4,,
PA,ensino médio,2025,4.6,,
RO,anos finais,2005,3.4,,
RO,anos finais,2007,3.4,3.4,1
RO,anos finais,2009,3.5,3.6,0
RO,anos finais,2011,3.7,3.8,0
RO,anos finais,2013,3.9,4.2,0
RO,anos finais,2015,4.2,4.6,0
RO,anos finais,2017,4.9,4.9,1
RO,anos finais,2019,4.9,5.1,0
RO,anos finais,2021,4.9,5.4,0
RO,anos finais,2023,4.8,,
RO,anos finais,2025,4.8,,
RO,anos iniciais,2005,3.6,,
RO,anos iniciais,2007,4.0,3.7,1
RO,anos iniciais,2009,4.3,4.0,1
RO,anos iniciais,2011,4.7,4.5,1
RO,anos iniciais,2013,5.2,4.7,1
RO,anos iniciais,2015,5.4,5.0,1
RO,anos iniciais,2017,5.8,5.3,1
RO,anos iniciais,2019,5.6,5.6,1
RO,anos iniciais,2021,5.4,5.9,0
RO,anos iniciais,2023,5.6,,
RO,anos iniciais,2025,6.1,,
RO,ensino médio,2005,3.2,,
RO,ensino médio,2007,3.2,3.2,1
RO,ensino médio,2009,3.7,3.3,1
RO,ensino médio,2011,3.7,3.5,1
RO,ensino médio,2013,3.6,3.8,0
RO,ensino médio,2015,3.6,4.1,0
RO,ensino médio,2017,4.0,4.5,0
RO,ensino médio,2019,4.3,4.8,0
RO,ensino médio,2021,4.1,5.0,0
RO,ensino médio,2023,4.2,,
RO,ensino médio,2025,4.2,,
RR,anos finais,2005,3.4,,
RR,anos finais,2007,3.7,3.5,1
RR,anos finais,2009,3.7,3.6,1
RR,anos finais,2011,3.7,3.9,0
RR,anos finais,2013,3.7,4.3,0
RR,anos finais,2015,3.8,4.7,0
RR,anos finais,2017,4.1,4.9,0
RR,anos finais,2019,4.3,5.2,0
RR,anos finais,2021,4.7,5.4,0
RR,anos finais,2023,4.3,,
RR,anos finais,2025,4.4,,
RR,anos iniciais,2005,3.7,,
RR,anos iniciais,2007,4.1,3.8,1
RR,anos iniciais,2009,4.3,4.1,1
RR,anos iniciais,2011,4.7,4.5,1
RR,anos iniciais,2013,5.0,4.8,1
RR,anos iniciais,2015,5.2,5.1,1
RR,anos iniciais,2017,5.5,5.4,1
RR,anos iniciais,2019,5.7,5.6,1
RR,anos iniciais,2021,5.5,5.9,0
RR,anos iniciais,2023,5.5,,
RR,anos iniciais,2025,5.9,,
RR,ensino médio,2005,3.5,,
RR,ensino médio,2007,3.5,3.5,1
RR,ensino médio,2009,3.4,3.6,0
RR,ensino médio,2011,3.6,3.8,0
RR,ensino médio,2013,3.4,4.0,0
RR,ensino médio,2015,3.6,4.4,0
RR,ensino médio,2017,3.5,4.8,0
RR,ensino médio,2019,3.9,5.1,0
RR,ensino médio,2021,3.9,5.3,0
RR,ensino médio,2023,3.5,,
RR,ensino médio,2025,3.8,,
TO,anos finais,2005,3.4,,
TO,anos finais,2007,3.7,3.4,1
TO,anos finais,2009,3.9,3.6,1
TO,anos finais,2011,4.1,3.8,1
TO,anos finais,2013,3.9,4.2,0
TO,anos finais,2015,4.1,4.6,0
TO,anos finais,2017,4.6,4.9,0
TO,anos finais,2019,4.7,5.1,0
TO,anos finais,2021,4.9,5.4,0
TO,anos finais,2023,4.9,,
TO,anos finais,2025,4.9,,
TO,anos iniciais,2005,3.5,,
TO,anos iniciais,2007,4.1,3.6,1
TO,anos iniciais,2009,4.5,3.9,1
TO,anos iniciais,2011,4.9,4.3,1
TO,anos iniciais,2013,5.1,4.6,1
TO,anos iniciais,2015,5.1,4.9,1
TO,anos iniciais,2017,5.6,5.2,1
TO,anos iniciais,2019,5.6,5.5,1
TO,anos iniciais,2021,5.3,5.7,0
TO,anos iniciais,2023,5.6,,
TO,anos iniciais,2025,5.9,,
TO,ensino médio,2005,3.1,,
TO,ensino médio,2007,3.2,3.1,1
TO,ensino médio,2009,3.4,3.2,1
TO,ensino médio,2011,3.6,3.4,1
TO,ensino médio,2013,3.3,3.6,0
TO,ensino médio,2015,3.4,4.0,0
TO,ensino médio,2017,3.8,4.4,0
TO,ensino médio,2019,4.0,4.7,0
TO,ensino médio,2021,4.2,4.9,0
TO,ensino médio,2023,4.2,,
TO,ensino médio,2025,4.3,,
