uf,norma,assunto,tipo_fonte,fonte,observacao
AC,Lei 2.308/2010,Sistema Estadual de Incentivos a Serviços Ambientais (SISA),oficial,https://sema.ac.gov.br/wp-content/uploads/2020/05/Lei_n._2.308_de_22.10.10_Cria_o_SISA_e_o_ISA.pdf,"Serviços ambientais e REDD+, não é uma política de clima em sentido estrito"
AP,Lei 3.128/2024,Política Estadual de Mudanças Climáticas e Serviços Ambientais (PECISA),oficial,https://diofe.portal.ap.gov.br/apifront/portal/edicoes/imprimir_materia/83808/2258,"DOE 8274, 22/10/2024; LC 169/2025 (código de governança socioambiental e clima) não conferida"
AM,Lei 3.135/2007 (alterada pela Lei 4.266/2015),Política Estadual sobre Mudanças Climáticas,oficial,https://legisla.imprensaoficial.am.gov.br/diario_am/12/2015/12/1709,
MA,Lei 12.301/2024,Política Estadual de Enfrentamento das Mudanças Climáticas,secundária (LegisWeb),https://www.legisweb.com.br/legislacao/?id=460466,
MT,LC 582/2017 (alterada pela LC 777/2023),Política Estadual de Mudanças Climáticas,secundária (LegisWeb),https://www.legisweb.com.br/legislacao/?id=335779,
PA,Lei 9.048/2020,Política Estadual sobre Mudanças Climáticas (PEMC/PA),oficial,https://www.pge.pa.gov.br/publicacoes/legilacoes-ambientais,
RO,Lei 4.437/2018,Política Estadual de Governança Climática e Serviços Ambientais (PGSA),secundária (LegisWeb),https://www.legisweb.com.br/legislacao/?id=372132,
RR,PL 147/2023 (aprovado em 11/03/2025),Política Estadual de Mudanças Climáticas,secundária (LegisWeb e notícia),https://www.legisweb.com.br/legislacao/?id=474460,"Número da lei sancionada não localizado; a Lei 2.115/2025 trata de emergência climática"
TO,Lei 1.917/2008,"Política Estadual sobre Mudanças Climáticas, Conservação Ambiental e Desenvolvimento Sustentável",secundária (LegisWeb),https://www.legisweb.com.br/legislacao/?id=171295,DOE 18/04/2008
