uf,ano,obitos_evitaveis_5a74
AC,2012,2023
AC,2013,2023
AC,2014,2034
AC,2015,2075
AC,2016,2260
AC,2017,2372
AC,2018,2525
AC,2019,2456
AC,2020,2999
AC,2021,3494
AC,2022,2445
AC,2023,2463
AC,2024,2541
AP,2012,1670
AP,2013,1734
AP,2014,1800
AP,2015,1904
AP,2016,1964
AP,2017,1968
AP,2018,2117
AP,2019,2229
AP,2020,3008
AP,2021,3239
AP,2022,2402
AP,2023,2471
AP,2024,2510
AM,2012,9086
AM,2013,9189
AM,2014,9766
AM,2015,10226
AM,2016,10354
AM,2017,10593
AM,2018,10870
AM,2019,11336
AM,2020,15393
AM,2021,19249
AM,2022,12462
AM,2023,12746
AM,2024,12724
MA,2012,17836
MA,2013,18674
MA,2014,19632
MA,2015,20025
MA,2016,20605
MA,2017,20681
MA,2018,20287
MA,2019,20040
MA,2020,25162
MA,2021,26853
MA,2022,22683
MA,2023,22279
MA,2024,23422
MT,2012,10609
MT,2013,10695
MT,2014,11170
MT,2015,11032
MT,2016,11397
MT,2017,11276
MT,2018,11526
MT,2019,11522
MT,2020,14993
MT,2021,19442
MT,2022,13430
MT,2023,13435
MT,2024,14046
PA,2012,21229
PA,2013,21429
PA,2014,22158
PA,2015,23168
PA,2016,24050
PA,2017,24615
PA,2018,24970
PA,2019,24690
PA,2020,31108
PA,2021,32790
PA,2022,27017
PA,2023,26350
PA,2024,27113
RO,2012,5103
RO,2013,4865
RO,2014,4959
RO,2015,4976
RO,2016,5342
RO,2017,5187
RO,2018,5047
RO,2019,5164
RO,2020,6591
RO,2021,9529
RO,2022,6305
RO,2023,6119
RO,2024,6172
RR,2012,1123
RR,2013,1275
RR,2014,1235
RR,2015,1376
RR,2016,1363
RR,2017,1596
RR,2018,1797
RR,2019,1799
RR,2020,2329
RR,2021,3016
RR,2022,2135
RR,2023,2093
RR,2024,1989
TO,2012,4002
TO,2013,4133
TO,2014,4334
TO,2015,4324
TO,2016,4531
TO,2017,4784
TO,2018,4545
TO,2019,4555
TO,2020,5457
TO,2021,7061
TO,2022,5433
TO,2023,5207
TO,2024,5384
