uf,ano,grupo,valor_mil_rs,quantidade_t
AC,2015,madeireiro,33213.0,781701.0
AC,2015,nao_madeireiro,47541.0,20178.0
AC,2016,madeireiro,24574.0,618702.0
AC,2016,nao_madeireiro,38304.0,13745.0
AC,2017,madeireiro,23915.0,592367.0
AC,2017,nao_madeireiro,33264.0,10041.0
AC,2018,madeireiro,22419.0,572329.0
AC,2018,nao_madeireiro,41461.0,12804.0
AC,2019,madeireiro,28081.0,636575.0
AC,2019,nao_madeireiro,44487.0,12663.0
AC,2020,madeireiro,31838.0,644951.0
AC,2020,nao_madeireiro,27438.0,12143.0
AC,2021,madeireiro,51922.0,788944.0
AC,2021,nao_madeireiro,63617.0,14289.0
AC,2022,madeireiro,51924.0,740226.0
AC,2022,nao_madeireiro,71208.0,14539.0
AC,2023,madeireiro,27807.0,478784.0
AC,2023,nao_madeireiro,85989.0,14831.0
AC,2024,madeireiro,34205.0,483669.0
AC,2024,nao_madeireiro,81638.0,15436.0
AM,2015,madeireiro,134597.0,1558206.0
AM,2015,nao_madeireiro,163533.0,82907.0
AM,2016,madeireiro,166538.0,1729742.0
AM,2016,nao_madeireiro,159597.0,76875.0
AM,2017,madeireiro,159562.0,1528436.0
AM,2017,nao_madeireiro,131919.0,63840.0
AM,2018,madeireiro,161547.0,1455574.0
AM,2018,nao_madeireiro,141383.0,63351.0
AM,2019,madeireiro,165947.0,1439172.0
AM,2019,nao_madeireiro,124759.0,60574.0
AM,2020,madeireiro,158711.0,1438948.0
AM,2020,nao_madeireiro,126044.0,60554.0
AM,2021,madeireiro,146800.0,1445324.0
AM,2021,nao_madeireiro,154014.0,62547.0
AM,2022,madeireiro,148934.0,1450514.0
AM,2022,nao_madeireiro,194578.0,74100.0
AM,2023,madeireiro,148804.0,1470938.0
AM,2023,nao_madeireiro,202509.0,61195.0
AM,2024,madeireiro,140972.0,1228906.0
AM,2024,nao_madeireiro,235169.0,73897.0
AP,2015,madeireiro,35081.0,1133851.0
AP,2015,nao_madeireiro,3964.0,2908.0
AP,2016,madeireiro,40660.0,1283672.0
AP,2016,nao_madeireiro,4695.0,3134.0
AP,2017,madeireiro,45367.0,1389014.0
AP,2017,nao_madeireiro,5300.0,3265.0
AP,2018,madeireiro,50305.0,1478592.0
AP,2018,nao_madeireiro,6193.0,3327.0
AP,2019,madeireiro,53273.0,1556359.0
AP,2019,nao_madeireiro,6903.0,3478.0
AP,2020,madeireiro,52021.0,1530537.0
AP,2020,nao_madeireiro,7328.0,3497.0
AP,2021,madeireiro,53410.0,1446950.0
AP,2021,nao_madeireiro,8803.0,3618.0
AP,2022,madeireiro,57698.0,1483789.0
AP,2022,nao_madeireiro,10357.0,3711.0
AP,2023,madeireiro,59459.0,1479444.0
AP,2023,nao_madeireiro,11083.0,3693.0
AP,2024,madeireiro,66685.0,1598605.0
AP,2024,nao_madeireiro,13249.0,4004.0
MA,2015,madeireiro,224824.0,2697943.0
MA,2015,nao_madeireiro,127868.0,89701.0
MA,2016,madeireiro,186592.0,2366507.0
MA,2016,nao_madeireiro,116482.0,76055.0
MA,2017,madeireiro,171020.0,2138900.0
MA,2017,nao_madeireiro,121480.0,69969.0
MA,2018,madeireiro,163417.0,1895825.0
MA,2018,nao_madeireiro,120045.0,66055.0
MA,2019,madeireiro,155338.0,1817903.0
MA,2019,nao_madeireiro,119774.0,64254.0
MA,2020,madeireiro,164677.0,1799478.0
MA,2020,nao_madeireiro,104931.0,53764.0
MA,2021,madeireiro,212377.0,1770671.0
MA,2021,nao_madeireiro,106457.0,48386.0
MA,2022,madeireiro,223020.0,1719017.0
MA,2022,nao_madeireiro,114431.0,47466.0
MA,2023,madeireiro,180173.0,1672364.0
MA,2023,nao_madeireiro,119934.0,43439.0
MA,2024,madeireiro,302917.0,1515089.0
MA,2024,nao_madeireiro,122575.0,40220.0
MT,2015,madeireiro,619364.0,4857014.0
MT,2015,nao_madeireiro,7865.0,3310.0
MT,2016,madeireiro,607795.0,5055473.0
MT,2016,nao_madeireiro,7236.0,2123.0
MT,2017,madeireiro,660287.0,5321497.0
MT,2017,nao_madeireiro,11232.0,2592.0
MT,2018,madeireiro,610673.0,5215965.0
MT,2018,nao_madeireiro,12942.0,3038.0
MT,2019,madeireiro,658835.0,5098313.0
MT,2019,nao_madeireiro,13928.0,3091.0
MT,2020,madeireiro,693853.0,5290859.0
MT,2020,nao_madeireiro,11811.0,2141.0
MT,2021,madeireiro,893242.0,6042766.0
MT,2021,nao_madeireiro,14508.0,2237.0
MT,2022,madeireiro,922077.0,6321593.0
MT,2022,nao_madeireiro,18309.0,2599.0
MT,2023,madeireiro,636337.0,3951399.0
MT,2023,nao_madeireiro,15137.0,2848.0
MT,2024,madeireiro,1029923.0,6318794.0
MT,2024,nao_madeireiro,12720.0,2102.0
PA,2015,madeireiro,1089103.0,6352598.0
PA,2015,nao_madeireiro,368250.0,139724.0
PA,2016,madeireiro,833240.0,5160109.0
PA,2016,nao_madeireiro,420478.0,144264.0
PA,2017,madeireiro,848145.0,5106554.0
PA,2017,nao_madeireiro,494432.0,151716.0
PA,2018,madeireiro,820631.0,4747012.0
PA,2018,nao_madeireiro,513278.0,161771.0
PA,2019,madeireiro,1008283.0,5359289.0
PA,2019,nao_madeireiro,526469.0,165868.0
PA,2020,madeireiro,967617.0,5154173.0
PA,2020,nao_madeireiro,614805.0,165531.0
PA,2021,madeireiro,1278851.0,5510044.0
PA,2021,nao_madeireiro,661303.0,167286.0
PA,2022,madeireiro,1710914.0,6316455.0
PA,2022,nao_madeireiro,701725.0,180809.0
PA,2023,madeireiro,1905051.0,6448045.0
PA,2023,nao_madeireiro,710392.0,183372.0
PA,2024,madeireiro,1832428.0,5915215.0
PA,2024,nao_madeireiro,902652.0,183944.0
RO,2015,madeireiro,174823.0,2347434.0
RO,2015,nao_madeireiro,10508.0,4086.0
RO,2016,madeireiro,175896.0,1485551.0
RO,2016,nao_madeireiro,10513.0,4112.0
RO,2017,madeireiro,165206.0,1356161.0
RO,2017,nao_madeireiro,10095.0,3799.0
RO,2018,madeireiro,159685.0,1269466.0
RO,2018,nao_madeireiro,9431.0,3468.0
RO,2019,madeireiro,189924.0,1366376.0
RO,2019,nao_madeireiro,11339.0,3784.0
RO,2020,madeireiro,136526.0,841784.0
RO,2020,nao_madeireiro,11334.0,3713.0
RO,2021,madeireiro,532502.0,3008405.0
RO,2021,nao_madeireiro,11648.0,3667.0
RO,2022,madeireiro,7287.0,46505.0
RO,2022,nao_madeireiro,18417.0,5241.0
RO,2023,madeireiro,125620.0,952684.0
RO,2023,nao_madeireiro,18215.0,2873.0
RO,2024,madeireiro,212115.0,1510923.0
RO,2024,nao_madeireiro,18701.0,2795.0
RR,2015,madeireiro,37330.0,455457.0
RR,2015,nao_madeireiro,497.0,157.0
RR,2016,madeireiro,33361.0,526379.0
RR,2016,nao_madeireiro,610.0,185.0
RR,2017,madeireiro,53379.0,891092.0
RR,2017,nao_madeireiro,1009.0,346.0
RR,2018,madeireiro,58672.0,508296.0
RR,2018,nao_madeireiro,5962.0,2255.0
RR,2019,madeireiro,55060.0,526414.0
RR,2019,nao_madeireiro,6641.0,1990.0
RR,2020,madeireiro,41258.0,443322.0
RR,2020,nao_madeireiro,7797.0,2036.0
RR,2021,madeireiro,41579.0,427187.0
RR,2021,nao_madeireiro,9291.0,1990.0
RR,2022,madeireiro,43398.0,465989.0
RR,2022,nao_madeireiro,10779.0,1972.0
RR,2023,madeireiro,65901.0,695424.0
RR,2023,nao_madeireiro,11957.0,1972.0
RR,2024,madeireiro,49077.0,434050.0
RR,2024,nao_madeireiro,11567.0,1822.0
TO,2015,madeireiro,87867.0,1076362.0
TO,2015,nao_madeireiro,276.0,236.0
TO,2016,madeireiro,62855.0,1296175.0
TO,2016,nao_madeireiro,805.0,1169.0
TO,2017,madeireiro,57700.0,996634.0
TO,2017,nao_madeireiro,3528.0,2899.0
TO,2018,madeireiro,28458.0,848314.0
TO,2018,nao_madeireiro,3725.0,4003.0
TO,2019,madeireiro,19012.0,386399.0
TO,2019,nao_madeireiro,4218.0,4228.0
TO,2020,madeireiro,19825.0,401005.0
TO,2020,nao_madeireiro,20240.0,25735.0
TO,2021,madeireiro,23353.0,406511.0
TO,2021,nao_madeireiro,17793.0,16165.0
TO,2022,madeireiro,26309.0,423826.0
TO,2022,nao_madeireiro,7308.0,4220.0
TO,2023,madeireiro,52442.0,705388.0
TO,2023,nao_madeireiro,8177.0,3734.0
TO,2024,madeireiro,28197.0,359917.0
TO,2024,nao_madeireiro,14412.0,4651.0
