uf,ano,cod_produto,produto,quantidade_t,valor_mil_rs
AC,2015,11296,1.10 - Outros,543.0,330.0
AC,2015,3402,1 - Alimentícios,20035.0,46701.0
AC,2015,3403,1.1 - Açaí (fruto),5454.0,7086.0
AC,2015,3405,1.3 - Castanha-do-pará,14038.0,39285.0
AC,2015,3416,3 - Borrachas,132.0,824.0
AC,2015,3418,3.2 - Hevea (látex coagulado),80.0,417.0
AC,2015,3419,3.3 - Hevea (látex líquido),52.0,407.0
AC,2015,3423,5 - Fibras,1.0,2.0
AC,2015,3426,5.3 - Piaçava,1.0,2.0
AC,2015,3433,7.1 - Carvão vegetal,2469.0,2225.0
AC,2015,3434,7.2 - Lenha,493919.0,6485.0
AC,2015,3435,7.3 - Madeira em tora,285313.0,24503.0
AC,2015,3438,8 - Oleaginosos,10.0,14.0
AC,2015,3440,8.2 - Copaíba (óleo),0.0,8.0
AC,2015,3446,8.8 - Outros,10.0,6.0
AC,2016,11296,1.10 - Outros,435.0,272.0
AC,2016,3402,1 - Alimentícios,13636.0,37653.0
AC,2016,3403,1.1 - Açaí (fruto),4459.0,5568.0
AC,2016,3405,1.3 - Castanha-do-pará,8742.0,31813.0
AC,2016,3416,3 - Borrachas,107.0,643.0
AC,2016,3418,3.2 - Hevea (látex coagulado),103.0,612.0
AC,2016,3419,3.3 - Hevea (látex líquido),4.0,31.0
AC,2016,3423,5 - Fibras,2.0,3.0
AC,2016,3426,5.3 - Piaçava,2.0,3.0
AC,2016,3433,7.1 - Carvão vegetal,2572.0,2245.0
AC,2016,3434,7.2 - Lenha,406770.0,6100.0
AC,2016,3435,7.3 - Madeira em tora,209360.0,16229.0
AC,2016,3438,8 - Oleaginosos,0.0,5.0
AC,2016,3440,8.2 - Copaíba (óleo),0.0,5.0
AC,2017,11296,1.10 - Outros,393.0,249.0
AC,2017,3402,1 - Alimentícios,9848.0,32206.0
AC,2017,3403,1.1 - Açaí (fruto),4665.0,5333.0
AC,2017,3405,1.3 - Castanha-do-pará,4790.0,26624.0
AC,2017,3416,3 - Borrachas,191.0,1052.0
AC,2017,3418,3.2 - Hevea (látex coagulado),181.0,975.0
AC,2017,3419,3.3 - Hevea (látex líquido),10.0,77.0
AC,2017,3423,5 - Fibras,2.0,3.0
AC,2017,3426,5.3 - Piaçava,2.0,3.0
AC,2017,3433,7.1 - Carvão vegetal,2264.0,1970.0
AC,2017,3434,7.2 - Lenha,376869.0,6178.0
AC,2017,3435,7.3 - Madeira em tora,213234.0,15767.0
AC,2017,3438,8 - Oleaginosos,0.0,3.0
AC,2017,3440,8.2 - Copaíba (óleo),0.0,3.0
AC,2018,11296,1.10 - Outros,383.0,250.0
AC,2018,3402,1 - Alimentícios,12613.0,40512.0
AC,2018,3403,1.1 - Açaí (fruto),4549.0,5160.0
AC,2018,3405,1.3 - Castanha-do-pará,7681.0,35102.0
AC,2018,3416,3 - Borrachas,190.0,944.0
AC,2018,3418,3.2 - Hevea (látex coagulado),190.0,944.0
AC,2018,3423,5 - Fibras,1.0,2.0
AC,2018,3426,5.3 - Piaçava,1.0,2.0
AC,2018,3433,7.1 - Carvão vegetal,2108.0,1873.0
AC,2018,3434,7.2 - Lenha,379139.0,6304.0
AC,2018,3435,7.3 - Madeira em tora,191082.0,14242.0
AC,2018,3438,8 - Oleaginosos,0.0,3.0
AC,2018,3440,8.2 - Copaíba (óleo),0.0,3.0
AC,2019,11296,1.10 - Outros,407.0,290.0
AC,2019,3402,1 - Alimentícios,12442.0,42943.0
AC,2019,3403,1.1 - Açaí (fruto),4738.0,6280.0
AC,2019,3405,1.3 - Castanha-do-pará,7297.0,36373.0
AC,2019,3416,3 - Borrachas,220.0,1538.0
AC,2019,3418,3.2 - Hevea (látex coagulado),220.0,1538.0
AC,2019,3423,5 - Fibras,1.0,2.0
AC,2019,3426,5.3 - Piaçava,1.0,2.0
AC,2019,3433,7.1 - Carvão vegetal,2069.0,1930.0
AC,2019,3434,7.2 - Lenha,374579.0,6408.0
AC,2019,3435,7.3 - Madeira em tora,259927.0,19743.0
AC,2019,3438,8 - Oleaginosos,0.0,4.0
AC,2019,3440,8.2 - Copaíba (óleo),0.0,4.0
AC,2020,11296,1.10 - Outros,401.0,296.0
AC,2020,3402,1 - Alimentícios,11824.0,23509.0
AC,2020,3403,1.1 - Açaí (fruto),4654.0,5565.0
AC,2020,3405,1.3 - Castanha-do-pará,6769.0,17648.0
AC,2020,3416,3 - Borrachas,318.0,3923.0
AC,2020,3418,3.2 - Hevea (látex coagulado),318.0,3923.0
AC,2020,3423,5 - Fibras,1.0,2.0
AC,2020,3426,5.3 - Piaçava,1.0,2.0
AC,2020,3433,7.1 - Carvão vegetal,2056.0,1921.0
AC,2020,3434,7.2 - Lenha,364314.0,6272.0
AC,2020,3435,7.3 - Madeira em tora,278581.0,23645.0
AC,2020,3438,8 - Oleaginosos,0.0,4.0
AC,2020,3440,8.2 - Copaíba (óleo),0.0,4.0
AC,2021,11296,1.10 - Outros,472.0,405.0
AC,2021,3402,1 - Alimentícios,13924.0,58842.0
AC,2021,3403,1.1 - Açaí (fruto),4521.0,6148.0
AC,2021,3405,1.3 - Castanha-do-pará,8931.0,52290.0
AC,2021,3416,3 - Borrachas,364.0,4768.0
AC,2021,3418,3.2 - Hevea (látex coagulado),364.0,4768.0
AC,2021,3423,5 - Fibras,1.0,2.0
AC,2021,3426,5.3 - Piaçava,1.0,2.0
AC,2021,3433,7.1 - Carvão vegetal,2070.0,2139.0
AC,2021,3434,7.2 - Lenha,343423.0,6310.0
AC,2021,3435,7.3 - Madeira em tora,443451.0,43473.0
AC,2021,3438,8 - Oleaginosos,0.0,4.0
AC,2021,3440,8.2 - Copaíba (óleo),0.0,4.0
AC,2022,11296,1.10 - Outros,576.0,486.0
AC,2022,3402,1 - Alimentícios,14149.0,65298.0
AC,2022,3403,1.1 - Açaí (fruto),4428.0,6208.0
AC,2022,3405,1.3 - Castanha-do-pará,9145.0,58605.0
AC,2022,3416,3 - Borrachas,389.0,5902.0
AC,2022,3418,3.2 - Hevea (látex coagulado),389.0,5902.0
AC,2022,3423,5 - Fibras,1.0,2.0
AC,2022,3426,5.3 - Piaçava,1.0,2.0
AC,2022,3433,7.1 - Carvão vegetal,1923.0,2202.0
AC,2022,3434,7.2 - Lenha,328684.0,6359.0
AC,2022,3435,7.3 - Madeira em tora,409619.0,43363.0
AC,2022,3438,8 - Oleaginosos,0.0,5.0
AC,2022,3440,8.2 - Copaíba (óleo),0.0,5.0
AC,2023,11296,1.10 - Outros,577.0,530.0
AC,2023,3402,1 - Alimentícios,14080.0,72860.0
AC,2023,3403,1.1 - Açaí (fruto),4030.0,6371.0
AC,2023,3405,1.3 - Castanha-do-pará,9473.0,65958.0
AC,2023,3416,3 - Borrachas,750.0,13123.0
AC,2023,3418,3.2 - Hevea (látex coagulado),750.0,13123.0
AC,2023,3423,5 - Fibras,1.0,1.0
AC,2023,3426,5.3 - Piaçava,1.0,1.0
AC,2023,3433,7.1 - Carvão vegetal,1787.0,2256.0
AC,2023,3434,7.2 - Lenha,304511.0,6303.0
AC,2023,3435,7.3 - Madeira em tora,172486.0,19248.0
AC,2023,3438,8 - Oleaginosos,0.0,6.0
AC,2023,3440,8.2 - Copaíba (óleo),0.0,6.0
AC,2024,11296,1.10 - Outros,574.0,616.0
AC,2024,3402,1 - Alimentícios,14666.0,66745.0
AC,2024,3403,1.1 - Açaí (fruto),4145.0,7492.0
AC,2024,3405,1.3 - Castanha-do-pará,9947.0,58636.0
AC,2024,3416,3 - Borrachas,769.0,14888.0
AC,2024,3418,3.2 - Hevea (látex coagulado),769.0,14888.0
AC,2024,3423,5 - Fibras,1.0,1.0
AC,2024,3426,5.3 - Piaçava,1.0,1.0
AC,2024,3433,7.1 - Carvão vegetal,1740.0,2403.0
AC,2024,3434,7.2 - Lenha,262769.0,5776.0
AC,2024,3435,7.3 - Madeira em tora,219160.0,26026.0
AC,2024,3438,8 - Oleaginosos,0.0,5.0
AC,2024,3440,8.2 - Copaíba (óleo),0.0,5.0
AM,2015,11296,1.10 - Outros,45.0,95.0
AM,2015,3402,1 - Alimentícios,79666.0,152755.0
AM,2015,3403,1.1 - Açaí (fruto),65638.0,116535.0
AM,2015,3405,1.3 - Castanha-do-pará,13983.0,36124.0
AM,2015,3411,"2 - Aromáticos, medicinais, tóxicos e corantes",2.0,8.0
AM,2015,3415,2.4 - Outros,2.0,8.0
AM,2015,3416,3 - Borrachas,1084.0,3666.0
AM,2015,3418,3.2 - Hevea (látex coagulado),1084.0,3666.0
AM,2015,3423,5 - Fibras,1931.0,3599.0
AM,2015,3424,5.1 - Buriti,5.0,7.0
AM,2015,3426,5.3 - Piaçava,1763.0,3174.0
AM,2015,3427,5.4 - Outras,163.0,419.0
AM,2015,3428,6 - Gomas não elásticas,1.0,2.0
AM,2015,3431,6.3 - Sorva,1.0,2.0
AM,2015,3433,7.1 - Carvão vegetal,1348.0,2363.0
AM,2015,3434,7.2 - Lenha,812373.0,7305.0
AM,2015,3435,7.3 - Madeira em tora,744485.0,124929.0
AM,2015,3438,8 - Oleaginosos,224.0,3504.0
AM,2015,3439,8.1 - Babaçu (amêndoa),3.0,5.0
AM,2015,3440,8.2 - Copaíba (óleo),127.0,2812.0
AM,2015,3441,8.3 - Cumaru (amêndoa),15.0,90.0
AM,2015,3446,8.8 - Outros,78.0,596.0
AM,2016,11296,1.10 - Outros,68.0,153.0
AM,2016,3402,1 - Alimentícios,72823.0,146208.0
AM,2016,3403,1.1 - Açaí (fruto),57572.0,99761.0
AM,2016,3405,1.3 - Castanha-do-pará,15183.0,46294.0
AM,2016,3411,"2 - Aromáticos, medicinais, tóxicos e corantes",2.0,13.0
AM,2016,3415,2.4 - Outros,2.0,13.0
AM,2016,3416,3 - Borrachas,866.0,2919.0
AM,2016,3418,3.2 - Hevea (látex coagulado),866.0,2919.0
AM,2016,3423,5 - Fibras,2845.0,5094.0
AM,2016,3424,5.1 - Buriti,1.0,5.0
AM,2016,3426,5.3 - Piaçava,2654.0,4621.0
AM,2016,3427,5.4 - Outras,190.0,469.0
AM,2016,3428,6 - Gomas não elásticas,1.0,2.0
AM,2016,3431,6.3 - Sorva,1.0,2.0
AM,2016,3433,7.1 - Carvão vegetal,1278.0,2386.0
AM,2016,3434,7.2 - Lenha,734916.0,7095.0
AM,2016,3435,7.3 - Madeira em tora,993548.0,157057.0
AM,2016,3438,8 - Oleaginosos,338.0,5359.0
AM,2016,3440,8.2 - Copaíba (óleo),142.0,3151.0
AM,2016,3441,8.3 - Cumaru (amêndoa),18.0,144.0
AM,2016,3446,8.8 - Outros,178.0,2065.0
AM,2017,11296,1.10 - Outros,319.0,659.0
AM,2017,3402,1 - Alimentícios,60832.0,122646.0
AM,2017,3403,1.1 - Açaí (fruto),50503.0,91716.0
AM,2017,3405,1.3 - Castanha-do-pará,10011.0,30272.0
AM,2017,3416,3 - Borrachas,619.0,2272.0
AM,2017,3418,3.2 - Hevea (látex coagulado),619.0,2272.0
AM,2017,3423,5 - Fibras,2041.0,2733.0
AM,2017,3424,5.1 - Buriti,1.0,4.0
AM,2017,3426,5.3 - Piaçava,1858.0,2295.0
AM,2017,3427,5.4 - Outras,182.0,434.0
AM,2017,3428,6 - Gomas não elásticas,1.0,2.0
AM,2017,3431,6.3 - Sorva,1.0,2.0
AM,2017,3433,7.1 - Carvão vegetal,1259.0,2405.0
AM,2017,3434,7.2 - Lenha,651427.0,6651.0
AM,2017,3435,7.3 - Madeira em tora,875750.0,150506.0
AM,2017,3438,8 - Oleaginosos,345.0,4265.0
AM,2017,3440,8.2 - Copaíba (óleo),141.0,3085.0
AM,2017,3441,8.3 - Cumaru (amêndoa),19.0,172.0
AM,2017,3446,8.8 - Outros,186.0,1008.0
AM,2018,11296,1.10 - Outros,1400.0,2606.0
AM,2018,3402,1 - Alimentícios,60972.0,133416.0
AM,2018,3403,1.1 - Açaí (fruto),47410.0,94161.0
AM,2018,3405,1.3 - Castanha-do-pará,12161.0,36649.0
AM,2018,3416,3 - Borrachas,445.0,2070.0
AM,2018,3418,3.2 - Hevea (látex coagulado),445.0,2070.0
AM,2018,3423,5 - Fibras,1636.0,2364.0
AM,2018,3424,5.1 - Buriti,23.0,48.0
AM,2018,3426,5.3 - Piaçava,1603.0,2284.0
AM,2018,3427,5.4 - Outras,11.0,32.0
AM,2018,3428,6 - Gomas não elásticas,1.0,2.0
AM,2018,3431,6.3 - Sorva,1.0,2.0
AM,2018,3433,7.1 - Carvão vegetal,987.0,1854.0
AM,2018,3434,7.2 - Lenha,628380.0,7370.0
AM,2018,3435,7.3 - Madeira em tora,826207.0,152323.0
AM,2018,3438,8 - Oleaginosos,298.0,3531.0
AM,2018,3440,8.2 - Copaíba (óleo),136.0,3140.0
AM,2018,3441,8.3 - Cumaru (amêndoa),22.0,208.0
AM,2018,3446,8.8 - Outros,139.0,183.0
AM,2019,110011,4.3 - Outras,217.0,729.0
AM,2019,11296,1.10 - Outros,1871.0,4157.0
AM,2019,3402,1 - Alimentícios,57908.0,115593.0
AM,2019,3403,1.1 - Açaí (fruto),43855.0,75543.0
AM,2019,3405,1.3 - Castanha-do-pará,12182.0,35893.0
AM,2019,3416,3 - Borrachas,389.0,1889.0
AM,2019,3418,3.2 - Hevea (látex coagulado),389.0,1889.0
AM,2019,3420,4 - Ceras,217.0,729.0
AM,2019,3423,5 - Fibras,1811.0,2920.0
AM,2019,3424,5.1 - Buriti,13.0,30.0
AM,2019,3426,5.3 - Piaçava,1786.0,2854.0
AM,2019,3427,5.4 - Outras,12.0,37.0
AM,2019,3428,6 - Gomas não elásticas,1.0,3.0
AM,2019,3431,6.3 - Sorva,1.0,3.0
AM,2019,3433,7.1 - Carvão vegetal,940.0,1857.0
AM,2019,3434,7.2 - Lenha,597097.0,8459.0
AM,2019,3435,7.3 - Madeira em tora,841135.0,155631.0
AM,2019,3438,8 - Oleaginosos,248.0,3624.0
AM,2019,3440,8.2 - Copaíba (óleo),133.0,3167.0
AM,2019,3441,8.3 - Cumaru (amêndoa),33.0,320.0
AM,2019,3446,8.8 - Outros,82.0,137.0
AM,2020,110011,4.3 - Outras,202.0,717.0
AM,2020,11296,1.10 - Outros,1730.0,3968.0
AM,2020,3402,1 - Alimentícios,57170.0,113306.0
AM,2020,3403,1.1 - Açaí (fruto),43733.0,74553.0
AM,2020,3405,1.3 - Castanha-do-pará,11707.0,34785.0
AM,2020,3416,3 - Borrachas,393.0,2002.0
AM,2020,3418,3.2 - Hevea (látex coagulado),393.0,2002.0
AM,2020,3420,4 - Ceras,202.0,717.0
AM,2020,3423,5 - Fibras,2453.0,6146.0
AM,2020,3424,5.1 - Buriti,13.0,31.0
AM,2020,3426,5.3 - Piaçava,2433.0,6092.0
AM,2020,3427,5.4 - Outras,7.0,22.0
AM,2020,3428,6 - Gomas não elásticas,1.0,3.0
AM,2020,3431,6.3 - Sorva,1.0,3.0
AM,2020,3433,7.1 - Carvão vegetal,954.0,1917.0
AM,2020,3434,7.2 - Lenha,593366.0,8024.0
AM,2020,3435,7.3 - Madeira em tora,844628.0,148770.0
AM,2020,3438,8 - Oleaginosos,336.0,3870.0
AM,2020,3440,8.2 - Copaíba (óleo),135.0,3298.0
AM,2020,3441,8.3 - Cumaru (amêndoa),28.0,264.0
AM,2020,3446,8.8 - Outros,172.0,309.0
AM,2021,110011,4.3 - Outras,174.0,649.0
AM,2021,11296,1.10 - Outros,2232.0,6477.0
AM,2021,3402,1 - Alimentícios,59177.0,139918.0
AM,2021,3403,1.1 - Açaí (fruto),45208.0,94891.0
AM,2021,3405,1.3 - Castanha-do-pará,11737.0,38549.0
AM,2021,3416,3 - Borrachas,374.0,1994.0
AM,2021,3418,3.2 - Hevea (látex coagulado),374.0,1994.0
AM,2021,3420,4 - Ceras,174.0,649.0
AM,2021,3423,5 - Fibras,2476.0,6839.0
AM,2021,3424,5.1 - Buriti,13.0,30.0
AM,2021,3426,5.3 - Piaçava,2456.0,6784.0
AM,2021,3427,5.4 - Outras,8.0,24.0
AM,2021,3428,6 - Gomas não elásticas,1.0,4.0
AM,2021,3431,6.3 - Sorva,1.0,4.0
AM,2021,3433,7.1 - Carvão vegetal,937.0,2198.0
AM,2021,3434,7.2 - Lenha,568725.0,8336.0
AM,2021,3435,7.3 - Madeira em tora,875662.0,136266.0
AM,2021,3438,8 - Oleaginosos,344.0,4611.0
AM,2021,3440,8.2 - Copaíba (óleo),140.0,3804.0
AM,2021,3441,8.3 - Cumaru (amêndoa),35.0,498.0
AM,2021,3445,8.7 - Tucum (amêndoa),25.0,88.0
AM,2021,3446,8.8 - Outros,144.0,222.0
AM,2022,110011,4.3 - Outras,103.0,458.0
AM,2022,11296,1.10 - Outros,3284.0,9577.0
AM,2022,3402,1 - Alimentícios,71316.0,178595.0
AM,2022,3403,1.1 - Açaí (fruto),53729.0,122562.0
AM,2022,3405,1.3 - Castanha-do-pará,14303.0,46456.0
AM,2022,3416,3 - Borrachas,313.0,1999.0
AM,2022,3418,3.2 - Hevea (látex coagulado),313.0,1999.0
AM,2022,3420,4 - Ceras,103.0,458.0
AM,2022,3423,5 - Fibras,2029.0,6078.0
AM,2022,3424,5.1 - Buriti,13.0,31.0
AM,2022,3426,5.3 - Piaçava,2008.0,6020.0
AM,2022,3427,5.4 - Outras,8.0,28.0
AM,2022,3428,6 - Gomas não elásticas,1.0,4.0
AM,2022,3431,6.3 - Sorva,1.0,4.0
AM,2022,3433,7.1 - Carvão vegetal,935.0,2364.0
AM,2022,3434,7.2 - Lenha,564910.0,9233.0
AM,2022,3435,7.3 - Madeira em tora,884669.0,137337.0
AM,2022,3438,8 - Oleaginosos,337.0,7443.0
AM,2022,3440,8.2 - Copaíba (óleo),191.0,6433.0
AM,2022,3441,8.3 - Cumaru (amêndoa),38.0,713.0
AM,2022,3445,8.7 - Tucum (amêndoa),28.0,98.0
AM,2022,3446,8.8 - Outros,81.0,199.0
AM,2023,110011,4.3 - Outras,144.0,621.0
AM,2023,11296,1.10 - Outros,3015.0,10104.0
AM,2023,3402,1 - Alimentícios,58185.0,180761.0
AM,2023,3403,1.1 - Açaí (fruto),43877.0,127035.0
AM,2023,3405,1.3 - Castanha-do-pará,11291.0,43616.0
AM,2023,3416,3 - Borrachas,353.0,3725.0
AM,2023,3418,3.2 - Hevea (látex coagulado),353.0,3725.0
AM,2023,3420,4 - Ceras,144.0,621.0
AM,2023,3423,5 - Fibras,2035.0,7102.0
AM,2023,3424,5.1 - Buriti,16.0,34.0
AM,2023,3426,5.3 - Piaçava,2006.0,7018.0
AM,2023,3427,5.4 - Outras,13.0,49.0
AM,2023,3433,7.1 - Carvão vegetal,949.0,2105.0
AM,2023,3434,7.2 - Lenha,563778.0,10671.0
AM,2023,3435,7.3 - Madeira em tora,906211.0,136028.0
AM,2023,3438,8 - Oleaginosos,478.0,10301.0
AM,2023,3440,8.2 - Copaíba (óleo),236.0,9220.0
AM,2023,3441,8.3 - Cumaru (amêndoa),35.0,664.0
AM,2023,3445,8.7 - Tucum (amêndoa),28.0,84.0
AM,2023,3446,8.8 - Outros,179.0,333.0
AM,2023,39409,1.7 - Pequi (fruto),2.0,6.0
AM,2024,110011,4.3 - Outras,120.0,552.0
AM,2024,11296,1.10 - Outros,3469.0,13001.0
AM,2024,3402,1 - Alimentícios,67588.0,200102.0
AM,2024,3403,1.1 - Açaí (fruto),52547.0,141619.0
AM,2024,3405,1.3 - Castanha-do-pará,11570.0,45475.0
AM,2024,3416,3 - Borrachas,532.0,6959.0
AM,2024,3418,3.2 - Hevea (látex coagulado),532.0,6959.0
AM,2024,3420,4 - Ceras,120.0,552.0
AM,2024,3423,5 - Fibras,5070.0,15232.0
AM,2024,3424,5.1 - Buriti,18.0,29.0
AM,2024,3426,5.3 - Piaçava,5039.0,15148.0
AM,2024,3427,5.4 - Outras,13.0,55.0
AM,2024,3433,7.1 - Carvão vegetal,1040.0,2145.0
AM,2024,3434,7.2 - Lenha,410672.0,9484.0
AM,2024,3435,7.3 - Madeira em tora,817194.0,129343.0
AM,2024,3438,8 - Oleaginosos,587.0,12324.0
AM,2024,3440,8.2 - Copaíba (óleo),240.0,10702.0
AM,2024,3441,8.3 - Cumaru (amêndoa),33.0,815.0
AM,2024,3446,8.8 - Outros,314.0,807.0
AM,2024,39409,1.7 - Pequi (fruto),2.0,7.0
AP,2015,3402,1 - Alimentícios,2907.0,3964.0
AP,2015,3403,1.1 - Açaí (fruto),2413.0,3303.0
AP,2015,3405,1.3 - Castanha-do-pará,473.0,632.0
AP,2015,3408,1.6 - Palmito,22.0,29.0
AP,2015,3433,7.1 - Carvão vegetal,1042.0,1364.0
AP,2015,3434,7.2 - Lenha,459555.0,4056.0
AP,2015,3435,7.3 - Madeira em tora,673254.0,29661.0
AP,2016,3402,1 - Alimentícios,3135.0,4695.0
AP,2016,3403,1.1 - Açaí (fruto),2627.0,3942.0
AP,2016,3405,1.3 - Castanha-do-pará,489.0,726.0
AP,2016,3408,1.6 - Palmito,18.0,27.0
AP,2016,3433,7.1 - Carvão vegetal,1140.0,1697.0
AP,2016,3434,7.2 - Lenha,525328.0,4962.0
AP,2016,3435,7.3 - Madeira em tora,757204.0,34001.0
AP,2017,3402,1 - Alimentícios,3265.0,5300.0
AP,2017,3403,1.1 - Açaí (fruto),2770.0,4505.0
AP,2017,3405,1.3 - Castanha-do-pará,476.0,765.0
AP,2017,3408,1.6 - Palmito,19.0,30.0
AP,2017,3433,7.1 - Carvão vegetal,1222.0,1981.0
AP,2017,3434,7.2 - Lenha,583173.0,6186.0
AP,2017,3435,7.3 - Madeira em tora,804619.0,37200.0
AP,2018,3402,1 - Alimentícios,3327.0,6193.0
AP,2018,3403,1.1 - Açaí (fruto),2873.0,5338.0
AP,2018,3405,1.3 - Castanha-do-pará,437.0,824.0
AP,2018,3408,1.6 - Palmito,17.0,31.0
AP,2018,3433,7.1 - Carvão vegetal,1278.0,2445.0
AP,2018,3434,7.2 - Lenha,620081.0,7292.0
AP,2018,3435,7.3 - Madeira em tora,857233.0,40568.0
AP,2019,3402,1 - Alimentícios,3479.0,6903.0
AP,2019,3403,1.1 - Açaí (fruto),3059.0,6064.0
AP,2019,3405,1.3 - Castanha-do-pará,405.0,811.0
AP,2019,3408,1.6 - Palmito,14.0,28.0
AP,2019,3433,7.1 - Carvão vegetal,1359.0,2824.0
AP,2019,3434,7.2 - Lenha,672783.0,8397.0
AP,2019,3435,7.3 - Madeira em tora,882217.0,42052.0
AP,2020,3402,1 - Alimentícios,3496.0,7329.0
AP,2020,3403,1.1 - Açaí (fruto),3067.0,6394.0
AP,2020,3405,1.3 - Castanha-do-pará,416.0,906.0
AP,2020,3408,1.6 - Palmito,14.0,28.0
AP,2020,3433,7.1 - Carvão vegetal,1383.0,3043.0
AP,2020,3434,7.2 - Lenha,680665.0,8800.0
AP,2020,3435,7.3 - Madeira em tora,848489.0,40178.0
AP,2021,3402,1 - Alimentícios,3618.0,8804.0
AP,2021,3403,1.1 - Açaí (fruto),3207.0,7800.0
AP,2021,3405,1.3 - Castanha-do-pará,397.0,971.0
AP,2021,3408,1.6 - Palmito,14.0,32.0
AP,2021,3433,7.1 - Carvão vegetal,1355.0,3410.0
AP,2021,3434,7.2 - Lenha,656017.0,9420.0
AP,2021,3435,7.3 - Madeira em tora,789578.0,40580.0
AP,2022,3402,1 - Alimentícios,3711.0,10357.0
AP,2022,3403,1.1 - Açaí (fruto),3298.0,9154.0
AP,2022,3405,1.3 - Castanha-do-pará,400.0,1168.0
AP,2022,3408,1.6 - Palmito,13.0,35.0
AP,2022,3433,7.1 - Carvão vegetal,1400.0,4234.0
AP,2022,3434,7.2 - Lenha,671022.0,10377.0
AP,2022,3435,7.3 - Madeira em tora,811367.0,43087.0
AP,2023,3402,1 - Alimentícios,3693.0,11082.0
AP,2023,3403,1.1 - Açaí (fruto),3296.0,9852.0
AP,2023,3405,1.3 - Castanha-do-pará,384.0,1194.0
AP,2023,3408,1.6 - Palmito,13.0,37.0
AP,2023,3433,7.1 - Carvão vegetal,1354.0,4370.0
AP,2023,3434,7.2 - Lenha,660316.0,10736.0
AP,2023,3435,7.3 - Madeira em tora,817774.0,44353.0
AP,2024,3402,1 - Alimentícios,4005.0,13248.0
AP,2024,3403,1.1 - Açaí (fruto),3598.0,11841.0
AP,2024,3405,1.3 - Castanha-do-pará,395.0,1371.0
AP,2024,3408,1.6 - Palmito,11.0,37.0
AP,2024,3433,7.1 - Carvão vegetal,1230.0,4488.0
AP,2024,3434,7.2 - Lenha,710185.0,12413.0
AP,2024,3435,7.3 - Madeira em tora,887190.0,49784.0
MA,2015,3402,1 - Alimentícios,14866.0,21881.0
MA,2015,3403,1.1 - Açaí (fruto),14864.0,21876.0
MA,2015,3407,1.5 - Mangaba (fruto),2.0,5.0
MA,2015,3411,"2 - Aromáticos, medicinais, tóxicos e corantes",285.0,900.0
MA,2015,3413,2.2 - Jaborandi (folha),201.0,762.0
MA,2015,3415,2.4 - Outros,84.0,137.0
MA,2015,3420,4 - Ceras,569.0,2950.0
MA,2015,3421,4.1 - Carnaúba (cera),49.0,564.0
MA,2015,3422,4.2 - Carnaúba (pó),520.0,2386.0
MA,2015,3423,5 - Fibras,158.0,1771.0
MA,2015,3424,5.1 - Buriti,135.0,1552.0
MA,2015,3425,5.2 - Carnaúba,8.0,31.0
MA,2015,3426,5.3 - Piaçava,6.0,13.0
MA,2015,3427,5.4 - Outras,9.0,176.0
MA,2015,3433,7.1 - Carvão vegetal,229318.0,154672.0
MA,2015,3434,7.2 - Lenha,2329822.0,52235.0
MA,2015,3435,7.3 - Madeira em tora,138803.0,17917.0
MA,2015,3438,8 - Oleaginosos,73824.0,100365.0
MA,2015,3439,8.1 - Babaçu (amêndoa),73640.0,99655.0
MA,2015,3440,8.2 - Copaíba (óleo),0.0,2.0
MA,2015,3445,8.7 - Tucum (amêndoa),166.0,621.0
MA,2015,3446,8.8 - Outros,17.0,88.0
MA,2016,3402,1 - Alimentícios,17509.0,25427.0
MA,2016,3403,1.1 - Açaí (fruto),17508.0,25422.0
MA,2016,3407,1.5 - Mangaba (fruto),2.0,5.0
MA,2016,3411,"2 - Aromáticos, medicinais, tóxicos e corantes",254.0,882.0
MA,2016,3413,2.2 - Jaborandi (folha),194.0,762.0
MA,2016,3415,2.4 - Outros,60.0,119.0
MA,2016,3420,4 - Ceras,562.0,2961.0
MA,2016,3422,4.2 - Carnaúba (pó),562.0,2961.0
MA,2016,3423,5 - Fibras,154.0,1733.0
MA,2016,3424,5.1 - Buriti,134.0,1568.0
MA,2016,3425,5.2 - Carnaúba,7.0,29.0
MA,2016,3426,5.3 - Piaçava,5.0,13.0
MA,2016,3427,5.4 - Outras,7.0,124.0
MA,2016,3433,7.1 - Carvão vegetal,160851.0,120006.0
MA,2016,3434,7.2 - Lenha,2094874.0,49868.0
MA,2016,3435,7.3 - Madeira em tora,110782.0,16718.0
MA,2016,3438,8 - Oleaginosos,57575.0,85478.0
MA,2016,3439,8.1 - Babaçu (amêndoa),57400.0,84762.0
MA,2016,3440,8.2 - Copaíba (óleo),0.0,2.0
MA,2016,3445,8.7 - Tucum (amêndoa),161.0,632.0
MA,2016,3446,8.8 - Outros,15.0,83.0
MA,2017,11296,1.10 - Outros,35.0,46.0
MA,2017,3402,1 - Alimentícios,18395.0,29286.0
MA,2017,3403,1.1 - Açaí (fruto),18330.0,29195.0
MA,2017,3407,1.5 - Mangaba (fruto),5.0,20.0
MA,2017,3411,"2 - Aromáticos, medicinais, tóxicos e corantes",156.0,610.0
MA,2017,3413,2.2 - Jaborandi (folha),156.0,610.0
MA,2017,3420,4 - Ceras,631.0,4029.0
MA,2017,3421,4.1 - Carnaúba (cera),3.0,20.0
MA,2017,3422,4.2 - Carnaúba (pó),628.0,4009.0
MA,2017,3423,5 - Fibras,134.0,1555.0
MA,2017,3424,5.1 - Buriti,122.0,1496.0
MA,2017,3425,5.2 - Carnaúba,6.0,27.0
MA,2017,3426,5.3 - Piaçava,4.0,11.0
MA,2017,3427,5.4 - Outras,1.0,21.0
MA,2017,3433,7.1 - Carvão vegetal,131663.0,110824.0
MA,2017,3434,7.2 - Lenha,1920938.0,45779.0
MA,2017,3435,7.3 - Madeira em tora,86299.0,14417.0
MA,2017,3438,8 - Oleaginosos,50655.0,86000.0
MA,2017,3439,8.1 - Babaçu (amêndoa),50476.0,85293.0
MA,2017,3440,8.2 - Copaíba (óleo),0.0,2.0
MA,2017,3445,8.7 - Tucum (amêndoa),164.0,694.0
MA,2017,3446,8.8 - Outros,14.0,11.0
MA,2017,39409,1.7 - Pequi (fruto),25.0,25.0
MA,2018,11296,1.10 - Outros,131.0,126.0
MA,2018,3402,1 - Alimentícios,17842.0,30003.0
MA,2018,3403,1.1 - Açaí (fruto),17635.0,29822.0
MA,2018,3407,1.5 - Mangaba (fruto),3.0,11.0
MA,2018,3411,"2 - Aromáticos, medicinais, tóxicos e corantes",153.0,633.0
MA,2018,3413,2.2 - Jaborandi (folha),153.0,633.0
MA,2018,3420,4 - Ceras,618.0,4069.0
MA,2018,3422,4.2 - Carnaúba (pó),618.0,4069.0
MA,2018,3423,5 - Fibras,136.0,1451.0
MA,2018,3424,5.1 - Buriti,126.0,1416.0
MA,2018,3425,5.2 - Carnaúba,6.0,25.0
MA,2018,3426,5.3 - Piaçava,4.0,10.0
MA,2018,3433,7.1 - Carvão vegetal,107125.0,105674.0
MA,2018,3434,7.2 - Lenha,1703381.0,43831.0
MA,2018,3435,7.3 - Madeira em tora,85319.0,13912.0
MA,2018,3438,8 - Oleaginosos,47306.0,83889.0
MA,2018,3439,8.1 - Babaçu (amêndoa),47122.0,83174.0
MA,2018,3440,8.2 - Copaíba (óleo),0.0,2.0
MA,2018,3445,8.7 - Tucum (amêndoa),168.0,707.0
MA,2018,3446,8.8 - Outros,15.0,7.0
MA,2018,39409,1.7 - Pequi (fruto),74.0,43.0
MA,2019,11296,1.10 - Outros,127.0,131.0
MA,2019,3402,1 - Alimentícios,17792.0,31983.0
MA,2019,3403,1.1 - Açaí (fruto),17590.0,31793.0
MA,2019,3407,1.5 - Mangaba (fruto),3.0,13.0
MA,2019,3411,"2 - Aromáticos, medicinais, tóxicos e corantes",376.0,903.0
MA,2019,3413,2.2 - Jaborandi (folha),153.0,648.0
MA,2019,3415,2.4 - Outros,223.0,256.0
MA,2019,3420,4 - Ceras,617.0,4088.0
MA,2019,3422,4.2 - Carnaúba (pó),617.0,4088.0
MA,2019,3423,5 - Fibras,134.0,1457.0
MA,2019,3424,5.1 - Buriti,126.0,1425.0
MA,2019,3425,5.2 - Carnaúba,5.0,22.0
MA,2019,3426,5.3 - Piaçava,4.0,10.0
MA,2019,3433,7.1 - Carvão vegetal,97777.0,100292.0
MA,2019,3434,7.2 - Lenha,1638674.0,41591.0
MA,2019,3435,7.3 - Madeira em tora,81452.0,13455.0
MA,2019,3438,8 - Oleaginosos,45334.0,81341.0
MA,2019,3439,8.1 - Babaçu (amêndoa),45166.0,80713.0
MA,2019,3440,8.2 - Copaíba (óleo),0.0,2.0
MA,2019,3445,8.7 - Tucum (amêndoa),153.0,619.0
MA,2019,3446,8.8 - Outros,15.0,7.0
MA,2019,39409,1.7 - Pequi (fruto),72.0,47.0
MA,2020,11296,1.10 - Outros,130.0,140.0
MA,2020,3402,1 - Alimentícios,18017.0,34970.0
MA,2020,3403,1.1 - Açaí (fruto),17809.0,34762.0
MA,2020,3407,1.5 - Mangaba (fruto),3.0,14.0
MA,2020,3411,"2 - Aromáticos, medicinais, tóxicos e corantes",358.0,904.0
MA,2020,3413,2.2 - Jaborandi (folha),154.0,661.0
MA,2020,3415,2.4 - Outros,204.0,243.0
MA,2020,3420,4 - Ceras,556.0,3692.0
MA,2020,3422,4.2 - Carnaúba (pó),556.0,3692.0
MA,2020,3423,5 - Fibras,127.0,1412.0
MA,2020,3424,5.1 - Buriti,118.0,1379.0
MA,2020,3425,5.2 - Carnaúba,5.0,23.0
MA,2020,3426,5.3 - Piaçava,4.0,10.0
MA,2020,3433,7.1 - Carvão vegetal,103129.0,107686.0
MA,2020,3434,7.2 - Lenha,1603276.0,39999.0
MA,2020,3435,7.3 - Madeira em tora,93073.0,16992.0
MA,2020,3438,8 - Oleaginosos,34706.0,63955.0
MA,2020,3439,8.1 - Babaçu (amêndoa),34547.0,63357.0
MA,2020,3440,8.2 - Copaíba (óleo),0.0,2.0
MA,2020,3445,8.7 - Tucum (amêndoa),144.0,587.0
MA,2020,3446,8.8 - Outros,15.0,8.0
MA,2020,39409,1.7 - Pequi (fruto),75.0,53.0
MA,2021,11296,1.10 - Outros,136.0,154.0
MA,2021,3402,1 - Alimentícios,18343.0,40700.0
MA,2021,3403,1.1 - Açaí (fruto),18123.0,40465.0
MA,2021,3407,1.5 - Mangaba (fruto),4.0,18.0
MA,2021,3411,"2 - Aromáticos, medicinais, tóxicos e corantes",391.0,1109.0
MA,2021,3413,2.2 - Jaborandi (folha),149.0,667.0
MA,2021,3415,2.4 - Outros,241.0,442.0
MA,2021,3420,4 - Ceras,490.0,3810.0
MA,2021,3422,4.2 - Carnaúba (pó),490.0,3810.0
MA,2021,3423,5 - Fibras,125.0,1564.0
MA,2021,3424,5.1 - Buriti,116.0,1528.0
MA,2021,3425,5.2 - Carnaúba,5.0,24.0
MA,2021,3426,5.3 - Piaçava,4.0,11.0
MA,2021,3433,7.1 - Carvão vegetal,142555.0,152724.0
MA,2021,3434,7.2 - Lenha,1519565.0,40233.0
MA,2021,3435,7.3 - Madeira em tora,108551.0,19420.0
MA,2021,3438,8 - Oleaginosos,29038.0,59275.0
MA,2021,3439,8.1 - Babaçu (amêndoa),28887.0,58680.0
MA,2021,3440,8.2 - Copaíba (óleo),0.0,2.0
MA,2021,3445,8.7 - Tucum (amêndoa),136.0,583.0
MA,2021,3446,8.8 - Outros,16.0,9.0
MA,2021,39409,1.7 - Pequi (fruto),79.0,64.0
MA,2022,11296,1.10 - Outros,147.0,230.0
MA,2022,3402,1 - Alimentícios,19086.0,45313.0
MA,2022,3403,1.1 - Açaí (fruto),18852.0,44996.0
MA,2022,3407,1.5 - Mangaba (fruto),4.0,19.0
MA,2022,3411,"2 - Aromáticos, medicinais, tóxicos e corantes",386.0,1198.0
MA,2022,3413,2.2 - Jaborandi (folha),147.0,679.0
MA,2022,3415,2.4 - Outros,239.0,519.0
MA,2022,3420,4 - Ceras,440.0,4042.0
MA,2022,3422,4.2 - Carnaúba (pó),440.0,4042.0
MA,2022,3423,5 - Fibras,113.0,1470.0
MA,2022,3424,5.1 - Buriti,106.0,1437.0
MA,2022,3425,5.2 - Carnaúba,4.0,24.0
MA,2022,3426,5.3 - Piaçava,3.0,8.0
MA,2022,3433,7.1 - Carvão vegetal,127018.0,166816.0
MA,2022,3434,7.2 - Lenha,1501233.0,41201.0
MA,2022,3435,7.3 - Madeira em tora,90766.0,15003.0
MA,2022,3438,8 - Oleaginosos,27442.0,62409.0
MA,2022,3439,8.1 - Babaçu (amêndoa),27309.0,61860.0
MA,2022,3440,8.2 - Copaíba (óleo),0.0,1.0
MA,2022,3445,8.7 - Tucum (amêndoa),115.0,536.0
MA,2022,3446,8.8 - Outros,17.0,11.0
MA,2022,39409,1.7 - Pequi (fruto),83.0,69.0
MA,2023,11296,1.10 - Outros,181.0,321.0
MA,2023,3402,1 - Alimentícios,19086.0,53420.0
MA,2023,3403,1.1 - Açaí (fruto),18791.0,52953.0
MA,2023,3407,1.5 - Mangaba (fruto),5.0,23.0
MA,2023,3411,"2 - Aromáticos, medicinais, tóxicos e corantes",378.0,1392.0
MA,2023,3413,2.2 - Jaborandi (folha),144.0,696.0
MA,2023,3415,2.4 - Outros,234.0,697.0
MA,2023,3420,4 - Ceras,367.0,3942.0
MA,2023,3422,4.2 - Carnaúba (pó),367.0,3942.0
MA,2023,3423,5 - Fibras,101.0,1452.0
MA,2023,3424,5.1 - Buriti,94.0,1416.0
MA,2023,3425,5.2 - Carnaúba,5.0,27.0
MA,2023,3426,5.3 - Piaçava,3.0,10.0
MA,2023,3433,7.1 - Carvão vegetal,91649.0,123342.0
MA,2023,3434,7.2 - Lenha,1499970.0,42698.0
MA,2023,3435,7.3 - Madeira em tora,80745.0,14133.0
MA,2023,3438,8 - Oleaginosos,23508.0,59726.0
MA,2023,3439,8.1 - Babaçu (amêndoa),23426.0,59411.0
MA,2023,3445,8.7 - Tucum (amêndoa),62.0,300.0
MA,2023,3446,8.8 - Outros,19.0,15.0
MA,2023,39409,1.7 - Pequi (fruto),108.0,123.0
MA,2024,11296,1.10 - Outros,383.0,1607.0
MA,2024,3402,1 - Alimentícios,18157.0,56609.0
MA,2024,3403,1.1 - Açaí (fruto),17519.0,54260.0
MA,2024,3404,1.2 - Castanha-de-caju,159.0,623.0
MA,2024,3407,1.5 - Mangaba (fruto),6.0,29.0
MA,2024,3411,"2 - Aromáticos, medicinais, tóxicos e corantes",126.0,608.0
MA,2024,3413,2.2 - Jaborandi (folha),126.0,608.0
MA,2024,3420,4 - Ceras,288.0,3650.0
MA,2024,3422,4.2 - Carnaúba (pó),288.0,3650.0
MA,2024,3423,5 - Fibras,90.0,1417.0
MA,2024,3424,5.1 - Buriti,83.0,1379.0
MA,2024,3425,5.2 - Carnaúba,5.0,29.0
MA,2024,3426,5.3 - Piaçava,3.0,9.0
MA,2024,3433,7.1 - Carvão vegetal,176192.0,242922.0
MA,2024,3434,7.2 - Lenha,1259526.0,44364.0
MA,2024,3435,7.3 - Madeira em tora,79371.0,15631.0
MA,2024,3438,8 - Oleaginosos,21560.0,60292.0
MA,2024,3439,8.1 - Babaçu (amêndoa),21542.0,60276.0
MA,2024,3446,8.8 - Outros,17.0,16.0
MA,2024,39409,1.7 - Pequi (fruto),89.0,89.0
MT,2015,3402,1 - Alimentícios,2324.0,6675.0
MT,2015,3405,1.3 - Castanha-do-pará,2082.0,6192.0
MT,2015,3408,1.6 - Palmito,241.0,483.0
MT,2015,3411,"2 - Aromáticos, medicinais, tóxicos e corantes",1.0,90.0
MT,2015,3412,2.1 - Ipecacuanha ou poaia (raiz),1.0,90.0
MT,2015,3416,3 - Borrachas,18.0,51.0
MT,2015,3418,3.2 - Hevea (látex coagulado),18.0,51.0
MT,2015,3433,7.1 - Carvão vegetal,14147.0,16291.0
MT,2015,3434,7.2 - Lenha,1773669.0,64464.0
MT,2015,3435,7.3 - Madeira em tora,3069198.0,538609.0
MT,2015,3438,8 - Oleaginosos,968.0,1049.0
MT,2015,3439,8.1 - Babaçu (amêndoa),1.0,2.0
MT,2015,3440,8.2 - Copaíba (óleo),1.0,31.0
MT,2015,3444,8.6 - Pequi (amêndoa),966.0,1016.0
MT,2016,3402,1 - Alimentícios,1573.0,6296.0
MT,2016,3405,1.3 - Castanha-do-pará,1407.0,5937.0
MT,2016,3408,1.6 - Palmito,166.0,359.0
MT,2016,3411,"2 - Aromáticos, medicinais, tóxicos e corantes",1.0,83.0
MT,2016,3412,2.1 - Ipecacuanha ou poaia (raiz),1.0,83.0
MT,2016,3416,3 - Borrachas,18.0,55.0
MT,2016,3418,3.2 - Hevea (látex coagulado),18.0,55.0
MT,2016,3433,7.1 - Carvão vegetal,9723.0,12120.0
MT,2016,3434,7.2 - Lenha,1721699.0,71558.0
MT,2016,3435,7.3 - Madeira em tora,3324051.0,524117.0
MT,2016,3438,8 - Oleaginosos,531.0,801.0
MT,2016,3439,8.1 - Babaçu (amêndoa),1.0,2.0
MT,2016,3440,8.2 - Copaíba (óleo),1.0,43.0
MT,2016,3444,8.6 - Pequi (amêndoa),529.0,757.0
MT,2017,11296,1.10 - Outros,37.0,667.0
MT,2017,3402,1 - Alimentícios,2457.0,10533.0
MT,2017,3405,1.3 - Castanha-do-pará,1706.0,8789.0
MT,2017,3408,1.6 - Palmito,172.0,196.0
MT,2017,3411,"2 - Aromáticos, medicinais, tóxicos e corantes",1.0,103.0
MT,2017,3412,2.1 - Ipecacuanha ou poaia (raiz),1.0,103.0
MT,2017,3416,3 - Borrachas,20.0,80.0
MT,2017,3418,3.2 - Hevea (látex coagulado),20.0,80.0
MT,2017,3433,7.1 - Carvão vegetal,8872.0,12255.0
MT,2017,3434,7.2 - Lenha,1379724.0,67020.0
MT,2017,3435,7.3 - Madeira em tora,3932901.0,581012.0
MT,2017,3438,8 - Oleaginosos,114.0,515.0
MT,2017,3439,8.1 - Babaçu (amêndoa),2.0,4.0
MT,2017,3440,8.2 - Copaíba (óleo),1.0,18.0
MT,2017,3444,8.6 - Pequi (amêndoa),111.0,494.0
MT,2017,39409,1.7 - Pequi (fruto),542.0,881.0
MT,2018,3402,1 - Alimentícios,2968.0,12330.0
MT,2018,3405,1.3 - Castanha-do-pará,2179.0,11024.0
MT,2018,3408,1.6 - Palmito,129.0,167.0
MT,2018,3411,"2 - Aromáticos, medicinais, tóxicos e corantes",1.0,118.0
MT,2018,3412,2.1 - Ipecacuanha ou poaia (raiz),1.0,118.0
MT,2018,3416,3 - Borrachas,17.0,62.0
MT,2018,3418,3.2 - Hevea (látex coagulado),17.0,62.0
MT,2018,3433,7.1 - Carvão vegetal,11463.0,15107.0
MT,2018,3434,7.2 - Lenha,1259380.0,58898.0
MT,2018,3435,7.3 - Madeira em tora,3945122.0,536668.0
MT,2018,3438,8 - Oleaginosos,52.0,433.0
MT,2018,3439,8.1 - Babaçu (amêndoa),3.0,9.0
MT,2018,3440,8.2 - Copaíba (óleo),1.0,37.0
MT,2018,3444,8.6 - Pequi (amêndoa),48.0,387.0
MT,2018,39409,1.7 - Pequi (fruto),660.0,1138.0
MT,2019,3402,1 - Alimentícios,3006.0,13339.0
MT,2019,3405,1.3 - Castanha-do-pará,2226.0,12025.0
MT,2019,3408,1.6 - Palmito,127.0,143.0
MT,2019,3411,"2 - Aromáticos, medicinais, tóxicos e corantes",1.0,75.0
MT,2019,3412,2.1 - Ipecacuanha ou poaia (raiz),1.0,75.0
MT,2019,3416,3 - Borrachas,17.0,86.0
MT,2019,3418,3.2 - Hevea (látex coagulado),17.0,86.0
MT,2019,3433,7.1 - Carvão vegetal,11290.0,15655.0
MT,2019,3434,7.2 - Lenha,1333252.0,58827.0
MT,2019,3435,7.3 - Madeira em tora,3753771.0,584353.0
MT,2019,3438,8 - Oleaginosos,66.0,427.0
MT,2019,3439,8.1 - Babaçu (amêndoa),3.0,11.0
MT,2019,3440,8.2 - Copaíba (óleo),1.0,43.0
MT,2019,3444,8.6 - Pequi (amêndoa),62.0,373.0
MT,2019,39409,1.7 - Pequi (fruto),654.0,1172.0
MT,2020,3402,1 - Alimentícios,2044.0,10823.0
MT,2020,3405,1.3 - Castanha-do-pará,1682.0,10179.0
MT,2020,3408,1.6 - Palmito,107.0,362.0
MT,2020,3411,"2 - Aromáticos, medicinais, tóxicos e corantes",1.0,80.0
MT,2020,3412,2.1 - Ipecacuanha ou poaia (raiz),1.0,80.0
MT,2020,3416,3 - Borrachas,15.0,84.0
MT,2020,3418,3.2 - Hevea (látex coagulado),15.0,84.0
MT,2020,3433,7.1 - Carvão vegetal,10217.0,19006.0
MT,2020,3434,7.2 - Lenha,1439991.0,68690.0
MT,2020,3435,7.3 - Madeira em tora,3840651.0,606157.0
MT,2020,3438,8 - Oleaginosos,81.0,824.0
MT,2020,3439,8.1 - Babaçu (amêndoa),3.0,10.0
MT,2020,3440,8.2 - Copaíba (óleo),6.0,221.0
MT,2020,3444,8.6 - Pequi (amêndoa),72.0,593.0
MT,2020,39409,1.7 - Pequi (fruto),255.0,282.0
MT,2021,3402,1 - Alimentícios,2131.0,13309.0
MT,2021,3405,1.3 - Castanha-do-pará,1814.0,12805.0
MT,2021,3408,1.6 - Palmito,42.0,214.0
MT,2021,3411,"2 - Aromáticos, medicinais, tóxicos e corantes",1.0,90.0
MT,2021,3412,2.1 - Ipecacuanha ou poaia (raiz),1.0,90.0
MT,2021,3416,3 - Borrachas,19.0,114.0
MT,2021,3418,3.2 - Hevea (látex coagulado),19.0,114.0
MT,2021,3433,7.1 - Carvão vegetal,9384.0,20752.0
MT,2021,3434,7.2 - Lenha,1566017.0,88959.0
MT,2021,3435,7.3 - Madeira em tora,4467365.0,783531.0
MT,2021,3438,8 - Oleaginosos,85.0,996.0
MT,2021,3439,8.1 - Babaçu (amêndoa),3.0,12.0
MT,2021,3440,8.2 - Copaíba (óleo),6.0,270.0
MT,2021,3444,8.6 - Pequi (amêndoa),76.0,713.0
MT,2021,39409,1.7 - Pequi (fruto),276.0,290.0
MT,2022,3402,1 - Alimentícios,2448.0,16655.0
MT,2022,3405,1.3 - Castanha-do-pará,2205.0,16250.0
MT,2022,3408,1.6 - Palmito,37.0,191.0
MT,2022,3411,"2 - Aromáticos, medicinais, tóxicos e corantes",1.0,123.0
MT,2022,3412,2.1 - Ipecacuanha ou poaia (raiz),1.0,123.0
MT,2022,3416,3 - Borrachas,68.0,446.0
MT,2022,3418,3.2 - Hevea (látex coagulado),68.0,446.0
MT,2022,3433,7.1 - Carvão vegetal,11430.0,24340.0
MT,2022,3434,7.2 - Lenha,2209061.0,131456.0
MT,2022,3435,7.3 - Madeira em tora,4101102.0,766281.0
MT,2022,3438,8 - Oleaginosos,82.0,1084.0
MT,2022,3439,8.1 - Babaçu (amêndoa),3.0,15.0
MT,2022,3440,8.2 - Copaíba (óleo),7.0,348.0
MT,2022,3444,8.6 - Pequi (amêndoa),72.0,722.0
MT,2022,39409,1.7 - Pequi (fruto),206.0,214.0
MT,2023,3402,1 - Alimentícios,2745.0,13827.0
MT,2023,3403,1.1 - Açaí (fruto),8.0,36.0
MT,2023,3405,1.3 - Castanha-do-pará,1900.0,12114.0
MT,2023,3408,1.6 - Palmito,31.0,169.0
MT,2023,3411,"2 - Aromáticos, medicinais, tóxicos e corantes",1.0,131.0
MT,2023,3412,2.1 - Ipecacuanha ou poaia (raiz),1.0,131.0
MT,2023,3416,3 - Borrachas,25.0,131.0
MT,2023,3418,3.2 - Hevea (látex coagulado),25.0,131.0
MT,2023,3433,7.1 - Carvão vegetal,8800.0,20210.0
MT,2023,3434,7.2 - Lenha,1867033.0,117934.0
MT,2023,3435,7.3 - Madeira em tora,2075566.0,498193.0
MT,2023,3438,8 - Oleaginosos,78.0,1050.0
MT,2023,3440,8.2 - Copaíba (óleo),6.0,296.0
MT,2023,3444,8.6 - Pequi (amêndoa),72.0,753.0
MT,2023,39409,1.7 - Pequi (fruto),805.0,1507.0
MT,2024,3402,1 - Alimentícios,1992.0,11356.0
MT,2024,3403,1.1 - Açaí (fruto),4.0,17.0
MT,2024,3405,1.3 - Castanha-do-pará,1487.0,10507.0
MT,2024,3408,1.6 - Palmito,20.0,111.0
MT,2024,3411,"2 - Aromáticos, medicinais, tóxicos e corantes",1.0,169.0
MT,2024,3412,2.1 - Ipecacuanha ou poaia (raiz),1.0,169.0
MT,2024,3416,3 - Borrachas,24.0,135.0
MT,2024,3418,3.2 - Hevea (látex coagulado),24.0,135.0
MT,2024,3433,7.1 - Carvão vegetal,7144.0,16906.0
MT,2024,3434,7.2 - Lenha,3685894.0,258891.0
MT,2024,3435,7.3 - Madeira em tora,2625756.0,754126.0
MT,2024,3438,8 - Oleaginosos,85.0,1059.0
MT,2024,3440,8.2 - Copaíba (óleo),3.0,209.0
MT,2024,3444,8.6 - Pequi (amêndoa),82.0,850.0
MT,2024,39409,1.7 - Pequi (fruto),481.0,722.0
PA,2015,11296,1.10 - Outros,354.0,881.0
PA,2015,3402,1 - Alimentícios,138543.0,361405.0
PA,2015,3403,1.1 - Açaí (fruto),126027.0,327935.0
PA,2015,3404,1.2 - Castanha-de-caju,51.0,132.0
PA,2015,3405,1.3 - Castanha-do-pará,7967.0,19314.0
PA,2015,3408,1.6 - Palmito,4144.0,13142.0
PA,2015,3411,"2 - Aromáticos, medicinais, tóxicos e corantes",36.0,146.0
PA,2015,3413,2.2 - Jaborandi (folha),36.0,146.0
PA,2015,3415,2.4 - Outros,0.0,0.0
PA,2015,3416,3 - Borrachas,107.0,285.0
PA,2015,3418,3.2 - Hevea (látex coagulado),107.0,285.0
PA,2015,3423,5 - Fibras,320.0,676.0
PA,2015,3424,5.1 - Buriti,264.0,476.0
PA,2015,3427,5.4 - Outras,56.0,200.0
PA,2015,3428,6 - Gomas não elásticas,2.0,36.0
PA,2015,3429,6.1 - Balata,2.0,36.0
PA,2015,3433,7.1 - Carvão vegetal,26918.0,23226.0
PA,2015,3434,7.2 - Lenha,2175487.0,71671.0
PA,2015,3435,7.3 - Madeira em tora,4150193.0,994206.0
PA,2015,3438,8 - Oleaginosos,713.0,5686.0
PA,2015,3439,8.1 - Babaçu (amêndoa),15.0,32.0
PA,2015,3440,8.2 - Copaíba (óleo),17.0,383.0
PA,2015,3441,8.3 - Cumaru (amêndoa),82.0,2821.0
PA,2015,3444,8.6 - Pequi (amêndoa),442.0,1830.0
PA,2015,3445,8.7 - Tucum (amêndoa),11.0,22.0
PA,2015,3446,8.8 - Outros,146.0,597.0
PA,2015,3451,10 - Tanantes,2.0,17.0
PA,2015,3452,10.1 - Angico (casca),0.0,0.0
PA,2015,3453,10.2 - Barbatimão (casca),0.0,0.0
PA,2015,3454,10.3 - Outros,2.0,16.0
PA,2015,39409,1.7 - Pequi (fruto),1.0,2.0
PA,2016,11296,1.10 - Outros,480.0,1469.0
PA,2016,3402,1 - Alimentícios,143068.0,412507.0
PA,2016,3403,1.1 - Açaí (fruto),131836.0,376794.0
PA,2016,3404,1.2 - Castanha-de-caju,51.0,137.0
PA,2016,3405,1.3 - Castanha-do-pará,6866.0,19259.0
PA,2016,3408,1.6 - Palmito,3831.0,14837.0
PA,2016,3411,"2 - Aromáticos, medicinais, tóxicos e corantes",36.0,161.0
PA,2016,3413,2.2 - Jaborandi (folha),35.0,158.0
PA,2016,3415,2.4 - Outros,1.0,4.0
PA,2016,3416,3 - Borrachas,60.0,159.0
PA,2016,3418,3.2 - Hevea (látex coagulado),60.0,159.0
PA,2016,3423,5 - Fibras,318.0,686.0
PA,2016,3424,5.1 - Buriti,261.0,473.0
PA,2016,3427,5.4 - Outras,57.0,213.0
PA,2016,3428,6 - Gomas não elásticas,2.0,32.0
PA,2016,3429,6.1 - Balata,2.0,32.0
PA,2016,3433,7.1 - Carvão vegetal,24348.0,18356.0
PA,2016,3434,7.2 - Lenha,1842471.0,65994.0
PA,2016,3435,7.3 - Madeira em tora,3293290.0,748890.0
PA,2016,3438,8 - Oleaginosos,781.0,6917.0
PA,2016,3439,8.1 - Babaçu (amêndoa),13.0,47.0
PA,2016,3440,8.2 - Copaíba (óleo),15.0,365.0
PA,2016,3441,8.3 - Cumaru (amêndoa),127.0,3905.0
PA,2016,3444,8.6 - Pequi (amêndoa),453.0,1923.0
PA,2016,3445,8.7 - Tucum (amêndoa),9.0,16.0
PA,2016,3446,8.8 - Outros,163.0,662.0
PA,2016,3451,10 - Tanantes,1.0,14.0
PA,2016,3452,10.1 - Angico (casca),0.0,0.0
PA,2016,3453,10.2 - Barbatimão (casca),0.0,0.0
PA,2016,3454,10.3 - Outros,0.0,14.0
PA,2016,39409,1.7 - Pequi (fruto),4.0,11.0
PA,2017,11296,1.10 - Outros,496.0,1533.0
PA,2017,3402,1 - Alimentícios,150488.0,482145.0
PA,2017,3403,1.1 - Açaí (fruto),141913.0,443530.0
PA,2017,3404,1.2 - Castanha-de-caju,49.0,131.0
PA,2017,3405,1.3 - Castanha-do-pará,4186.0,23786.0
PA,2017,3408,1.6 - Palmito,3839.0,13152.0
PA,2017,3411,"2 - Aromáticos, medicinais, tóxicos e corantes",37.0,168.0
PA,2017,3413,2.2 - Jaborandi (folha),36.0,164.0
PA,2017,3415,2.4 - Outros,1.0,4.0
PA,2017,3416,3 - Borrachas,52.0,166.0
PA,2017,3418,3.2 - Hevea (látex coagulado),52.0,166.0
PA,2017,3423,5 - Fibras,314.0,706.0
PA,2017,3424,5.1 - Buriti,257.0,491.0
PA,2017,3427,5.4 - Outras,57.0,215.0
PA,2017,3433,7.1 - Carvão vegetal,23318.0,19889.0
PA,2017,3434,7.2 - Lenha,1847861.0,48716.0
PA,2017,3435,7.3 - Madeira em tora,3235375.0,779540.0
PA,2017,3438,8 - Oleaginosos,825.0,11234.0
PA,2017,3439,8.1 - Babaçu (amêndoa),15.0,58.0
PA,2017,3440,8.2 - Copaíba (óleo),22.0,516.0
PA,2017,3441,8.3 - Cumaru (amêndoa),118.0,3451.0
PA,2017,3444,8.6 - Pequi (amêndoa),464.0,2015.0
PA,2017,3445,8.7 - Tucum (amêndoa),36.0,20.0
PA,2017,3446,8.8 - Outros,170.0,5174.0
PA,2017,3451,10 - Tanantes,0.0,14.0
PA,2017,3452,10.1 - Angico (casca),0.0,0.0
PA,2017,3453,10.2 - Barbatimão (casca),0.0,0.0
PA,2017,3454,10.3 - Outros,0.0,14.0
PA,2017,39409,1.7 - Pequi (fruto),5.0,12.0
PA,2018,11296,1.10 - Outros,1645.0,2031.0
PA,2018,3402,1 - Alimentícios,160791.0,505953.0
PA,2018,3403,1.1 - Açaí (fruto),147730.0,454355.0
PA,2018,3404,1.2 - Castanha-de-caju,46.0,129.0
PA,2018,3405,1.3 - Castanha-do-pará,7726.0,36099.0
PA,2018,3408,1.6 - Palmito,3639.0,13325.0
PA,2018,3411,"2 - Aromáticos, medicinais, tóxicos e corantes",35.0,166.0
PA,2018,3413,2.2 - Jaborandi (folha),35.0,166.0
PA,2018,3416,3 - Borrachas,52.0,170.0
PA,2018,3418,3.2 - Hevea (látex coagulado),52.0,170.0
PA,2018,3423,5 - Fibras,264.0,529.0
PA,2018,3424,5.1 - Buriti,264.0,529.0
PA,2018,3433,7.1 - Carvão vegetal,16576.0,13535.0
PA,2018,3434,7.2 - Lenha,1483173.0,42077.0
PA,2018,3435,7.3 - Madeira em tora,3247263.0,765019.0
PA,2018,3438,8 - Oleaginosos,630.0,6451.0
PA,2018,3439,8.1 - Babaçu (amêndoa),13.0,54.0
PA,2018,3440,8.2 - Copaíba (óleo),20.0,517.0
PA,2018,3441,8.3 - Cumaru (amêndoa),135.0,3882.0
PA,2018,3444,8.6 - Pequi (amêndoa),441.0,1964.0
PA,2018,3445,8.7 - Tucum (amêndoa),1.0,2.0
PA,2018,3446,8.8 - Outros,19.0,33.0
PA,2018,3451,10 - Tanantes,0.0,10.0
PA,2018,3452,10.1 - Angico (casca),0.0,0.0
PA,2018,3453,10.2 - Barbatimão (casca),0.0,0.0
PA,2018,3454,10.3 - Outros,0.0,9.0
PA,2018,39409,1.7 - Pequi (fruto),5.0,13.0
PA,2019,11296,1.10 - Outros,2510.0,2763.0
PA,2019,3402,1 - Alimentícios,164955.0,520424.0
PA,2019,3403,1.1 - Açaí (fruto),151793.0,465444.0
PA,2019,3404,1.2 - Castanha-de-caju,62.0,160.0
PA,2019,3405,1.3 - Castanha-do-pará,6977.0,37934.0
PA,2019,3408,1.6 - Palmito,3607.0,14109.0
PA,2019,3411,"2 - Aromáticos, medicinais, tóxicos e corantes",36.0,171.0
PA,2019,3413,2.2 - Jaborandi (folha),36.0,171.0
PA,2019,3416,3 - Borrachas,45.0,153.0
PA,2019,3418,3.2 - Hevea (látex coagulado),45.0,153.0
PA,2019,3423,5 - Fibras,254.0,520.0
PA,2019,3424,5.1 - Buriti,249.0,505.0
PA,2019,3427,5.4 - Outras,5.0,15.0
PA,2019,3433,7.1 - Carvão vegetal,64060.0,56850.0
PA,2019,3434,7.2 - Lenha,1533469.0,42743.0
PA,2019,3435,7.3 - Madeira em tora,3761760.0,908690.0
PA,2019,3438,8 - Oleaginosos,579.0,5188.0
PA,2019,3439,8.1 - Babaçu (amêndoa),15.0,63.0
PA,2019,3440,8.2 - Copaíba (óleo),17.0,503.0
PA,2019,3441,8.3 - Cumaru (amêndoa),92.0,2669.0
PA,2019,3444,8.6 - Pequi (amêndoa),420.0,1910.0
PA,2019,3445,8.7 - Tucum (amêndoa),1.0,3.0
PA,2019,3446,8.8 - Outros,34.0,39.0
PA,2019,3451,10 - Tanantes,1.0,14.0
PA,2019,3452,10.1 - Angico (casca),0.0,2.0
PA,2019,3453,10.2 - Barbatimão (casca),0.0,4.0
PA,2019,3454,10.3 - Outros,0.0,8.0
PA,2019,39409,1.7 - Pequi (fruto),5.0,14.0
PA,2020,11296,1.10 - Outros,2697.0,4007.0
PA,2020,3402,1 - Alimentícios,164680.0,609215.0
PA,2020,3403,1.1 - Açaí (fruto),149671.0,569129.0
PA,2020,3404,1.2 - Castanha-de-caju,56.0,158.0
PA,2020,3405,1.3 - Castanha-do-pará,8643.0,20801.0
PA,2020,3408,1.6 - Palmito,3610.0,15108.0
PA,2020,3411,"2 - Aromáticos, medicinais, tóxicos e corantes",36.0,180.0
PA,2020,3413,2.2 - Jaborandi (folha),36.0,180.0
PA,2020,3416,3 - Borrachas,40.0,165.0
PA,2020,3418,3.2 - Hevea (látex coagulado),40.0,165.0
PA,2020,3423,5 - Fibras,275.0,612.0
PA,2020,3424,5.1 - Buriti,270.0,595.0
PA,2020,3427,5.4 - Outras,5.0,17.0
PA,2020,3433,7.1 - Carvão vegetal,72279.0,79457.0
PA,2020,3434,7.2 - Lenha,1592586.0,42194.0
PA,2020,3435,7.3 - Madeira em tora,3489308.0,845966.0
PA,2020,3438,8 - Oleaginosos,500.0,4622.0
PA,2020,3439,8.1 - Babaçu (amêndoa),12.0,58.0
PA,2020,3440,8.2 - Copaíba (óleo),14.0,431.0
PA,2020,3441,8.3 - Cumaru (amêndoa),87.0,2360.0
PA,2020,3444,8.6 - Pequi (amêndoa),346.0,1709.0
PA,2020,3445,8.7 - Tucum (amêndoa),1.0,3.0
PA,2020,3446,8.8 - Outros,40.0,60.0
PA,2020,3451,10 - Tanantes,0.0,12.0
PA,2020,3452,10.1 - Angico (casca),0.0,2.0
PA,2020,3453,10.2 - Barbatimão (casca),0.0,2.0
PA,2020,3454,10.3 - Outros,0.0,8.0
PA,2020,39409,1.7 - Pequi (fruto),3.0,12.0
PA,2021,11296,1.10 - Outros,2430.0,3466.0
PA,2021,3402,1 - Alimentícios,166453.0,654621.0
PA,2021,3403,1.1 - Açaí (fruto),154433.0,617345.0
PA,2021,3404,1.2 - Castanha-de-caju,53.0,158.0
PA,2021,3405,1.3 - Castanha-do-pará,5924.0,17375.0
PA,2021,3408,1.6 - Palmito,3608.0,16258.0
PA,2021,3411,"2 - Aromáticos, medicinais, tóxicos e corantes",38.0,188.0
PA,2021,3413,2.2 - Jaborandi (folha),38.0,188.0
PA,2021,3414,2.3 - Urucum (semente),0.0,1.0
PA,2021,3416,3 - Borrachas,34.0,128.0
PA,2021,3418,3.2 - Hevea (látex coagulado),34.0,128.0
PA,2021,3423,5 - Fibras,277.0,1082.0
PA,2021,3424,5.1 - Buriti,271.0,1058.0
PA,2021,3427,5.4 - Outras,6.0,25.0
PA,2021,3433,7.1 - Carvão vegetal,74113.0,101231.0
PA,2021,3434,7.2 - Lenha,1565557.0,43064.0
PA,2021,3435,7.3 - Madeira em tora,3870374.0,1134556.0
PA,2021,3438,8 - Oleaginosos,486.0,5269.0
PA,2021,3439,8.1 - Babaçu (amêndoa),13.0,73.0
PA,2021,3440,8.2 - Copaíba (óleo),16.0,553.0
PA,2021,3441,8.3 - Cumaru (amêndoa),80.0,2624.0
PA,2021,3444,8.6 - Pequi (amêndoa),320.0,1886.0
PA,2021,3445,8.7 - Tucum (amêndoa),1.0,3.0
PA,2021,3446,8.8 - Outros,55.0,130.0
PA,2021,3451,10 - Tanantes,0.0,13.0
PA,2021,3452,10.1 - Angico (casca),0.0,2.0
PA,2021,3453,10.2 - Barbatimão (casca),0.0,1.0
PA,2021,3454,10.3 - Outros,0.0,10.0
PA,2021,39409,1.7 - Pequi (fruto),4.0,19.0
PA,2022,11296,1.10 - Outros,2769.0,3611.0
PA,2022,3402,1 - Alimentícios,179952.0,692571.0
PA,2022,3403,1.1 - Açaí (fruto),164902.0,641974.0
PA,2022,3404,1.2 - Castanha-de-caju,46.0,146.0
PA,2022,3405,1.3 - Castanha-do-pará,8807.0,31075.0
PA,2022,3408,1.6 - Palmito,3424.0,15744.0
PA,2022,3411,"2 - Aromáticos, medicinais, tóxicos e corantes",50.0,746.0
PA,2022,3413,2.2 - Jaborandi (folha),50.0,744.0
PA,2022,3414,2.3 - Urucum (semente),0.0,2.0
PA,2022,3416,3 - Borrachas,36.0,173.0
PA,2022,3418,3.2 - Hevea (látex coagulado),36.0,173.0
PA,2022,3423,5 - Fibras,277.0,1144.0
PA,2022,3424,5.1 - Buriti,271.0,1117.0
PA,2022,3427,5.4 - Outras,6.0,27.0
PA,2022,3433,7.1 - Carvão vegetal,139485.0,141101.0
PA,2022,3434,7.2 - Lenha,1427196.0,39468.0
PA,2022,3435,7.3 - Madeira em tora,4749774.0,1530345.0
PA,2022,3438,8 - Oleaginosos,494.0,7079.0
PA,2022,3439,8.1 - Babaçu (amêndoa),11.0,65.0
PA,2022,3440,8.2 - Copaíba (óleo),18.0,744.0
PA,2022,3441,8.3 - Cumaru (amêndoa),99.0,3670.0
PA,2022,3444,8.6 - Pequi (amêndoa),331.0,2483.0
PA,2022,3445,8.7 - Tucum (amêndoa),1.0,3.0
PA,2022,3446,8.8 - Outros,34.0,115.0
PA,2022,3451,10 - Tanantes,0.0,12.0
PA,2022,3452,10.1 - Angico (casca),0.0,1.0
PA,2022,3453,10.2 - Barbatimão (casca),0.0,1.0
PA,2022,3454,10.3 - Outros,0.0,9.0
PA,2022,39409,1.7 - Pequi (fruto),4.0,21.0
PA,2023,11296,1.10 - Outros,2281.0,3377.0
PA,2023,3402,1 - Alimentícios,182575.0,700720.0
PA,2023,3403,1.1 - Açaí (fruto),167625.0,651058.0
PA,2023,3404,1.2 - Castanha-de-caju,43.0,141.0
PA,2023,3405,1.3 - Castanha-do-pará,9390.0,31526.0
PA,2023,3408,1.6 - Palmito,3230.0,14580.0
PA,2023,3411,"2 - Aromáticos, medicinais, tóxicos e corantes",0.0,5.0
PA,2023,3414,2.3 - Urucum (semente),0.0,3.0
PA,2023,3415,2.4 - Outros,0.0,2.0
PA,2023,3416,3 - Borrachas,20.0,102.0
PA,2023,3418,3.2 - Hevea (látex coagulado),20.0,102.0
PA,2023,3423,5 - Fibras,276.0,1178.0
PA,2023,3424,5.1 - Buriti,270.0,1153.0
PA,2023,3427,5.4 - Outras,5.0,24.0
PA,2023,3433,7.1 - Carvão vegetal,129647.0,101318.0
PA,2023,3434,7.2 - Lenha,1332537.0,40015.0
PA,2023,3435,7.3 - Madeira em tora,4985861.0,1763718.0
PA,2023,3438,8 - Oleaginosos,502.0,8379.0
PA,2023,3439,8.1 - Babaçu (amêndoa),14.0,121.0
PA,2023,3440,8.2 - Copaíba (óleo),17.0,789.0
PA,2023,3441,8.3 - Cumaru (amêndoa),90.0,4759.0
PA,2023,3444,8.6 - Pequi (amêndoa),322.0,2431.0
PA,2023,3445,8.7 - Tucum (amêndoa),1.0,4.0
PA,2023,3446,8.8 - Outros,57.0,275.0
PA,2023,3451,10 - Tanantes,0.0,11.0
PA,2023,3452,10.1 - Angico (casca),0.0,1.0
PA,2023,3453,10.2 - Barbatimão (casca),0.0,1.0
PA,2023,3454,10.3 - Outros,0.0,8.0
PA,2023,39409,1.7 - Pequi (fruto),7.0,37.0
PA,2024,11296,1.10 - Outros,2660.0,5088.0
PA,2024,3402,1 - Alimentícios,183118.0,884501.0
PA,2024,3403,1.1 - Açaí (fruto),168527.0,801911.0
PA,2024,3404,1.2 - Castanha-de-caju,39.0,134.0
PA,2024,3405,1.3 - Castanha-do-pará,8715.0,61660.0
PA,2024,3408,1.6 - Palmito,3170.0,15664.0
PA,2024,3411,"2 - Aromáticos, medicinais, tóxicos e corantes",0.0,5.0
PA,2024,3414,2.3 - Urucum (semente),0.0,3.0
PA,2024,3415,2.4 - Outros,0.0,2.0
PA,2024,3416,3 - Borrachas,9.0,112.0
PA,2024,3418,3.2 - Hevea (látex coagulado),9.0,112.0
PA,2024,3423,5 - Fibras,278.0,1275.0
PA,2024,3424,5.1 - Buriti,272.0,1250.0
PA,2024,3427,5.4 - Outras,6.0,25.0
PA,2024,3433,7.1 - Carvão vegetal,134444.0,108141.0
PA,2024,3434,7.2 - Lenha,1314718.0,44928.0
PA,2024,3435,7.3 - Madeira em tora,4466053.0,1679359.0
PA,2024,3438,8 - Oleaginosos,540.0,16751.0
PA,2024,3439,8.1 - Babaçu (amêndoa),15.0,144.0
PA,2024,3440,8.2 - Copaíba (óleo),14.0,728.0
PA,2024,3441,8.3 - Cumaru (amêndoa),154.0,13531.0
PA,2024,3444,8.6 - Pequi (amêndoa),270.0,2049.0
PA,2024,3445,8.7 - Tucum (amêndoa),1.0,4.0
PA,2024,3446,8.8 - Outros,85.0,296.0
PA,2024,3451,10 - Tanantes,0.0,7.0
PA,2024,3452,10.1 - Angico (casca),0.0,0.0
PA,2024,3453,10.2 - Barbatimão (casca),0.0,1.0
PA,2024,3454,10.3 - Outros,0.0,6.0
PA,2024,39409,1.7 - Pequi (fruto),7.0,44.0
RO,2015,11296,1.10 - Outros,31.0,60.0
RO,2015,3402,1 - Alimentícios,3839.0,9644.0
RO,2015,3403,1.1 - Açaí (fruto),1674.0,3711.0
RO,2015,3405,1.3 - Castanha-do-pará,1944.0,5408.0
RO,2015,3408,1.6 - Palmito,190.0,466.0
RO,2015,3416,3 - Borrachas,158.0,418.0
RO,2015,3418,3.2 - Hevea (látex coagulado),158.0,418.0
RO,2015,3419,3.3 - Hevea (látex líquido),0.0,0.0
RO,2015,3433,7.1 - Carvão vegetal,0.0,2.0
RO,2015,3434,7.2 - Lenha,477941.0,14923.0
RO,2015,3435,7.3 - Madeira em tora,1869493.0,159898.0
RO,2015,3438,8 - Oleaginosos,89.0,444.0
RO,2015,3440,8.2 - Copaíba (óleo),7.0,196.0
RO,2015,3446,8.8 - Outros,82.0,249.0
RO,2016,11296,1.10 - Outros,30.0,58.0
RO,2016,3402,1 - Alimentícios,3870.0,9634.0
RO,2016,3403,1.1 - Açaí (fruto),1605.0,3264.0
RO,2016,3405,1.3 - Castanha-do-pará,2055.0,5855.0
RO,2016,3408,1.6 - Palmito,179.0,457.0
RO,2016,3416,3 - Borrachas,155.0,397.0
RO,2016,3418,3.2 - Hevea (látex coagulado),155.0,397.0
RO,2016,3419,3.3 - Hevea (látex líquido),0.0,0.0
RO,2016,3434,7.2 - Lenha,46541.0,3017.0
RO,2016,3435,7.3 - Madeira em tora,1439010.0,172879.0
RO,2016,3438,8 - Oleaginosos,88.0,482.0
RO,2016,3440,8.2 - Copaíba (óleo),8.0,224.0
RO,2016,3446,8.8 - Outros,80.0,258.0
RO,2017,11296,1.10 - Outros,35.0,75.0
RO,2017,3402,1 - Alimentícios,3572.0,9205.0
RO,2017,3403,1.1 - Açaí (fruto),1503.0,3173.0
RO,2017,3405,1.3 - Castanha-do-pará,1865.0,5513.0
RO,2017,3408,1.6 - Palmito,169.0,443.0
RO,2017,3416,3 - Borrachas,143.0,380.0
RO,2017,3418,3.2 - Hevea (látex coagulado),143.0,380.0
RO,2017,3419,3.3 - Hevea (látex líquido),0.0,0.0
RO,2017,3434,7.2 - Lenha,51478.0,2674.0
RO,2017,3435,7.3 - Madeira em tora,1304683.0,162532.0
RO,2017,3438,8 - Oleaginosos,84.0,510.0
RO,2017,3440,8.2 - Copaíba (óleo),8.0,251.0
RO,2017,3446,8.8 - Outros,76.0,260.0
RO,2018,3402,1 - Alimentícios,3327.0,8817.0
RO,2018,3403,1.1 - Açaí (fruto),1410.0,3068.0
RO,2018,3405,1.3 - Castanha-do-pará,1755.0,5313.0
RO,2018,3408,1.6 - Palmito,162.0,436.0
RO,2018,3416,3 - Borrachas,134.0,368.0
RO,2018,3418,3.2 - Hevea (látex coagulado),134.0,368.0
RO,2018,3419,3.3 - Hevea (látex líquido),0.0,0.0
RO,2018,3434,7.2 - Lenha,48437.0,2592.0
RO,2018,3435,7.3 - Madeira em tora,1221029.0,157093.0
RO,2018,3438,8 - Oleaginosos,7.0,246.0
RO,2018,3440,8.2 - Copaíba (óleo),7.0,246.0
RO,2019,3402,1 - Alimentícios,3631.0,10602.0
RO,2019,3403,1.1 - Açaí (fruto),1601.0,3884.0
RO,2019,3405,1.3 - Castanha-do-pará,1878.0,6292.0
RO,2019,3408,1.6 - Palmito,152.0,427.0
RO,2019,3416,3 - Borrachas,145.0,453.0
RO,2019,3418,3.2 - Hevea (látex coagulado),145.0,453.0
RO,2019,3419,3.3 - Hevea (látex líquido),0.0,0.0
RO,2019,3433,7.1 - Carvão vegetal,256.0,8358.0
RO,2019,3434,7.2 - Lenha,52561.0,2961.0
RO,2019,3435,7.3 - Madeira em tora,1313559.0,178605.0
RO,2019,3438,8 - Oleaginosos,8.0,283.0
RO,2019,3440,8.2 - Copaíba (óleo),8.0,283.0
RO,2020,3402,1 - Alimentícios,3571.0,10673.0
RO,2020,3403,1.1 - Açaí (fruto),1482.0,3537.0
RO,2020,3405,1.3 - Castanha-do-pará,1920.0,6621.0
RO,2020,3408,1.6 - Palmito,170.0,515.0
RO,2020,3416,3 - Borrachas,133.0,400.0
RO,2020,3418,3.2 - Hevea (látex coagulado),133.0,400.0
RO,2020,3419,3.3 - Hevea (látex líquido),0.0,0.0
RO,2020,3433,7.1 - Carvão vegetal,5.0,3.0
RO,2020,3434,7.2 - Lenha,11840.0,621.0
RO,2020,3435,7.3 - Madeira em tora,829939.0,135902.0
RO,2020,3438,8 - Oleaginosos,8.0,261.0
RO,2020,3440,8.2 - Copaíba (óleo),8.0,261.0
RO,2021,3402,1 - Alimentícios,3516.0,10870.0
RO,2021,3403,1.1 - Açaí (fruto),1542.0,3912.0
RO,2021,3405,1.3 - Castanha-do-pará,1800.0,6378.0
RO,2021,3408,1.6 - Palmito,174.0,580.0
RO,2021,3416,3 - Borrachas,143.0,460.0
RO,2021,3418,3.2 - Hevea (látex coagulado),143.0,460.0
RO,2021,3435,7.3 - Madeira em tora,3008405.0,532502.0
RO,2021,3438,8 - Oleaginosos,8.0,318.0
RO,2021,3440,8.2 - Copaíba (óleo),8.0,318.0
RO,2022,11296,1.10 - Outros,1683.0,2149.0
RO,2022,3402,1 - Alimentícios,5036.0,15196.0
RO,2022,3403,1.1 - Açaí (fruto),1738.0,4761.0
RO,2022,3405,1.3 - Castanha-do-pará,1394.0,5963.0
RO,2022,3408,1.6 - Palmito,220.0,2323.0
RO,2022,3416,3 - Borrachas,156.0,562.0
RO,2022,3418,3.2 - Hevea (látex coagulado),156.0,562.0
RO,2022,3433,7.1 - Carvão vegetal,1635.0,1127.0
RO,2022,3434,7.2 - Lenha,1644.0,158.0
RO,2022,3435,7.3 - Madeira em tora,43226.0,6002.0
RO,2022,3438,8 - Oleaginosos,50.0,2660.0
RO,2022,3440,8.2 - Copaíba (óleo),49.0,2654.0
RO,2022,3446,8.8 - Outros,1.0,5.0
RO,2023,11296,1.10 - Outros,241.0,645.0
RO,2023,3402,1 - Alimentícios,2599.0,14536.0
RO,2023,3403,1.1 - Açaí (fruto),1189.0,5412.0
RO,2023,3405,1.3 - Castanha-do-pará,1003.0,6227.0
RO,2023,3408,1.6 - Palmito,166.0,2253.0
RO,2023,3411,"2 - Aromáticos, medicinais, tóxicos e corantes",0.0,11.0
RO,2023,3414,2.3 - Urucum (semente),0.0,11.0
RO,2023,3416,3 - Borrachas,232.0,1111.0
RO,2023,3418,3.2 - Hevea (látex coagulado),216.0,908.0
RO,2023,3419,3.3 - Hevea (látex líquido),16.0,203.0
RO,2023,3433,7.1 - Carvão vegetal,1375.0,2893.0
RO,2023,3434,7.2 - Lenha,113747.0,6569.0
RO,2023,3435,7.3 - Madeira em tora,837562.0,116158.0
RO,2023,3438,8 - Oleaginosos,42.0,2556.0
RO,2023,3440,8.2 - Copaíba (óleo),40.0,2547.0
RO,2023,3446,8.8 - Outros,2.0,9.0
RO,2024,11296,1.10 - Outros,313.0,908.0
RO,2024,3402,1 - Alimentícios,2510.0,14802.0
RO,2024,3403,1.1 - Açaí (fruto),1038.0,5433.0
RO,2024,3405,1.3 - Castanha-do-pará,1042.0,6704.0
RO,2024,3408,1.6 - Palmito,117.0,1757.0
RO,2024,3411,"2 - Aromáticos, medicinais, tóxicos e corantes",1.0,18.0
RO,2024,3414,2.3 - Urucum (semente),1.0,18.0
RO,2024,3416,3 - Borrachas,239.0,1174.0
RO,2024,3418,3.2 - Hevea (látex coagulado),222.0,1047.0
RO,2024,3419,3.3 - Hevea (látex líquido),18.0,127.0
RO,2024,3433,7.1 - Carvão vegetal,869.0,2552.0
RO,2024,3434,7.2 - Lenha,186128.0,17438.0
RO,2024,3435,7.3 - Madeira em tora,1323926.0,192125.0
RO,2024,3438,8 - Oleaginosos,43.0,2708.0
RO,2024,3440,8.2 - Copaíba (óleo),36.0,2664.0
RO,2024,3446,8.8 - Outros,8.0,43.0
RR,2015,11296,1.10 - Outros,0.0,0.0
RR,2015,3402,1 - Alimentícios,157.0,496.0
RR,2015,3403,1.1 - Açaí (fruto),1.0,4.0
RR,2015,3404,1.2 - Castanha-de-caju,1.0,4.0
RR,2015,3405,1.3 - Castanha-do-pará,155.0,489.0
RR,2015,3433,7.1 - Carvão vegetal,425.0,425.0
RR,2015,3434,7.2 - Lenha,97390.0,2502.0
RR,2015,3435,7.3 - Madeira em tora,357642.0,34403.0
RR,2016,11296,1.10 - Outros,0.0,0.0
RR,2016,3402,1 - Alimentícios,185.0,611.0
RR,2016,3403,1.1 - Açaí (fruto),23.0,44.0
RR,2016,3404,1.2 - Castanha-de-caju,1.0,3.0
RR,2016,3405,1.3 - Castanha-do-pará,161.0,563.0
RR,2016,3433,7.1 - Carvão vegetal,472.0,472.0
RR,2016,3434,7.2 - Lenha,99621.0,2499.0
RR,2016,3435,7.3 - Madeira em tora,426286.0,30390.0
RR,2017,11296,1.10 - Outros,0.0,0.0
RR,2017,3402,1 - Alimentícios,346.0,1009.0
RR,2017,3403,1.1 - Açaí (fruto),24.0,43.0
RR,2017,3405,1.3 - Castanha-do-pará,322.0,966.0
RR,2017,3434,7.2 - Lenha,95070.0,2377.0
RR,2017,3435,7.3 - Madeira em tora,796022.0,51002.0
RR,2018,3402,1 - Alimentícios,2255.0,5962.0
RR,2018,3403,1.1 - Açaí (fruto),25.0,63.0
RR,2018,3405,1.3 - Castanha-do-pará,2230.0,5899.0
RR,2018,3434,7.2 - Lenha,89540.0,2239.0
RR,2018,3435,7.3 - Madeira em tora,418756.0,56433.0
RR,2019,3402,1 - Alimentícios,1990.0,6641.0
RR,2019,3403,1.1 - Açaí (fruto),39.0,109.0
RR,2019,3404,1.2 - Castanha-de-caju,11.0,46.0
RR,2019,3405,1.3 - Castanha-do-pará,1940.0,6486.0
RR,2019,3433,7.1 - Carvão vegetal,64.0,63.0
RR,2019,3434,7.2 - Lenha,101550.0,2623.0
RR,2019,3435,7.3 - Madeira em tora,424800.0,52374.0
RR,2020,3402,1 - Alimentícios,2036.0,7797.0
RR,2020,3403,1.1 - Açaí (fruto),43.0,130.0
RR,2020,3404,1.2 - Castanha-de-caju,11.0,55.0
RR,2020,3405,1.3 - Castanha-do-pará,1982.0,7612.0
RR,2020,3433,7.1 - Carvão vegetal,72.0,73.0
RR,2020,3434,7.2 - Lenha,113450.0,2931.0
RR,2020,3435,7.3 - Madeira em tora,329800.0,38254.0
RR,2021,3402,1 - Alimentícios,1990.0,9292.0
RR,2021,3403,1.1 - Açaí (fruto),45.0,190.0
RR,2021,3404,1.2 - Castanha-de-caju,11.0,59.0
RR,2021,3405,1.3 - Castanha-do-pará,1934.0,9042.0
RR,2021,3433,7.1 - Carvão vegetal,77.0,85.0
RR,2021,3434,7.2 - Lenha,122910.0,3257.0
RR,2021,3435,7.3 - Madeira em tora,304200.0,38237.0
RR,2022,3402,1 - Alimentícios,1972.0,10779.0
RR,2022,3403,1.1 - Açaí (fruto),46.0,223.0
RR,2022,3404,1.2 - Castanha-de-caju,11.0,66.0
RR,2022,3405,1.3 - Castanha-do-pará,1915.0,10490.0
RR,2022,3433,7.1 - Carvão vegetal,89.0,100.0
RR,2022,3434,7.2 - Lenha,143600.0,3865.0
RR,2022,3435,7.3 - Madeira em tora,322300.0,39433.0
RR,2023,3402,1 - Alimentícios,1972.0,11957.0
RR,2023,3403,1.1 - Açaí (fruto),49.0,258.0
RR,2023,3404,1.2 - Castanha-de-caju,13.0,83.0
RR,2023,3405,1.3 - Castanha-do-pará,1910.0,11616.0
RR,2023,3433,7.1 - Carvão vegetal,96.0,106.0
RR,2023,3434,7.2 - Lenha,222899.0,5930.0
RR,2023,3435,7.3 - Madeira em tora,472429.0,59865.0
RR,2024,3402,1 - Alimentícios,1822.0,11567.0
RR,2024,3403,1.1 - Açaí (fruto),54.0,343.0
RR,2024,3404,1.2 - Castanha-de-caju,15.0,107.0
RR,2024,3405,1.3 - Castanha-do-pará,1753.0,11117.0
RR,2024,3433,7.1 - Carvão vegetal,100.0,116.0
RR,2024,3434,7.2 - Lenha,78380.0,2116.0
RR,2024,3435,7.3 - Madeira em tora,355570.0,46845.0
TO,2015,3423,5 - Fibras,2.0,2.0
TO,2015,3424,5.1 - Buriti,0.0,1.0
TO,2015,3427,5.4 - Outras,2.0,1.0
TO,2015,3433,7.1 - Carvão vegetal,70156.0,62858.0
TO,2015,3434,7.2 - Lenha,925736.0,16452.0
TO,2015,3435,7.3 - Madeira em tora,80470.0,8557.0
TO,2015,3438,8 - Oleaginosos,234.0,274.0
TO,2015,3439,8.1 - Babaçu (amêndoa),234.0,274.0
TO,2016,3402,1 - Alimentícios,912.0,464.0
TO,2016,3433,7.1 - Carvão vegetal,30411.0,30697.0
TO,2016,3434,7.2 - Lenha,1211779.0,25501.0
TO,2016,3435,7.3 - Madeira em tora,53985.0,6657.0
TO,2016,3438,8 - Oleaginosos,257.0,341.0
TO,2016,3439,8.1 - Babaçu (amêndoa),257.0,341.0
TO,2016,39409,1.7 - Pequi (fruto),912.0,464.0
TO,2017,11296,1.10 - Outros,94.0,358.0
TO,2017,3402,1 - Alimentícios,2200.0,2122.0
TO,2017,3403,1.1 - Açaí (fruto),1.0,4.0
TO,2017,3405,1.3 - Castanha-do-pará,2.0,5.0
TO,2017,3407,1.5 - Mangaba (fruto),4.0,38.0
TO,2017,3423,5 - Fibras,392.0,544.0
TO,2017,3424,5.1 - Buriti,69.0,374.0
TO,2017,3427,5.4 - Outras,323.0,170.0
TO,2017,3433,7.1 - Carvão vegetal,28499.0,29992.0
TO,2017,3434,7.2 - Lenha,906068.0,20481.0
TO,2017,3435,7.3 - Madeira em tora,62067.0,7227.0
TO,2017,3438,8 - Oleaginosos,307.0,863.0
TO,2017,3439,8.1 - Babaçu (amêndoa),304.0,855.0
TO,2017,3444,8.6 - Pequi (amêndoa),3.0,8.0
TO,2017,39409,1.7 - Pequi (fruto),2099.0,1716.0
TO,2018,11296,1.10 - Outros,26.0,70.0
TO,2018,3402,1 - Alimentícios,3545.0,2342.0
TO,2018,3403,1.1 - Açaí (fruto),14.0,73.0
TO,2018,3423,5 - Fibras,46.0,217.0
TO,2018,3424,5.1 - Buriti,46.0,217.0
TO,2018,3433,7.1 - Carvão vegetal,6316.0,4928.0
TO,2018,3434,7.2 - Lenha,805512.0,19181.0
TO,2018,3435,7.3 - Madeira em tora,36486.0,4349.0
TO,2018,3438,8 - Oleaginosos,412.0,1167.0
TO,2018,3439,8.1 - Babaçu (amêndoa),412.0,1167.0
TO,2018,39409,1.7 - Pequi (fruto),3505.0,2198.0
TO,2019,11296,1.10 - Outros,60.0,402.0
TO,2019,3402,1 - Alimentícios,3769.0,2839.0
TO,2019,3403,1.1 - Açaí (fruto),30.0,233.0
TO,2019,3423,5 - Fibras,49.0,213.0
TO,2019,3424,5.1 - Buriti,49.0,213.0
TO,2019,3433,7.1 - Carvão vegetal,8522.0,9466.0
TO,2019,3434,7.2 - Lenha,369049.0,8377.0
TO,2019,3435,7.3 - Madeira em tora,8828.0,1169.0
TO,2019,3438,8 - Oleaginosos,411.0,1166.0
TO,2019,3439,8.1 - Babaçu (amêndoa),411.0,1166.0
TO,2019,39409,1.7 - Pequi (fruto),3678.0,2204.0
TO,2020,11296,1.10 - Outros,40.0,92.0
TO,2020,3402,1 - Alimentícios,25299.0,18912.0
TO,2020,3403,1.1 - Açaí (fruto),31.0,236.0
TO,2020,3423,5 - Fibras,45.0,224.0
TO,2020,3424,5.1 - Buriti,44.0,216.0
TO,2020,3427,5.4 - Outras,1.0,8.0
TO,2020,3433,7.1 - Carvão vegetal,5064.0,5887.0
TO,2020,3434,7.2 - Lenha,381601.0,11938.0
TO,2020,3435,7.3 - Madeira em tora,14340.0,2000.0
TO,2020,3438,8 - Oleaginosos,390.0,1104.0
TO,2020,3439,8.1 - Babaçu (amêndoa),390.0,1104.0
TO,2020,39409,1.7 - Pequi (fruto),25229.0,18584.0
TO,2021,11296,1.10 - Outros,327.0,1750.0
TO,2021,3402,1 - Alimentícios,15607.0,16153.0
TO,2021,3403,1.1 - Açaí (fruto),37.0,220.0
TO,2021,3407,1.5 - Mangaba (fruto),8.0,120.0
TO,2021,3423,5 - Fibras,39.0,215.0
TO,2021,3424,5.1 - Buriti,38.0,208.0
TO,2021,3427,5.4 - Outras,1.0,7.0
TO,2021,3433,7.1 - Carvão vegetal,6681.0,7984.0
TO,2021,3434,7.2 - Lenha,386635.0,13283.0
TO,2021,3435,7.3 - Madeira em tora,13195.0,2086.0
TO,2021,3438,8 - Oleaginosos,520.0,1424.0
TO,2021,3439,8.1 - Babaçu (amêndoa),269.0,945.0
TO,2021,3444,8.6 - Pequi (amêndoa),251.0,480.0
TO,2021,39409,1.7 - Pequi (fruto),15234.0,14063.0
TO,2022,11296,1.10 - Outros,235.0,1306.0
TO,2022,3402,1 - Alimentícios,3882.0,5720.0
TO,2022,3403,1.1 - Açaí (fruto),40.0,247.0
TO,2022,3407,1.5 - Mangaba (fruto),1.0,17.0
TO,2022,3416,3 - Borrachas,36.0,202.0
TO,2022,3418,3.2 - Hevea (látex coagulado),36.0,202.0
TO,2022,3423,5 - Fibras,1.0,8.0
TO,2022,3427,5.4 - Outras,1.0,8.0
TO,2022,3433,7.1 - Carvão vegetal,3169.0,4273.0
TO,2022,3434,7.2 - Lenha,407369.0,19856.0
TO,2022,3435,7.3 - Madeira em tora,13288.0,2180.0
TO,2022,3438,8 - Oleaginosos,301.0,1378.0
TO,2022,3439,8.1 - Babaçu (amêndoa),286.0,1048.0
TO,2022,3446,8.8 - Outros,15.0,330.0
TO,2022,39409,1.7 - Pequi (fruto),3606.0,4150.0
TO,2023,11296,1.10 - Outros,317.0,1732.0
TO,2023,3402,1 - Alimentícios,3418.0,6033.0
TO,2023,3403,1.1 - Açaí (fruto),26.0,173.0
TO,2023,3407,1.5 - Mangaba (fruto),6.0,72.0
TO,2023,3423,5 - Fibras,1.0,9.0
TO,2023,3427,5.4 - Outras,1.0,9.0
TO,2023,3433,7.1 - Carvão vegetal,2737.0,3798.0
TO,2023,3434,7.2 - Lenha,683583.0,44735.0
TO,2023,3435,7.3 - Madeira em tora,19068.0,3909.0
TO,2023,3438,8 - Oleaginosos,315.0,2134.0
TO,2023,3439,8.1 - Babaçu (amêndoa),288.0,1406.0
TO,2023,3440,8.2 - Copaíba (óleo),0.0,3.0
TO,2023,3446,8.8 - Outros,27.0,725.0
TO,2023,39409,1.7 - Pequi (fruto),3069.0,4057.0
TO,2024,11296,1.10 - Outros,243.0,1386.0
TO,2024,3402,1 - Alimentícios,3349.0,5820.0
TO,2024,3403,1.1 - Açaí (fruto),27.0,198.0
TO,2024,3407,1.5 - Mangaba (fruto),12.0,167.0
TO,2024,3408,1.6 - Palmito,1.0,10.0
TO,2024,3423,5 - Fibras,7.0,13.0
TO,2024,3424,5.1 - Buriti,6.0,6.0
TO,2024,3427,5.4 - Outras,1.0,7.0
TO,2024,3433,7.1 - Carvão vegetal,1370.0,2804.0
TO,2024,3434,7.2 - Lenha,347074.0,22942.0
TO,2024,3435,7.3 - Madeira em tora,11473.0,2451.0
TO,2024,3438,8 - Oleaginosos,1296.0,8580.0
TO,2024,3439,8.1 - Babaçu (amêndoa),1281.0,8205.0
TO,2024,3446,8.8 - Outros,15.0,375.0
TO,2024,39409,1.7 - Pequi (fruto),3065.0,4058.0
