uf,ano,receita_liquida_mil_reais
AC,2007,309422
AC,2008,340004
AC,2009,521783
AC,2010,537275
AC,2011,646818
AC,2012,
AC,2013,829852
AC,2014,1129467
AC,2015,988174
AC,2016,1314416
AC,2017,957445
AC,2018,1081703
AC,2019,1019658
AC,2020,1089485
AC,2021,1770797
AC,2022,1972338
AC,2023,2525807
AC,2024,3376228
AP,2007,197355
AP,2008,188535
AP,2009,208255
AP,2010,199621
AP,2011,342929
AP,2012,
AP,2013,986576
AP,2014,1153314
AP,2015,915649
AP,2016,1007211
AP,2017,897875
AP,2018,1123829
AP,2019,1009389
AP,2020,1648889
AP,2021,1438622
AP,2022,1106762
AP,2023,1197894
AP,2024,1341609
AM,2007,50208427
AM,2008,56490215
AM,2009,53205647
AM,2010,59477021
AM,2011,64182370
AM,2012,66759083
AM,2013,79243075
AM,2014,83411278
AM,2015,77484916
AM,2016,73596001
AM,2017,81264795
AM,2018,92281809
AM,2019,101738379
AM,2020,110587116
AM,2021,143704696
AM,2022,168018030
AM,2023,166316729
AM,2024,192627477
MA,2007,5943394
MA,2008,6791808
MA,2009,4705207
MA,2010,5714279
MA,2011,7717660
MA,2012,10153173
MA,2013,10883421
MA,2014,13341445
MA,2015,15942404
MA,2016,14775087
MA,2017,15288802
MA,2018,19281344
MA,2019,17142896
MA,2020,21470185
MA,2021,28901243
MA,2022,35620022
MA,2023,34888038
MA,2024,37982794
MT,2007,16313915
MT,2008,21364906
MT,2009,24956977
MT,2010,26161409
MT,2011,29871178
MT,2012,40342136
MT,2013,40338143
MT,2014,42605611
MT,2015,44799784
MT,2016,45525754
MT,2017,47273572
MT,2018,60922238
MT,2019,63243226
MT,2020,85025051
MT,2021,122096948
MT,2022,147849390
MT,2023,133655691
MT,2024,128328986
PA,2007,14440857
PA,2008,16741650
PA,2009,13552991
PA,2010,16117877
PA,2011,17309011
PA,2012,17811459
PA,2013,18578942
PA,2014,22626661
PA,2015,25732152
PA,2016,25836301
PA,2017,26472866
PA,2018,27465817
PA,2019,28793867
PA,2020,38962545
PA,2021,54919887
PA,2022,62223212
PA,2023,61317296
PA,2024,73062342
RO,2007,2453127
RO,2008,3102720
RO,2009,3335816
RO,2010,4325520
RO,2011,6018649
RO,2012,6095660
RO,2013,7680375
RO,2014,8186649
RO,2015,8719840
RO,2016,9475380
RO,2017,9094031
RO,2018,9262096
RO,2019,9756613
RO,2020,12250602
RO,2021,14522183
RO,2022,16468620
RO,2023,17316905
RO,2024,19687183
RR,2007,81788
RR,2008,133771
RR,2009,122110
RR,2010,
RR,2011,121257
RR,2012,110444
RR,2013,158491
RR,2014,208657
RR,2015,234403
RR,2016,264320
RR,2017,207640
RR,2018,198679
RR,2019,244091
RR,2020,311385
RR,2021,475993
RR,2022,579824
RR,2023,644325
RR,2024,1081285
TO,2007,1190294
TO,2008,1187953
TO,2009,1354460
TO,2010,2053079
TO,2011,2879086
TO,2012,2878423
TO,2013,3771547
TO,2014,4861139
TO,2015,5420583
TO,2016,5113238
TO,2017,4792166
TO,2018,5559059
TO,2019,5817670
TO,2020,8716205
TO,2021,13330639
TO,2022,16130347
TO,2023,15642420
TO,2024,17522758
