uf,ano,cnae,cnae_nome,tabela,unidades_locais,empresas,pessoal_ocupado_3112,valor_bruto_prod_ind_mil_rs,valor_transf_ind_mil_rs,receita_liquida_vendas_mil_rs,salarios_remuneracoes_mil_rs
AC,2023,116880,B Indústrias extrativas,1849,7.0,,34.0,3308.0,2777.0,3454.0,
AC,2024,116880,B Indústrias extrativas,10457,4.0,4.0,58.0,7031.0,4717.0,7136.0,
AM,2023,116880,B Indústrias extrativas,1849,16.0,,2031.0,5210037.0,4403768.0,6307911.0,
AM,2024,116880,B Indústrias extrativas,10457,14.0,11.0,1997.0,4942151.0,3981341.0,5010566.0,
AP,2023,116880,B Indústrias extrativas,1849,10.0,,172.0,98235.0,55147.0,98952.0,
AP,2024,116880,B Indústrias extrativas,10457,8.0,8.0,138.0,43531.0,32505.0,43531.0,
MA,2023,116880,B Indústrias extrativas,1849,58.0,,3328.0,4948642.0,2220292.0,4892164.0,
MA,2024,116880,B Indústrias extrativas,10457,49.0,43.0,3248.0,4239827.0,2020405.0,3943947.0,
MT,2023,116880,B Indústrias extrativas,1849,166.0,,4993.0,3500415.0,1975650.0,3482166.0,
MT,2024,116880,B Indústrias extrativas,10457,169.0,159.0,6075.0,3696239.0,2072184.0,3672277.0,
PA,2023,116880,B Indústrias extrativas,1849,98.0,,24660.0,84954260.0,45790843.0,84636335.0,
PA,2024,116880,B Indústrias extrativas,10457,103.0,75.0,26278.0,94983314.0,46881584.0,94671039.0,
RO,2023,116880,B Indústrias extrativas,1849,78.0,,1737.0,1000559.0,304357.0,997841.0,
RO,2024,116880,B Indústrias extrativas,10457,71.0,63.0,1581.0,1035842.0,313135.0,1106908.0,
RR,2023,116880,B Indústrias extrativas,1849,6.0,,148.0,23437.0,12281.0,23437.0,
RR,2024,116880,B Indústrias extrativas,10457,7.0,5.0,137.0,38099.0,25152.0,38416.0,
TO,2023,116880,B Indústrias extrativas,1849,51.0,,1462.0,973019.0,686617.0,968287.0,
TO,2024,116880,B Indústrias extrativas,10457,57.0,56.0,1608.0,862797.0,569293.0,863738.0,
AC,2023,116881,05 Extração de carvão mineral,1849,,,,,,,
AC,2024,116881,05 Extração de carvão mineral,10457,,,,,,,
AM,2023,116881,05 Extração de carvão mineral,1849,,,,,,,
AM,2024,116881,05 Extração de carvão mineral,10457,,,,,,,
AP,2023,116881,05 Extração de carvão mineral,1849,,,,,,,
AP,2024,116881,05 Extração de carvão mineral,10457,,,,,,,
MA,2023,116881,05 Extração de carvão mineral,1849,,,,,,,
MA,2024,116881,05 Extração de carvão mineral,10457,,,,,,,
MT,2023,116881,05 Extração de carvão mineral,1849,,,,,,,
MT,2024,116881,05 Extração de carvão mineral,10457,,,,,,,
PA,2023,116881,05 Extração de carvão mineral,1849,,,,,,,
PA,2024,116881,05 Extração de carvão mineral,10457,,,,,,,
RO,2023,116881,05 Extração de carvão mineral,1849,,,,,,,
RO,2024,116881,05 Extração de carvão mineral,10457,,,,,,,
RR,2023,116881,05 Extração de carvão mineral,1849,,,,,,,
RR,2024,116881,05 Extração de carvão mineral,10457,,,,,,,
TO,2023,116881,05 Extração de carvão mineral,1849,,,,,,,
TO,2024,116881,05 Extração de carvão mineral,10457,,,,,,,
AC,2023,116884,06 Extração de petróleo e gás natural,1849,,,,,,,
AC,2024,116884,06 Extração de petróleo e gás natural,10457,,,,,,,
AM,2023,116884,06 Extração de petróleo e gás natural,1849,2.0,,,,,,
AM,2024,116884,06 Extração de petróleo e gás natural,10457,2.0,2.0,,,,,
AP,2023,116884,06 Extração de petróleo e gás natural,1849,,,,,,,
AP,2024,116884,06 Extração de petróleo e gás natural,10457,,,,,,,
MA,2023,116884,06 Extração de petróleo e gás natural,1849,1.0,,,,,,
MA,2024,116884,06 Extração de petróleo e gás natural,10457,1.0,1.0,,,,,
MT,2023,116884,06 Extração de petróleo e gás natural,1849,,,,,,,
MT,2024,116884,06 Extração de petróleo e gás natural,10457,1.0,1.0,,,,,
PA,2023,116884,06 Extração de petróleo e gás natural,1849,,,,,,,
PA,2024,116884,06 Extração de petróleo e gás natural,10457,,,,,,,
RO,2023,116884,06 Extração de petróleo e gás natural,1849,,,,,,,
RO,2024,116884,06 Extração de petróleo e gás natural,10457,,,,,,,
RR,2023,116884,06 Extração de petróleo e gás natural,1849,,,,,,,
RR,2024,116884,06 Extração de petróleo e gás natural,10457,,,,,,,
TO,2023,116884,06 Extração de petróleo e gás natural,1849,,,,,,,
TO,2024,116884,06 Extração de petróleo e gás natural,10457,,,,,,,
AC,2023,116887,07 Extração de minerais metálicos,1849,,,,,,,
AC,2024,116887,07 Extração de minerais metálicos,10457,,,,,,,
AM,2023,116887,07 Extração de minerais metálicos,1849,1.0,,,,,,
AM,2024,116887,07 Extração de minerais metálicos,10457,1.0,1.0,,,,,
AP,2023,116887,07 Extração de minerais metálicos,1849,5.0,,91.0,53120.0,14627.0,53837.0,
AP,2024,116887,07 Extração de minerais metálicos,10457,3.0,3.0,,,,,
MA,2023,116887,07 Extração de minerais metálicos,1849,13.0,,1983.0,3028925.0,877991.0,2981845.0,
MA,2024,116887,07 Extração de minerais metálicos,10457,8.0,4.0,1933.0,2832484.0,998224.0,2545911.0,
MT,2023,116887,07 Extração de minerais metálicos,1849,34.0,,,,,,
MT,2024,116887,07 Extração de minerais metálicos,10457,39.0,37.0,2750.0,1415421.0,709454.0,1412574.0,
PA,2023,116887,07 Extração de minerais metálicos,1849,39.0,,23367.0,84441687.0,45430591.0,84200169.0,
PA,2024,116887,07 Extração de minerais metálicos,10457,44.0,18.0,24873.0,94350944.0,46466190.0,94140264.0,
RO,2023,116887,07 Extração de minerais metálicos,1849,28.0,,,,,,
RO,2024,116887,07 Extração de minerais metálicos,10457,23.0,18.0,843.0,860764.0,210252.0,936452.0,
RR,2023,116887,07 Extração de minerais metálicos,1849,1.0,,,,,,
RR,2024,116887,07 Extração de minerais metálicos,10457,1.0,1.0,,,,,
TO,2023,116887,07 Extração de minerais metálicos,1849,1.0,,,,,,
TO,2024,116887,07 Extração de minerais metálicos,10457,4.0,3.0,,,,,
AC,2023,116897,08 Extração de minerais não-metálicos,1849,7.0,,34.0,3308.0,2777.0,3454.0,
AC,2024,116897,08 Extração de minerais não-metálicos,10457,4.0,4.0,58.0,7031.0,4717.0,7136.0,
AM,2023,116897,08 Extração de minerais não-metálicos,1849,9.0,,226.0,168410.0,132565.0,164251.0,
AM,2024,116897,08 Extração de minerais não-metálicos,10457,6.0,4.0,205.0,144407.0,95618.0,138999.0,
AP,2023,116897,08 Extração de minerais não-metálicos,1849,5.0,,81.0,45115.0,40520.0,45115.0,
AP,2024,116897,08 Extração de minerais não-metálicos,10457,5.0,5.0,,,,,
MA,2023,116897,08 Extração de minerais não-metálicos,1849,41.0,,872.0,350824.0,198348.0,342169.0,
MA,2024,116897,08 Extração de minerais não-metálicos,10457,36.0,35.0,863.0,354321.0,194330.0,345014.0,
MT,2023,116897,08 Extração de minerais não-metálicos,1849,131.0,,2780.0,2212458.0,1352566.0,2216702.0,
MT,2024,116897,08 Extração de minerais não-metálicos,10457,125.0,117.0,3276.0,2272154.0,1355330.0,2251039.0,
PA,2023,116897,08 Extração de minerais não-metálicos,1849,52.0,,1277.0,510346.0,358639.0,433902.0,
PA,2024,116897,08 Extração de minerais não-metálicos,10457,54.0,52.0,1338.0,618279.0,402648.0,516764.0,
RO,2023,116897,08 Extração de minerais não-metálicos,1849,49.0,,788.0,237359.0,167169.0,242122.0,
RO,2024,116897,08 Extração de minerais não-metálicos,10457,47.0,44.0,,,,,
RR,2023,116897,08 Extração de minerais não-metálicos,1849,5.0,,,,,,
RR,2024,116897,08 Extração de minerais não-metálicos,10457,6.0,4.0,,,,,
TO,2023,116897,08 Extração de minerais não-metálicos,1849,50.0,,,,,,
TO,2024,116897,08 Extração de minerais não-metálicos,10457,53.0,53.0,,,,,
AC,2023,116905,09 Atividades de apoio à extração de minerais,1849,,,,,,,
AC,2024,116905,09 Atividades de apoio à extração de minerais,10457,,,,,,,
AM,2023,116905,09 Atividades de apoio à extração de minerais,1849,4.0,,105.0,98241.0,62560.0,99934.0,
AM,2024,116905,09 Atividades de apoio à extração de minerais,10457,5.0,4.0,,,,,
AP,2023,116905,09 Atividades de apoio à extração de minerais,1849,,,,,,,
AP,2024,116905,09 Atividades de apoio à extração de minerais,10457,,,,,,,
MA,2023,116905,09 Atividades de apoio à extração de minerais,1849,3.0,,,,,,
MA,2024,116905,09 Atividades de apoio à extração de minerais,10457,4.0,3.0,,,,,
MT,2023,116905,09 Atividades de apoio à extração de minerais,1849,1.0,,,,,,
MT,2024,116905,09 Atividades de apoio à extração de minerais,10457,4.0,4.0,,,,,
PA,2023,116905,09 Atividades de apoio à extração de minerais,1849,7.0,,16.0,2227.0,1613.0,2264.0,
PA,2024,116905,09 Atividades de apoio à extração de minerais,10457,5.0,5.0,67.0,14091.0,12746.0,14011.0,
RO,2023,116905,09 Atividades de apoio à extração de minerais,1849,1.0,,,,,,
RO,2024,116905,09 Atividades de apoio à extração de minerais,10457,1.0,1.0,,,,,
RR,2023,116905,09 Atividades de apoio à extração de minerais,1849,,,,,,,
RR,2024,116905,09 Atividades de apoio à extração de minerais,10457,,,,,,,
TO,2023,116905,09 Atividades de apoio à extração de minerais,1849,,,,,,,
TO,2024,116905,09 Atividades de apoio à extração de minerais,10457,,,,,,,
AC,2023,116910,C Indústrias de transformação,1849,252.0,,6233.0,2473148.0,646546.0,2550686.0,
AC,2024,116910,C Indústrias de transformação,10457,265.0,238.0,6377.0,3346512.0,920625.0,3411153.0,
AM,2023,116910,C Indústrias de transformação,1849,1251.0,,113086.0,164997999.0,58242578.0,169063246.0,
AM,2024,116910,C Indústrias de transformação,10457,1290.0,1189.0,125257.0,194238832.0,71595817.0,196886748.0,
AP,2023,116910,C Indústrias de transformação,1849,206.0,,4337.0,1214761.0,459623.0,1361749.0,
AP,2024,116910,C Indústrias de transformação,10457,220.0,212.0,4894.0,1388214.0,559640.0,1382202.0,
MA,2023,116910,C Indústrias de transformação,1849,1341.0,,41324.0,34694147.0,10099096.0,36655698.0,
MA,2024,116910,C Indústrias de transformação,10457,1411.0,1329.0,44078.0,37730581.0,12514501.0,39240586.0,
MT,2023,116910,C Indústrias de transformação,1849,3773.0,,117393.0,135416930.0,36551016.0,145816763.0,
MT,2024,116910,C Indústrias de transformação,10457,3745.0,3466.0,120414.0,131324886.0,39449198.0,135244183.0,
PA,2023,116910,C Indústrias de transformação,1849,2360.0,,98187.0,61269407.0,16806134.0,61981337.0,
PA,2024,116910,C Indústrias de transformação,10457,2475.0,2233.0,100930.0,73643554.0,23265380.0,73863741.0,
RO,2023,116910,C Indústrias de transformação,1849,1196.0,,31828.0,17691657.0,5605891.0,17879352.0,
RO,2024,116910,C Indústrias de transformação,10457,1212.0,1135.0,31202.0,19869794.0,5778376.0,20063902.0,
RR,2023,116910,C Indústrias de transformação,1849,143.0,,3246.0,684370.0,238610.0,654823.0,
RR,2024,116910,C Indústrias de transformação,10457,193.0,182.0,3687.0,1068913.0,353282.0,1094545.0,
TO,2023,116910,C Indústrias de transformação,1849,727.0,,19281.0,15753867.0,4053343.0,15926364.0,
TO,2024,116910,C Indústrias de transformação,10457,755.0,717.0,20472.0,17946695.0,5027845.0,17881195.0,
AC,2023,116911,10 Fabricação de produtos alimentícios,1849,114.0,,3547.0,2117035.0,458996.0,2175413.0,
AC,2024,116911,10 Fabricação de produtos alimentícios,10457,111.0,87.0,3721.0,2927490.0,701769.0,2976614.0,
AM,2023,116911,10 Fabricação de produtos alimentícios,1849,242.0,,6581.0,3576135.0,907744.0,4053997.0,
AM,2024,116911,10 Fabricação de produtos alimentícios,10457,248.0,242.0,5711.0,5427932.0,1404870.0,5664157.0,
AP,2023,116911,10 Fabricação de produtos alimentícios,1849,86.0,,1478.0,293051.0,116886.0,276299.0,
AP,2024,116911,10 Fabricação de produtos alimentícios,10457,94.0,90.0,1885.0,458108.0,182902.0,437366.0,
MA,2023,116911,10 Fabricação de produtos alimentícios,1849,356.0,,8301.0,5933184.0,1409897.0,6065593.0,
MA,2024,116911,10 Fabricação de produtos alimentícios,10457,362.0,342.0,9363.0,5145959.0,1495730.0,5280737.0,
MT,2023,116911,10 Fabricação de produtos alimentícios,1849,722.0,,58590.0,74246643.0,19086075.0,76450099.0,
MT,2024,116911,10 Fabricação de produtos alimentícios,10457,765.0,639.0,60532.0,71730934.0,19382020.0,73516463.0,
PA,2023,116911,10 Fabricação de produtos alimentícios,1849,819.0,,41980.0,23040220.0,6435557.0,23500491.0,
PA,2024,116911,10 Fabricação de produtos alimentícios,10457,752.0,691.0,41692.0,27231886.0,7205184.0,27673936.0,
RO,2023,116911,10 Fabricação de produtos alimentícios,1849,350.0,,17329.0,13845886.0,4027003.0,13919705.0,
RO,2024,116911,10 Fabricação de produtos alimentícios,10457,373.0,321.0,17417.0,15343580.0,4042399.0,15480519.0,
RR,2023,116911,10 Fabricação de produtos alimentícios,1849,38.0,,904.0,452409.0,135540.0,427004.0,
RR,2024,116911,10 Fabricação de produtos alimentícios,10457,74.0,73.0,1362.0,807109.0,237627.0,826401.0,
TO,2023,116911,10 Fabricação de produtos alimentícios,1849,211.0,,10295.0,11967918.0,2309252.0,12050576.0,
TO,2024,116911,10 Fabricação de produtos alimentícios,10457,226.0,206.0,11053.0,14071011.0,2951161.0,13925113.0,
AC,2023,116952,11 Fabricação de bebidas,1849,11.0,,341.0,22795.0,14301.0,22410.0,
AC,2024,116952,11 Fabricação de bebidas,10457,14.0,14.0,349.0,30958.0,15859.0,31159.0,
AM,2023,116952,11 Fabricação de bebidas,1849,29.0,,3241.0,11132410.0,8299936.0,11362314.0,
AM,2024,116952,11 Fabricação de bebidas,10457,27.0,24.0,3243.0,11916246.0,9075129.0,12038382.0,
AP,2023,116952,11 Fabricação de bebidas,1849,4.0,,340.0,8707.0,6262.0,8853.0,
AP,2024,116952,11 Fabricação de bebidas,10457,5.0,5.0,326.0,12182.0,9613.0,12155.0,
MA,2023,116952,11 Fabricação de bebidas,1849,63.0,,3302.0,2509799.0,1262389.0,3791007.0,
MA,2024,116952,11 Fabricação de bebidas,10457,58.0,46.0,3338.0,2955234.0,1490570.0,3192988.0,
MT,2023,116952,11 Fabricação de bebidas,1849,49.0,,3733.0,3019703.0,1790723.0,3991512.0,
MT,2024,116952,11 Fabricação de bebidas,10457,50.0,42.0,4008.0,3511662.0,2057074.0,3756130.0,
PA,2023,116952,11 Fabricação de bebidas,1849,44.0,,3260.0,1831912.0,882762.0,2145663.0,
PA,2024,116952,11 Fabricação de bebidas,10457,47.0,43.0,3490.0,2258037.0,844032.0,2499953.0,
RO,2023,116952,11 Fabricação de bebidas,1849,22.0,,1217.0,417055.0,172500.0,551866.0,
RO,2024,116952,11 Fabricação de bebidas,10457,22.0,18.0,1184.0,875902.0,414461.0,1005697.0,
RR,2023,116952,11 Fabricação de bebidas,1849,5.0,,287.0,20007.0,11908.0,19951.0,
RR,2024,116952,11 Fabricação de bebidas,10457,5.0,4.0,,,,,
TO,2023,116952,11 Fabricação de bebidas,1849,7.0,,421.0,11464.0,4492.0,11416.0,
TO,2024,116952,11 Fabricação de bebidas,10457,9.0,7.0,463.0,15908.0,8549.0,16015.0,
AC,2023,116960,12 Fabricação de produtos do fumo,1849,1.0,,,,,,
AC,2024,116960,12 Fabricação de produtos do fumo,10457,1.0,1.0,,,,,
AM,2023,116960,12 Fabricação de produtos do fumo,1849,1.0,,,,,,
AM,2024,116960,12 Fabricação de produtos do fumo,10457,1.0,1.0,,,,,
AP,2023,116960,12 Fabricação de produtos do fumo,1849,1.0,,,,,,
AP,2024,116960,12 Fabricação de produtos do fumo,10457,,,,,,,
MA,2023,116960,12 Fabricação de produtos do fumo,1849,1.0,,,,,,
MA,2024,116960,12 Fabricação de produtos do fumo,10457,1.0,1.0,,,,,
MT,2023,116960,12 Fabricação de produtos do fumo,1849,2.0,,,,,,
MT,2024,116960,12 Fabricação de produtos do fumo,10457,2.0,2.0,,,,,
PA,2023,116960,12 Fabricação de produtos do fumo,1849,4.0,,76.0,,,,
PA,2024,116960,12 Fabricação de produtos do fumo,10457,3.0,1.0,,,,,
RO,2023,116960,12 Fabricação de produtos do fumo,1849,1.0,,,,,,
RO,2024,116960,12 Fabricação de produtos do fumo,10457,1.0,1.0,,,,,
RR,2023,116960,12 Fabricação de produtos do fumo,1849,1.0,,,,,,
RR,2024,116960,12 Fabricação de produtos do fumo,10457,1.0,1.0,,,,,
TO,2023,116960,12 Fabricação de produtos do fumo,1849,1.0,,,,,,
TO,2024,116960,12 Fabricação de produtos do fumo,10457,1.0,1.0,,,,,
AC,2023,116965,13 Fabricação de produtos têxteis,1849,,,,,,,
AC,2024,116965,13 Fabricação de produtos têxteis,10457,,,,,,,
AM,2023,116965,13 Fabricação de produtos têxteis,1849,16.0,,789.0,180383.0,68123.0,185649.0,
AM,2024,116965,13 Fabricação de produtos têxteis,10457,9.0,9.0,908.0,243417.0,96515.0,241691.0,
AP,2023,116965,13 Fabricação de produtos têxteis,1849,3.0,,23.0,1894.0,1338.0,1894.0,
AP,2024,116965,13 Fabricação de produtos têxteis,10457,4.0,4.0,31.0,2828.0,2488.0,3122.0,
MA,2023,116965,13 Fabricação de produtos têxteis,1849,13.0,,126.0,12628.0,5695.0,13567.0,
MA,2024,116965,13 Fabricação de produtos têxteis,10457,14.0,14.0,162.0,13117.0,9493.0,13460.0,
MT,2023,116965,13 Fabricação de produtos têxteis,1849,61.0,,1208.0,932366.0,186553.0,947888.0,
MT,2024,116965,13 Fabricação de produtos têxteis,10457,64.0,62.0,1552.0,848677.0,272179.0,869181.0,
PA,2023,116965,13 Fabricação de produtos têxteis,1849,27.0,,1423.0,135035.0,73396.0,143520.0,
PA,2024,116965,13 Fabricação de produtos têxteis,10457,18.0,18.0,,,,,
RO,2023,116965,13 Fabricação de produtos têxteis,1849,6.0,,52.0,5364.0,2513.0,5674.0,
RO,2024,116965,13 Fabricação de produtos têxteis,10457,6.0,6.0,57.0,7369.0,5294.0,7378.0,
RR,2023,116965,13 Fabricação de produtos têxteis,1849,4.0,,79.0,4702.0,3547.0,4793.0,
RR,2024,116965,13 Fabricação de produtos têxteis,10457,4.0,3.0,,,,,
TO,2023,116965,13 Fabricação de produtos têxteis,1849,3.0,,40.0,1965.0,1587.0,2176.0,
TO,2024,116965,13 Fabricação de produtos têxteis,10457,5.0,5.0,32.0,1647.0,1224.0,1871.0,
AC,2023,116985,14 Confecção de artigos do vestuário e acessórios,1849,14.0,,131.0,19576.0,12130.0,19576.0,
AC,2024,116985,14 Confecção de artigos do vestuário e acessórios,10457,15.0,15.0,176.0,16402.0,11283.0,16802.0,
AM,2023,116985,14 Confecção de artigos do vestuário e acessórios,1849,31.0,,872.0,110329.0,56697.0,106755.0,
AM,2024,116985,14 Confecção de artigos do vestuário e acessórios,10457,36.0,36.0,958.0,112032.0,67261.0,114860.0,
AP,2023,116985,14 Confecção de artigos do vestuário e acessórios,1849,5.0,,76.0,4249.0,3229.0,5437.0,
AP,2024,116985,14 Confecção de artigos do vestuário e acessórios,10457,11.0,11.0,143.0,11105.0,8119.0,11359.0,
MA,2023,116985,14 Confecção de artigos do vestuário e acessórios,1849,106.0,,2088.0,106082.0,64889.0,107789.0,
MA,2024,116985,14 Confecção de artigos do vestuário e acessórios,10457,95.0,91.0,1658.0,84682.0,61371.0,82482.0,
MT,2023,116985,14 Confecção de artigos do vestuário e acessórios,1849,112.0,,1522.0,307780.0,146261.0,300570.0,
MT,2024,116985,14 Confecção de artigos do vestuário e acessórios,10457,118.0,116.0,1360.0,426220.0,222343.0,426025.0,
PA,2023,116985,14 Confecção de artigos do vestuário e acessórios,1849,105.0,,1445.0,93313.0,37189.0,101080.0,
PA,2024,116985,14 Confecção de artigos do vestuário e acessórios,10457,88.0,84.0,1227.0,178063.0,94315.0,183223.0,
RO,2023,116985,14 Confecção de artigos do vestuário e acessórios,1849,64.0,,922.0,58708.0,36857.0,64706.0,
RO,2024,116985,14 Confecção de artigos do vestuário e acessórios,10457,74.0,73.0,786.0,45679.0,32007.0,46225.0,
RR,2023,116985,14 Confecção de artigos do vestuário e acessórios,1849,9.0,,142.0,7354.0,5464.0,8285.0,
RR,2024,116985,14 Confecção de artigos do vestuário e acessórios,10457,14.0,14.0,148.0,8810.0,5701.0,8932.0,
TO,2023,116985,14 Confecção de artigos do vestuário e acessórios,1849,36.0,,428.0,27621.0,12549.0,27753.0,
TO,2024,116985,14 Confecção de artigos do vestuário e acessórios,10457,30.0,30.0,336.0,25602.0,16599.0,26427.0,
AC,2023,116994,"15 Preparação de couros e fabricação de artefatos de couro, artigos para viagem e calçados",1849,2.0,,,,,,
AC,2024,116994,"15 Preparação de couros e fabricação de artefatos de couro, artigos para viagem e calçados",10457,2.0,2.0,,,,,
AM,2023,116994,"15 Preparação de couros e fabricação de artefatos de couro, artigos para viagem e calçados",1849,7.0,,,,,,
AM,2024,116994,"15 Preparação de couros e fabricação de artefatos de couro, artigos para viagem e calçados",10457,3.0,3.0,,,,,
AP,2023,116994,"15 Preparação de couros e fabricação de artefatos de couro, artigos para viagem e calçados",1849,,,,,,,
AP,2024,116994,"15 Preparação de couros e fabricação de artefatos de couro, artigos para viagem e calçados",10457,,,,,,,
MA,2023,116994,"15 Preparação de couros e fabricação de artefatos de couro, artigos para viagem e calçados",1849,13.0,,1385.0,404393.0,187989.0,402463.0,
MA,2024,116994,"15 Preparação de couros e fabricação de artefatos de couro, artigos para viagem e calçados",10457,14.0,14.0,1516.0,437515.0,192400.0,431351.0,
MT,2023,116994,"15 Preparação de couros e fabricação de artefatos de couro, artigos para viagem e calçados",1849,14.0,,1432.0,700337.0,310704.0,421663.0,
MT,2024,116994,"15 Preparação de couros e fabricação de artefatos de couro, artigos para viagem e calçados",10457,12.0,11.0,1548.0,642655.0,241434.0,209617.0,
PA,2023,116994,"15 Preparação de couros e fabricação de artefatos de couro, artigos para viagem e calçados",1849,19.0,,1547.0,420569.0,173287.0,442091.0,
PA,2024,116994,"15 Preparação de couros e fabricação de artefatos de couro, artigos para viagem e calçados",10457,16.0,11.0,1660.0,427161.0,160560.0,415904.0,
RO,2023,116994,"15 Preparação de couros e fabricação de artefatos de couro, artigos para viagem e calçados",1849,9.0,,893.0,439570.0,199178.0,348950.0,
RO,2024,116994,"15 Preparação de couros e fabricação de artefatos de couro, artigos para viagem e calçados",10457,8.0,7.0,959.0,357480.0,83935.0,210070.0,
RR,2023,116994,"15 Preparação de couros e fabricação de artefatos de couro, artigos para viagem e calçados",1849,,,,,,,
RR,2024,116994,"15 Preparação de couros e fabricação de artefatos de couro, artigos para viagem e calçados",10457,1.0,1.0,,,,,
TO,2023,116994,"15 Preparação de couros e fabricação de artefatos de couro, artigos para viagem e calçados",1849,8.0,,346.0,132752.0,26805.0,116600.0,
TO,2024,116994,"15 Preparação de couros e fabricação de artefatos de couro, artigos para viagem e calçados",10457,8.0,7.0,,,,,
AC,2023,117007,16 Fabricação de produtos de madeira,1849,20.0,,912.0,116957.0,79801.0,114643.0,
AC,2024,117007,16 Fabricação de produtos de madeira,10457,20.0,20.0,791.0,102029.0,60484.0,108971.0,
AM,2023,117007,16 Fabricação de produtos de madeira,1849,27.0,,581.0,126919.0,71466.0,136295.0,
AM,2024,117007,16 Fabricação de produtos de madeira,10457,22.0,21.0,787.0,125140.0,69312.0,126062.0,
AP,2023,117007,16 Fabricação de produtos de madeira,1849,8.0,,1035.0,402434.0,228479.0,421057.0,
AP,2024,117007,16 Fabricação de produtos de madeira,10457,12.0,12.0,,,,,
MA,2023,117007,16 Fabricação de produtos de madeira,1849,7.0,,124.0,7402.0,5207.0,7464.0,
MA,2024,117007,16 Fabricação de produtos de madeira,10457,10.0,10.0,128.0,11230.0,7345.0,11161.0,
MT,2023,117007,16 Fabricação de produtos de madeira,1849,538.0,,8205.0,1391200.0,822128.0,1547374.0,
MT,2024,117007,16 Fabricação de produtos de madeira,10457,430.0,413.0,7892.0,1538347.0,1083155.0,1569642.0,
PA,2023,117007,16 Fabricação de produtos de madeira,1849,227.0,,9964.0,2444823.0,970296.0,2420171.0,
PA,2024,117007,16 Fabricação de produtos de madeira,10457,220.0,207.0,8562.0,2564306.0,1116716.0,2448047.0,
RO,2023,117007,16 Fabricação de produtos de madeira,1849,219.0,,3922.0,541486.0,284883.0,561424.0,
RO,2024,117007,16 Fabricação de produtos de madeira,10457,184.0,181.0,3428.0,434476.0,202029.0,460105.0,
RR,2023,117007,16 Fabricação de produtos de madeira,1849,17.0,,235.0,26395.0,14793.0,27923.0,
RR,2024,117007,16 Fabricação de produtos de madeira,10457,15.0,15.0,204.0,26955.0,20172.0,27450.0,
TO,2023,117007,16 Fabricação de produtos de madeira,1849,11.0,,128.0,21882.0,12643.0,24574.0,
TO,2024,117007,16 Fabricação de produtos de madeira,10457,12.0,12.0,168.0,53331.0,43792.0,53991.0,
AC,2023,117015,"17 Fabricação de celulose, papel e produtos de papel",1849,,,,,,,
AC,2024,117015,"17 Fabricação de celulose, papel e produtos de papel",10457,2.0,2.0,,,,,
AM,2023,117015,"17 Fabricação de celulose, papel e produtos de papel",1849,49.0,,3023.0,1407401.0,553232.0,1416202.0,
AM,2024,117015,"17 Fabricação de celulose, papel e produtos de papel",10457,50.0,49.0,3193.0,1715547.0,814472.0,1738346.0,
AP,2023,117015,"17 Fabricação de celulose, papel e produtos de papel",1849,,,,,,,
AP,2024,117015,"17 Fabricação de celulose, papel e produtos de papel",10457,,,,,,,
MA,2023,117015,"17 Fabricação de celulose, papel e produtos de papel",1849,15.0,,1558.0,4181029.0,2490241.0,3796850.0,
MA,2024,117015,"17 Fabricação de celulose, papel e produtos de papel",10457,15.0,8.0,,,,,
MT,2023,117015,"17 Fabricação de celulose, papel e produtos de papel",1849,19.0,,222.0,58897.0,27104.0,59091.0,
MT,2024,117015,"17 Fabricação de celulose, papel e produtos de papel",10457,13.0,13.0,190.0,57377.0,22573.0,58092.0,
PA,2023,117015,"17 Fabricação de celulose, papel e produtos de papel",1849,24.0,,981.0,560946.0,428397.0,514683.0,
PA,2024,117015,"17 Fabricação de celulose, papel e produtos de papel",10457,29.0,15.0,,,,,
RO,2023,117015,"17 Fabricação de celulose, papel e produtos de papel",1849,7.0,,79.0,19392.0,9458.0,19489.0,
RO,2024,117015,"17 Fabricação de celulose, papel e produtos de papel",10457,11.0,11.0,106.0,24822.0,7883.0,24951.0,
RR,2023,117015,"17 Fabricação de celulose, papel e produtos de papel",1849,1.0,,,,,,
RR,2024,117015,"17 Fabricação de celulose, papel e produtos de papel",10457,1.0,1.0,,,,,
TO,2023,117015,"17 Fabricação de celulose, papel e produtos de papel",1849,5.0,,,,,,
TO,2024,117015,"17 Fabricação de celulose, papel e produtos de papel",10457,7.0,7.0,57.0,21536.0,7169.0,24292.0,
AC,2023,117029,18 Impressão e reprodução de gravações,1849,8.0,,91.0,5131.0,3316.0,5403.0,
AC,2024,117029,18 Impressão e reprodução de gravações,10457,11.0,10.0,84.0,12826.0,10825.0,13169.0,
AM,2023,117029,18 Impressão e reprodução de gravações,1849,47.0,,688.0,250778.0,201865.0,583581.0,
AM,2024,117029,18 Impressão e reprodução de gravações,10457,49.0,47.0,738.0,329927.0,242463.0,683162.0,
AP,2023,117029,18 Impressão e reprodução de gravações,1849,14.0,,93.0,8776.0,3967.0,8776.0,
AP,2024,117029,18 Impressão e reprodução de gravações,10457,15.0,15.0,112.0,23002.0,11073.0,22882.0,
MA,2023,117029,18 Impressão e reprodução de gravações,1849,57.0,,651.0,63543.0,46271.0,65266.0,
MA,2024,117029,18 Impressão e reprodução de gravações,10457,91.0,91.0,1001.0,125900.0,106848.0,128385.0,
MT,2023,117029,18 Impressão e reprodução de gravações,1849,105.0,,1118.0,198802.0,136623.0,201866.0,
MT,2024,117029,18 Impressão e reprodução de gravações,10457,105.0,105.0,980.0,125813.0,99306.0,127183.0,
PA,2023,117029,18 Impressão e reprodução de gravações,1849,95.0,,878.0,95292.0,69941.0,99341.0,
PA,2024,117029,18 Impressão e reprodução de gravações,10457,124.0,121.0,1280.0,192854.0,127605.0,193121.0,
RO,2023,117029,18 Impressão e reprodução de gravações,1849,51.0,,420.0,35029.0,23437.0,35920.0,
RO,2024,117029,18 Impressão e reprodução de gravações,10457,29.0,28.0,328.0,35926.0,26587.0,36716.0,
RR,2023,117029,18 Impressão e reprodução de gravações,1849,5.0,,49.0,8170.0,7869.0,8170.0,
RR,2024,117029,18 Impressão e reprodução de gravações,10457,7.0,7.0,,,,,
TO,2023,117029,18 Impressão e reprodução de gravações,1849,28.0,,250.0,18852.0,9508.0,22227.0,
TO,2024,117029,18 Impressão e reprodução de gravações,10457,27.0,27.0,297.0,22435.0,17226.0,23114.0,
AC,2023,117039,"19 Fabricação de coque, de produtos derivados do petróleo e de biocombustíveis",1849,,,,,,,
AC,2024,117039,"19 Fabricação de coque, de produtos derivados do petróleo e de biocombustíveis",10457,,,,,,,
AM,2023,117039,"19 Fabricação de coque, de produtos derivados do petróleo e de biocombustíveis",1849,15.0,,689.0,10816506.0,539783.0,10816928.0,
AM,2024,117039,"19 Fabricação de coque, de produtos derivados do petróleo e de biocombustíveis",10457,8.0,5.0,,,,,
AP,2023,117039,"19 Fabricação de coque, de produtos derivados do petróleo e de biocombustíveis",1849,,,,,,,
AP,2024,117039,"19 Fabricação de coque, de produtos derivados do petróleo e de biocombustíveis",10457,,,,,,,
MA,2023,117039,"19 Fabricação de coque, de produtos derivados do petróleo e de biocombustíveis",1849,7.0,,2287.0,620242.0,304215.0,444509.0,
MA,2024,117039,"19 Fabricação de coque, de produtos derivados do petróleo e de biocombustíveis",10457,7.0,6.0,2286.0,398436.0,202605.0,524961.0,
MT,2023,117039,"19 Fabricação de coque, de produtos derivados do petróleo e de biocombustíveis",1849,33.0,,7399.0,16861930.0,5124905.0,23615085.0,
MT,2024,117039,"19 Fabricação de coque, de produtos derivados do petróleo e de biocombustíveis",10457,34.0,29.0,7725.0,20625578.0,6233344.0,21506559.0,
PA,2023,117039,"19 Fabricação de coque, de produtos derivados do petróleo e de biocombustíveis",1849,8.0,,1709.0,1120215.0,239214.0,1076729.0,
PA,2024,117039,"19 Fabricação de coque, de produtos derivados do petróleo e de biocombustíveis",10457,7.0,6.0,1785.0,1449843.0,312134.0,1419594.0,
RO,2023,117039,"19 Fabricação de coque, de produtos derivados do petróleo e de biocombustíveis",1849,1.0,,,,,,
RO,2024,117039,"19 Fabricação de coque, de produtos derivados do petróleo e de biocombustíveis",10457,2.0,2.0,,,,,
RR,2023,117039,"19 Fabricação de coque, de produtos derivados do petróleo e de biocombustíveis",1849,2.0,,,,,,
RR,2024,117039,"19 Fabricação de coque, de produtos derivados do petróleo e de biocombustíveis",10457,2.0,2.0,,,,,
TO,2023,117039,"19 Fabricação de coque, de produtos derivados do petróleo e de biocombustíveis",1849,1.0,,,,,,
TO,2024,117039,"19 Fabricação de coque, de produtos derivados do petróleo e de biocombustíveis",10457,1.0,1.0,,,,,
AC,2023,117048,20 Fabricação de produtos químicos,1849,5.0,,,,,,
AC,2024,117048,20 Fabricação de produtos químicos,10457,7.0,7.0,,,,,
AM,2023,117048,20 Fabricação de produtos químicos,1849,55.0,,3591.0,4241279.0,1517635.0,4377704.0,
AM,2024,117048,20 Fabricação de produtos químicos,10457,52.0,47.0,3982.0,4784444.0,1819352.0,4741232.0,
AP,2023,117048,20 Fabricação de produtos químicos,1849,5.0,,58.0,7936.0,5129.0,15766.0,
AP,2024,117048,20 Fabricação de produtos químicos,10457,5.0,4.0,48.0,12088.0,10364.0,13866.0,
MA,2023,117048,20 Fabricação de produtos químicos,1849,37.0,,2342.0,7390788.0,850336.0,7707418.0,
MA,2024,117048,20 Fabricação de produtos químicos,10457,44.0,41.0,2525.0,7446143.0,856775.0,7521413.0,
MT,2023,117048,20 Fabricação de produtos químicos,1849,148.0,,4192.0,27424172.0,3625085.0,27396507.0,
MT,2024,117048,20 Fabricação de produtos químicos,10457,144.0,93.0,4126.0,20278031.0,3878587.0,21228708.0,
PA,2023,117048,20 Fabricação de produtos químicos,1849,80.0,,3629.0,5194027.0,1200029.0,5208835.0,
PA,2024,117048,20 Fabricação de produtos químicos,10457,91.0,74.0,3970.0,4297123.0,819372.0,4365620.0,
RO,2023,117048,20 Fabricação de produtos químicos,1849,36.0,,284.0,97503.0,54129.0,105862.0,
RO,2024,117048,20 Fabricação de produtos químicos,10457,35.0,32.0,334.0,105510.0,66240.0,110452.0,
RR,2023,117048,20 Fabricação de produtos químicos,1849,2.0,,,,,,
RR,2024,117048,20 Fabricação de produtos químicos,10457,3.0,3.0,,,,,
TO,2023,117048,20 Fabricação de produtos químicos,1849,27.0,,1098.0,933839.0,267573.0,908358.0,
TO,2024,117048,20 Fabricação de produtos químicos,10457,32.0,25.0,1068.0,742409.0,319410.0,724802.0,
AC,2023,117082,21 Fabricação de produtos farmoquímicos e farmacêuticos,1849,1.0,,,,,,
AC,2024,117082,21 Fabricação de produtos farmoquímicos e farmacêuticos,10457,,,,,,,
AM,2023,117082,21 Fabricação de produtos farmoquímicos e farmacêuticos,1849,3.0,,1108.0,3008473.0,1827242.0,3006624.0,
AM,2024,117082,21 Fabricação de produtos farmoquímicos e farmacêuticos,10457,4.0,4.0,,,,,
AP,2023,117082,21 Fabricação de produtos farmoquímicos e farmacêuticos,1849,1.0,,,,,,
AP,2024,117082,21 Fabricação de produtos farmoquímicos e farmacêuticos,10457,1.0,1.0,,,,,
MA,2023,117082,21 Fabricação de produtos farmoquímicos e farmacêuticos,1849,1.0,,,,,,
MA,2024,117082,21 Fabricação de produtos farmoquímicos e farmacêuticos,10457,1.0,1.0,,,,,
MT,2023,117082,21 Fabricação de produtos farmoquímicos e farmacêuticos,1849,2.0,,,,,,
MT,2024,117082,21 Fabricação de produtos farmoquímicos e farmacêuticos,10457,2.0,2.0,,,,,
PA,2023,117082,21 Fabricação de produtos farmoquímicos e farmacêuticos,1849,,,,,,,
PA,2024,117082,21 Fabricação de produtos farmoquímicos e farmacêuticos,10457,,,,,,,
RO,2023,117082,21 Fabricação de produtos farmoquímicos e farmacêuticos,1849,1.0,,,,,,
RO,2024,117082,21 Fabricação de produtos farmoquímicos e farmacêuticos,10457,4.0,4.0,68.0,18884.0,6504.0,4300.0,
RR,2023,117082,21 Fabricação de produtos farmoquímicos e farmacêuticos,1849,,,,,,,
RR,2024,117082,21 Fabricação de produtos farmoquímicos e farmacêuticos,10457,,,,,,,
TO,2023,117082,21 Fabricação de produtos farmoquímicos e farmacêuticos,1849,1.0,,,,,,
TO,2024,117082,21 Fabricação de produtos farmoquímicos e farmacêuticos,10457,2.0,2.0,,,,,
AC,2023,117089,22 Fabricação de produtos de borracha e de material plástico,1849,9.0,,163.0,33634.0,13285.0,39248.0,
AC,2024,117089,22 Fabricação de produtos de borracha e de material plástico,10457,8.0,7.0,147.0,47006.0,13861.0,42082.0,
AM,2023,117089,22 Fabricação de produtos de borracha e de material plástico,1849,133.0,,11375.0,10643283.0,3878811.0,10822757.0,
AM,2024,117089,22 Fabricação de produtos de borracha e de material plástico,10457,148.0,140.0,12946.0,12762079.0,4489379.0,12979932.0,
AP,2023,117089,22 Fabricação de produtos de borracha e de material plástico,1849,2.0,,,,,,
AP,2024,117089,22 Fabricação de produtos de borracha e de material plástico,10457,4.0,3.0,,,,,
MA,2023,117089,22 Fabricação de produtos de borracha e de material plástico,1849,35.0,,569.0,143534.0,49301.0,174339.0,
MA,2024,117089,22 Fabricação de produtos de borracha e de material plástico,10457,45.0,43.0,586.0,81158.0,35508.0,100722.0,
MT,2023,117089,22 Fabricação de produtos de borracha e de material plástico,1849,126.0,,2887.0,951734.0,291122.0,1013595.0,
MT,2024,117089,22 Fabricação de produtos de borracha e de material plástico,10457,106.0,106.0,2920.0,1156365.0,403493.0,1170084.0,
PA,2023,117089,22 Fabricação de produtos de borracha e de material plástico,1849,83.0,,2050.0,619648.0,204270.0,671333.0,
PA,2024,117089,22 Fabricação de produtos de borracha e de material plástico,10457,92.0,86.0,2392.0,507391.0,189709.0,531700.0,
RO,2023,117089,22 Fabricação de produtos de borracha e de material plástico,1849,33.0,,561.0,78142.0,33359.0,80131.0,
RO,2024,117089,22 Fabricação de produtos de borracha e de material plástico,10457,33.0,31.0,466.0,107798.0,50502.0,112802.0,
RR,2023,117089,22 Fabricação de produtos de borracha e de material plástico,1849,1.0,,,,,,
RR,2024,117089,22 Fabricação de produtos de borracha e de material plástico,10457,1.0,1.0,,,,,
TO,2023,117089,22 Fabricação de produtos de borracha e de material plástico,1849,22.0,,247.0,74115.0,21516.0,83548.0,
TO,2024,117089,22 Fabricação de produtos de borracha e de material plástico,10457,21.0,20.0,266.0,88526.0,36633.0,92741.0,
AC,2023,117099,23 Fabricação de produtos de minerais não-metálicos,1849,21.0,,486.0,56473.0,28912.0,63030.0,
AC,2024,117099,23 Fabricação de produtos de minerais não-metálicos,10457,29.0,29.0,536.0,83758.0,40923.0,99393.0,
AM,2023,117099,23 Fabricação de produtos de minerais não-metálicos,1849,72.0,,1790.0,1032242.0,403002.0,1055938.0,
AM,2024,117099,23 Fabricação de produtos de minerais não-metálicos,10457,73.0,69.0,1871.0,1212539.0,494292.0,1284715.0,
AP,2023,117099,23 Fabricação de produtos de minerais não-metálicos,1849,31.0,,781.0,80318.0,35813.0,81179.0,
AP,2024,117099,23 Fabricação de produtos de minerais não-metálicos,10457,30.0,30.0,629.0,59488.0,41135.0,61964.0,
MA,2023,117099,23 Fabricação de produtos de minerais não-metálicos,1849,269.0,,6334.0,1418197.0,782080.0,1393344.0,
MA,2024,117099,23 Fabricação de produtos de minerais não-metálicos,10457,241.0,229.0,6162.0,1459605.0,817811.0,1457405.0,
MT,2023,117099,23 Fabricação de produtos de minerais não-metálicos,1849,492.0,,7938.0,3541712.0,1863619.0,3908359.0,
MT,2024,117099,23 Fabricação de produtos de minerais não-metálicos,10457,523.0,492.0,7470.0,3986363.0,2113069.0,4286163.0,
PA,2023,117099,23 Fabricação de produtos de minerais não-metálicos,1849,299.0,,8197.0,2790513.0,1432458.0,3010985.0,
PA,2024,117099,23 Fabricação de produtos de minerais não-metálicos,10457,307.0,288.0,8200.0,3396675.0,1605990.0,3406577.0,
RO,2023,117099,23 Fabricação de produtos de minerais não-metálicos,1849,156.0,,2364.0,419259.0,250801.0,445136.0,
RO,2024,117099,23 Fabricação de produtos de minerais não-metálicos,10457,138.0,134.0,2136.0,473052.0,253450.0,500855.0,
RR,2023,117099,23 Fabricação de produtos de minerais não-metálicos,1849,29.0,,377.0,19933.0,13690.0,20410.0,
RR,2024,117099,23 Fabricação de produtos de minerais não-metálicos,10457,36.0,35.0,384.0,27751.0,18059.0,27749.0,
TO,2023,117099,23 Fabricação de produtos de minerais não-metálicos,1849,159.0,,2828.0,963015.0,621839.0,969911.0,
TO,2024,117099,23 Fabricação de produtos de minerais não-metálicos,10457,150.0,147.0,2708.0,1125751.0,589537.0,1143123.0,
AC,2023,117116,24 Metalurgia,1849,,,,,,,
AC,2024,117116,24 Metalurgia,10457,,,,,,,
AM,2023,117116,24 Metalurgia,1849,20.0,,1914.0,5669244.0,562616.0,5664049.0,
AM,2024,117116,24 Metalurgia,10457,22.0,19.0,2407.0,7419293.0,1032475.0,7274474.0,
AP,2023,117116,24 Metalurgia,1849,2.0,,,,,,
AP,2024,117116,24 Metalurgia,10457,2.0,2.0,,,,,
MA,2023,117116,24 Metalurgia,1849,31.0,,5021.0,10736143.0,2054161.0,11470760.0,
MA,2024,117116,24 Metalurgia,10457,33.0,15.0,5815.0,12771879.0,3994031.0,13686692.0,
MT,2023,117116,24 Metalurgia,1849,38.0,,2227.0,1552742.0,1010116.0,1561527.0,
MT,2024,117116,24 Metalurgia,10457,44.0,32.0,2648.0,2459157.0,1680348.0,2317364.0,
PA,2023,117116,24 Metalurgia,1849,21.0,,7106.0,19344955.0,3000226.0,18917708.0,
PA,2024,117116,24 Metalurgia,10457,23.0,19.0,7810.0,26165118.0,8603926.0,25725110.0,
RO,2023,117116,24 Metalurgia,1849,14.0,,444.0,739456.0,102584.0,768040.0,
RO,2024,117116,24 Metalurgia,10457,12.0,12.0,345.0,733987.0,117527.0,739618.0,
RR,2023,117116,24 Metalurgia,1849,,,,,,,
RR,2024,117116,24 Metalurgia,10457,,,,,,,
TO,2023,117116,24 Metalurgia,1849,7.0,,354.0,572913.0,209160.0,572262.0,
TO,2024,117116,24 Metalurgia,10457,4.0,4.0,,,,,
AC,2023,117136,"25 Fabricação de produtos de metal, exceto máquinas e equipamentos",1849,10.0,,118.0,17732.0,12566.0,19736.0,
AC,2024,117136,"25 Fabricação de produtos de metal, exceto máquinas e equipamentos",10457,9.0,9.0,96.0,18289.0,12347.0,22655.0,
AM,2023,117136,"25 Fabricação de produtos de metal, exceto máquinas e equipamentos",1849,82.0,,3619.0,6628742.0,3461352.0,6944017.0,
AM,2024,117136,"25 Fabricação de produtos de metal, exceto máquinas e equipamentos",10457,89.0,85.0,4426.0,7308517.0,3863233.0,7485903.0,
AP,2023,117136,"25 Fabricação de produtos de metal, exceto máquinas e equipamentos",1849,8.0,,88.0,135903.0,8125.0,284558.0,
AP,2024,117136,"25 Fabricação de produtos de metal, exceto máquinas e equipamentos",10457,8.0,8.0,77.0,131942.0,11487.0,131939.0,
MA,2023,117136,"25 Fabricação de produtos de metal, exceto máquinas e equipamentos",1849,88.0,,1817.0,444849.0,139964.0,467910.0,
MA,2024,117136,"25 Fabricação de produtos de metal, exceto máquinas e equipamentos",10457,112.0,111.0,2097.0,380463.0,213219.0,383431.0,
MT,2023,117136,"25 Fabricação de produtos de metal, exceto máquinas e equipamentos",1849,466.0,,4827.0,1553832.0,734517.0,1576402.0,
MT,2024,117136,"25 Fabricação de produtos de metal, exceto máquinas e equipamentos",10457,575.0,569.0,7035.0,1541873.0,606144.0,1657696.0,
PA,2023,117136,"25 Fabricação de produtos de metal, exceto máquinas e equipamentos",1849,68.0,,2682.0,2207481.0,819580.0,2259722.0,
PA,2024,117136,"25 Fabricação de produtos de metal, exceto máquinas e equipamentos",10457,169.0,166.0,3241.0,2602616.0,797748.0,2566708.0,
RO,2023,117136,"25 Fabricação de produtos de metal, exceto máquinas e equipamentos",1849,81.0,,1102.0,234205.0,134071.0,238721.0,
RO,2024,117136,"25 Fabricação de produtos de metal, exceto máquinas e equipamentos",10457,109.0,106.0,1358.0,306019.0,158700.0,324166.0,
RR,2023,117136,"25 Fabricação de produtos de metal, exceto máquinas e equipamentos",1849,11.0,,111.0,11425.0,8156.0,11425.0,
RR,2024,117136,"25 Fabricação de produtos de metal, exceto máquinas e equipamentos",10457,12.0,12.0,118.0,12824.0,8545.0,12824.0,
TO,2023,117136,"25 Fabricação de produtos de metal, exceto máquinas e equipamentos",1849,59.0,,681.0,266579.0,95160.0,250708.0,
TO,2024,117136,"25 Fabricação de produtos de metal, exceto máquinas e equipamentos",10457,74.0,74.0,829.0,207996.0,111126.0,223593.0,
AC,2023,117159,"26 Fabricação de equipamentos de informática, produtos eletrônicos e ópticos",1849,1.0,,,,,,
AC,2024,117159,"26 Fabricação de equipamentos de informática, produtos eletrônicos e ópticos",10457,1.0,1.0,,,,,
AM,2023,117159,"26 Fabricação de equipamentos de informática, produtos eletrônicos e ópticos",1849,94.0,,27202.0,59073740.0,20186508.0,60512610.0,
AM,2024,117159,"26 Fabricação de equipamentos de informática, produtos eletrônicos e ópticos",10457,84.0,76.0,30869.0,70808428.0,25473286.0,70922855.0,
AP,2023,117159,"26 Fabricação de equipamentos de informática, produtos eletrônicos e ópticos",1849,2.0,,,,,,
AP,2024,117159,"26 Fabricação de equipamentos de informática, produtos eletrônicos e ópticos",10457,1.0,1.0,,,,,
MA,2023,117159,"26 Fabricação de equipamentos de informática, produtos eletrônicos e ópticos",1849,2.0,,,,,,
MA,2024,117159,"26 Fabricação de equipamentos de informática, produtos eletrônicos e ópticos",10457,2.0,2.0,,,,,
MT,2023,117159,"26 Fabricação de equipamentos de informática, produtos eletrônicos e ópticos",1849,8.0,,86.0,40134.0,12275.0,40134.0,
MT,2024,117159,"26 Fabricação de equipamentos de informática, produtos eletrônicos e ópticos",10457,8.0,8.0,95.0,29812.0,15916.0,29817.0,
PA,2023,117159,"26 Fabricação de equipamentos de informática, produtos eletrônicos e ópticos",1849,3.0,,76.0,365.0,8.0,365.0,
PA,2024,117159,"26 Fabricação de equipamentos de informática, produtos eletrônicos e ópticos",10457,5.0,5.0,,,,,
RO,2023,117159,"26 Fabricação de equipamentos de informática, produtos eletrônicos e ópticos",1849,3.0,,31.0,69.0,46.0,441.0,
RO,2024,117159,"26 Fabricação de equipamentos de informática, produtos eletrônicos e ópticos",10457,4.0,4.0,,,,,
RR,2023,117159,"26 Fabricação de equipamentos de informática, produtos eletrônicos e ópticos",1849,1.0,,,,,,
RR,2024,117159,"26 Fabricação de equipamentos de informática, produtos eletrônicos e ópticos",10457,1.0,1.0,,,,,
TO,2023,117159,"26 Fabricação de equipamentos de informática, produtos eletrônicos e ópticos",1849,2.0,,,,,,
TO,2024,117159,"26 Fabricação de equipamentos de informática, produtos eletrônicos e ópticos",10457,2.0,2.0,,,,,
AC,2023,117179,"27 Fabricação de máquinas, aparelhos e materiais elétricos",1849,1.0,,,,,,
AC,2024,117179,"27 Fabricação de máquinas, aparelhos e materiais elétricos",10457,1.0,1.0,,,,,
AM,2023,117179,"27 Fabricação de máquinas, aparelhos e materiais elétricos",1849,36.0,,8353.0,4508250.0,1474701.0,4720866.0,
AM,2024,117179,"27 Fabricação de máquinas, aparelhos e materiais elétricos",10457,40.0,37.0,9704.0,5618763.0,2042373.0,5641771.0,
AP,2023,117179,"27 Fabricação de máquinas, aparelhos e materiais elétricos",1849,1.0,,,,,,
AP,2024,117179,"27 Fabricação de máquinas, aparelhos e materiais elétricos",10457,,,,,,,
MA,2023,117179,"27 Fabricação de máquinas, aparelhos e materiais elétricos",1849,4.0,,93.0,15423.0,10900.0,16145.0,
MA,2024,117179,"27 Fabricação de máquinas, aparelhos e materiais elétricos",10457,5.0,5.0,81.0,27610.0,23081.0,24622.0,
MT,2023,117179,"27 Fabricação de máquinas, aparelhos e materiais elétricos",1849,16.0,,1059.0,594555.0,225318.0,587277.0,
MT,2024,117179,"27 Fabricação de máquinas, aparelhos e materiais elétricos",10457,15.0,14.0,,,,,
PA,2023,117179,"27 Fabricação de máquinas, aparelhos e materiais elétricos",1849,12.0,,292.0,35637.0,21235.0,33860.0,
PA,2024,117179,"27 Fabricação de máquinas, aparelhos e materiais elétricos",10457,14.0,13.0,260.0,47904.0,23278.0,55267.0,
RO,2023,117179,"27 Fabricação de máquinas, aparelhos e materiais elétricos",1849,3.0,,15.0,2680.0,990.0,3418.0,
RO,2024,117179,"27 Fabricação de máquinas, aparelhos e materiais elétricos",10457,3.0,3.0,,,,,
RR,2023,117179,"27 Fabricação de máquinas, aparelhos e materiais elétricos",1849,,,,,,,
RR,2024,117179,"27 Fabricação de máquinas, aparelhos e materiais elétricos",10457,,,,,,,
TO,2023,117179,"27 Fabricação de máquinas, aparelhos e materiais elétricos",1849,2.0,,,,,,
TO,2024,117179,"27 Fabricação de máquinas, aparelhos e materiais elétricos",10457,,,,,,,
AC,2023,117196,28 Fabricação de máquinas e equipamentos,1849,1.0,,,,,,
AC,2024,117196,28 Fabricação de máquinas e equipamentos,10457,1.0,1.0,,,,,
AM,2023,117196,28 Fabricação de máquinas e equipamentos,1849,23.0,,5057.0,6712373.0,1674141.0,7453361.0,
AM,2024,117196,28 Fabricação de máquinas e equipamentos,10457,28.0,26.0,5830.0,9441037.0,2269384.0,9718884.0,
AP,2023,117196,28 Fabricação de máquinas e equipamentos,1849,1.0,,,,,,
AP,2024,117196,28 Fabricação de máquinas e equipamentos,10457,1.0,1.0,,,,,
MA,2023,117196,28 Fabricação de máquinas e equipamentos,1849,9.0,,132.0,16878.0,11877.0,16879.0,
MA,2024,117196,28 Fabricação de máquinas e equipamentos,10457,14.0,14.0,150.0,13781.0,8405.0,13800.0,
MT,2023,117196,28 Fabricação de máquinas e equipamentos,1849,106.0,,1829.0,614485.0,257403.0,673796.0,
MT,2024,117196,28 Fabricação de máquinas e equipamentos,10457,114.0,113.0,1847.0,610619.0,207859.0,620224.0,
PA,2023,117196,28 Fabricação de máquinas e equipamentos,1849,51.0,,591.0,81165.0,34706.0,82670.0,
PA,2024,117196,28 Fabricação de máquinas e equipamentos,10457,39.0,36.0,417.0,86819.0,40538.0,95668.0,
RO,2023,117196,28 Fabricação de máquinas e equipamentos,1849,2.0,,,,,,
RO,2024,117196,28 Fabricação de máquinas e equipamentos,10457,6.0,6.0,62.0,14414.0,9714.0,15322.0,
RR,2023,117196,28 Fabricação de máquinas e equipamentos,1849,3.0,,15.0,5789.0,4127.0,8631.0,
RR,2024,117196,28 Fabricação de máquinas e equipamentos,10457,1.0,1.0,,,,,
TO,2023,117196,28 Fabricação de máquinas e equipamentos,1849,6.0,,43.0,4209.0,2757.0,4209.0,
TO,2024,117196,28 Fabricação de máquinas e equipamentos,10457,6.0,6.0,37.0,4200.0,2484.0,4200.0,
AC,2023,117229,"29 Fabricação de veículos automotores, reboques e carrocerias",1849,5.0,,36.0,2784.0,2017.0,2784.0,
AC,2024,117229,"29 Fabricação de veículos automotores, reboques e carrocerias",10457,6.0,6.0,39.0,2998.0,1954.0,3480.0,
AM,2023,117229,"29 Fabricação de veículos automotores, reboques e carrocerias",1849,27.0,,4178.0,2558610.0,869241.0,2565973.0,
AM,2024,117229,"29 Fabricação de veículos automotores, reboques e carrocerias",10457,28.0,27.0,4584.0,2846934.0,935382.0,2845105.0,
AP,2023,117229,"29 Fabricação de veículos automotores, reboques e carrocerias",1849,4.0,,20.0,1353.0,915.0,1475.0,
AP,2024,117229,"29 Fabricação de veículos automotores, reboques e carrocerias",10457,3.0,3.0,,,,,
MA,2023,117229,"29 Fabricação de veículos automotores, reboques e carrocerias",1849,26.0,,222.0,19044.0,11932.0,22702.0,
MA,2024,117229,"29 Fabricação de veículos automotores, reboques e carrocerias",10457,24.0,24.0,253.0,25895.0,19370.0,29806.0,
MT,2023,117229,"29 Fabricação de veículos automotores, reboques e carrocerias",1849,69.0,,731.0,165977.0,60826.0,242148.0,
MT,2024,117229,"29 Fabricação de veículos automotores, reboques e carrocerias",10457,103.0,101.0,900.0,128065.0,69125.0,191242.0,
PA,2023,117229,"29 Fabricação de veículos automotores, reboques e carrocerias",1849,60.0,,543.0,57465.0,38576.0,71244.0,
PA,2024,117229,"29 Fabricação de veículos automotores, reboques e carrocerias",10457,52.0,52.0,499.0,44245.0,25926.0,52206.0,
RO,2023,117229,"29 Fabricação de veículos automotores, reboques e carrocerias",1849,28.0,,352.0,44763.0,34065.0,53824.0,
RO,2024,117229,"29 Fabricação de veículos automotores, reboques e carrocerias",10457,34.0,34.0,346.0,78097.0,46686.0,85521.0,
RR,2023,117229,"29 Fabricação de veículos automotores, reboques e carrocerias",1849,,,,,,,
RR,2024,117229,"29 Fabricação de veículos automotores, reboques e carrocerias",10457,,,,,,,
TO,2023,117229,"29 Fabricação de veículos automotores, reboques e carrocerias",1849,29.0,,275.0,33847.0,24604.0,37303.0,
TO,2024,117229,"29 Fabricação de veículos automotores, reboques e carrocerias",10457,31.0,31.0,339.0,59154.0,29974.0,61552.0,
AC,2023,117245,"30 Fabricação de outros equipamentos de transporte, exceto veículos automotores",1849,,,,,,,
AC,2024,117245,"30 Fabricação de outros equipamentos de transporte, exceto veículos automotores",10457,,,,,,,
AM,2023,117245,"30 Fabricação de outros equipamentos de transporte, exceto veículos automotores",1849,53.0,,21227.0,28602956.0,8967561.0,28517658.0,
AM,2024,117245,"30 Fabricação de outros equipamentos de transporte, exceto veículos automotores",10457,58.0,56.0,23017.0,34661922.0,11348306.0,35474519.0,
AP,2023,117245,"30 Fabricação de outros equipamentos de transporte, exceto veículos automotores",1849,5.0,,22.0,6927.0,5545.0,6927.0,
AP,2024,117245,"30 Fabricação de outros equipamentos de transporte, exceto veículos automotores",10457,1.0,1.0,,,,,
MA,2023,117245,"30 Fabricação de outros equipamentos de transporte, exceto veículos automotores",1849,1.0,,,,,,
MA,2024,117245,"30 Fabricação de outros equipamentos de transporte, exceto veículos automotores",10457,2.0,2.0,,,,,
MT,2023,117245,"30 Fabricação de outros equipamentos de transporte, exceto veículos automotores",1849,10.0,,81.0,10224.0,4411.0,11947.0,
MT,2024,117245,"30 Fabricação de outros equipamentos de transporte, exceto veículos automotores",10457,7.0,7.0,60.0,6016.0,3755.0,6400.0,
PA,2023,117245,"30 Fabricação de outros equipamentos de transporte, exceto veículos automotores",1849,5.0,,694.0,191937.0,69747.0,238694.0,
PA,2024,117245,"30 Fabricação de outros equipamentos de transporte, exceto veículos automotores",10457,5.0,5.0,,,,,
RO,2023,117245,"30 Fabricação de outros equipamentos de transporte, exceto veículos automotores",1849,1.0,,,,,,
RO,2024,117245,"30 Fabricação de outros equipamentos de transporte, exceto veículos automotores",10457,1.0,1.0,,,,,
RR,2023,117245,"30 Fabricação de outros equipamentos de transporte, exceto veículos automotores",1849,,,,,,,
RR,2024,117245,"30 Fabricação de outros equipamentos de transporte, exceto veículos automotores",10457,,,,,,,
TO,2023,117245,"30 Fabricação de outros equipamentos de transporte, exceto veículos automotores",1849,2.0,,,,,,
TO,2024,117245,"30 Fabricação de outros equipamentos de transporte, exceto veículos automotores",10457,4.0,4.0,38.0,3505.0,1273.0,3747.0,
AC,2023,117261,31 Fabricação de móveis,1849,16.0,,153.0,10856.0,4791.0,10850.0,
AC,2024,117261,31 Fabricação de móveis,10457,14.0,14.0,162.0,15986.0,11528.0,15998.0,
AM,2023,117261,31 Fabricação de móveis,1849,50.0,,1613.0,282139.0,145760.0,290557.0,
AM,2024,117261,31 Fabricação de móveis,10457,58.0,25.0,1513.0,354948.0,199206.0,342064.0,
AP,2023,117261,31 Fabricação de móveis,1849,8.0,,58.0,6225.0,4440.0,6566.0,
AP,2024,117261,31 Fabricação de móveis,10457,8.0,6.0,,,,,
MA,2023,117261,31 Fabricação de móveis,1849,69.0,,1854.0,361615.0,178573.0,359988.0,
MA,2024,117261,31 Fabricação de móveis,10457,75.0,74.0,1918.0,369074.0,178352.0,371201.0,
MT,2023,117261,31 Fabricação de móveis,1849,200.0,,2813.0,610292.0,302917.0,618008.0,
MT,2024,117261,31 Fabricação de móveis,10457,167.0,165.0,2220.0,464701.0,205087.0,482293.0,
PA,2023,117261,31 Fabricação de móveis,1849,137.0,,1791.0,285820.0,138155.0,279309.0,
PA,2024,117261,31 Fabricação de móveis,10457,147.0,71.0,2233.0,354698.0,152036.0,347251.0,
RO,2023,117261,31 Fabricação de móveis,1849,45.0,,708.0,148771.0,90439.0,149401.0,
RO,2024,117261,31 Fabricação de móveis,10457,53.0,53.0,713.0,185820.0,95375.0,186691.0,
RR,2023,117261,31 Fabricação de móveis,1849,4.0,,20.0,,,,
RR,2024,117261,31 Fabricação de móveis,10457,8.0,1.0,,,,,
TO,2023,117261,31 Fabricação de móveis,1849,25.0,,323.0,52577.0,16019.0,46290.0,
TO,2024,117261,31 Fabricação de móveis,10457,33.0,33.0,406.0,44041.0,16667.0,41690.0,
AC,2023,117267,32 Fabricação de produtos diversos,1849,4.0,,13.0,1070.0,595.0,1292.0,
AC,2024,117267,32 Fabricação de produtos diversos,10457,3.0,3.0,8.0,1177.0,1026.0,1177.0,
AM,2023,117267,32 Fabricação de produtos diversos,1849,43.0,,3874.0,4229609.0,2419120.0,4263857.0,
AM,2024,117267,32 Fabricação de produtos diversos,10457,40.0,36.0,4560.0,5050316.0,2972996.0,5355017.0,
AP,2023,117267,32 Fabricação de produtos diversos,1849,5.0,,31.0,7452.0,6962.0,7452.0,
AP,2024,117267,32 Fabricação de produtos diversos,10457,2.0,2.0,,,,,
MA,2023,117267,32 Fabricação de produtos diversos,1849,33.0,,352.0,56754.0,29901.0,49383.0,
MA,2024,117267,32 Fabricação de produtos diversos,10457,31.0,31.0,385.0,58564.0,28172.0,60654.0,
MT,2023,117267,32 Fabricação de produtos diversos,1849,77.0,,639.0,147343.0,93433.0,156999.0,
MT,2024,117267,32 Fabricação de produtos diversos,10457,91.0,89.0,743.0,120684.0,92819.0,124282.0,
PA,2023,117267,32 Fabricação de produtos diversos,1849,34.0,,289.0,30720.0,17606.0,31214.0,
PA,2024,117267,32 Fabricação de produtos diversos,10457,43.0,43.0,350.0,43582.0,24598.0,43377.0,
RO,2023,117267,32 Fabricação de produtos diversos,1849,30.0,,409.0,51856.0,30429.0,52295.0,
RO,2024,117267,32 Fabricação de produtos diversos,10457,31.0,29.0,383.0,49240.0,19758.0,49584.0,
RR,2023,117267,32 Fabricação de produtos diversos,1849,6.0,,58.0,4930.0,2414.0,5569.0,
RR,2024,117267,32 Fabricação de produtos diversos,10457,3.0,3.0,,,,,
TO,2023,117267,32 Fabricação de produtos diversos,1849,17.0,,198.0,32552.0,26093.0,32622.0,
TO,2024,117267,32 Fabricação de produtos diversos,10457,17.0,16.0,183.0,10904.0,7950.0,11746.0,
AC,2023,117283,"33 Manutenção, reparação e instalação de máquinas e equipamentos",1849,8.0,,42.0,6303.0,5937.0,9156.0,
AC,2024,117283,"33 Manutenção, reparação e instalação de máquinas e equipamentos",10457,10.0,10.0,,,,,
AM,2023,117283,"33 Manutenção, reparação e instalação de máquinas e equipamentos",1849,96.0,,1570.0,176790.0,149059.0,179355.0,
AM,2024,117283,"33 Manutenção, reparação e instalação de máquinas e equipamentos",10457,113.0,113.0,1979.0,234049.0,183037.0,232766.0,
AP,2023,117283,"33 Manutenção, reparação e instalação de máquinas e equipamentos",1849,10.0,,48.0,5229.0,6015.0,5659.0,
AP,2024,117283,"33 Manutenção, reparação e instalação de máquinas e equipamentos",10457,13.0,13.0,103.0,12831.0,8431.0,12575.0,
MA,2023,117283,"33 Manutenção, reparação e instalação de máquinas e equipamentos",1849,98.0,,2638.0,246141.0,202068.0,275843.0,
MA,2024,117283,"33 Manutenção, reparação e instalação de máquinas e equipamentos",10457,115.0,114.0,2903.0,195464.0,144562.0,218965.0,
MT,2023,117283,"33 Manutenção, reparação e instalação de máquinas e equipamentos",1849,360.0,,4606.0,491708.0,438580.0,494554.0,
MT,2024,117283,"33 Manutenção, reparação e instalação de máquinas e equipamentos",10457,253.0,247.0,3168.0,387221.0,304370.0,428971.0,
PA,2023,117283,"33 Manutenção, reparação e instalação de máquinas e equipamentos",1849,135.0,,6984.0,687349.0,519499.0,731629.0,
PA,2024,117283,"33 Manutenção, reparação e instalação de máquinas e equipamentos",10457,184.0,180.0,8092.0,874088.0,720102.0,918429.0,
RO,2023,117283,"33 Manutenção, reparação e instalação de máquinas e equipamentos",1849,33.0,,199.0,26976.0,15360.0,26976.0,
RO,2024,117283,"33 Manutenção, reparação e instalação de máquinas e equipamentos",10457,39.0,39.0,260.0,36735.0,29053.0,41013.0,
RR,2023,117283,"33 Manutenção, reparação e instalação de máquinas e equipamentos",1849,4.0,,42.0,3828.0,3053.0,3828.0,
RR,2024,117283,"33 Manutenção, reparação e instalação de máquinas e equipamentos",10457,4.0,4.0,,,,,
TO,2023,117283,"33 Manutenção, reparação e instalação de máquinas e equipamentos",1849,58.0,,423.0,72294.0,64662.0,77820.0,
TO,2024,117283,"33 Manutenção, reparação e instalação de máquinas e equipamentos",10457,53.0,51.0,667.0,62362.0,51611.0,75261.0,
AC,2023,117897,Total,1849,259.0,,6267.0,2476456.0,649323.0,2554140.0,
AC,2024,117897,Total,10457,269.0,242.0,6435.0,3353543.0,925342.0,3418289.0,
AM,2023,117897,Total,1849,1267.0,,115117.0,170208036.0,62646346.0,175371157.0,
AM,2024,117897,Total,10457,1304.0,1199.0,127254.0,199180983.0,75577158.0,201897314.0,
AP,2023,117897,Total,1849,216.0,,4509.0,1312996.0,514770.0,1460701.0,
AP,2024,117897,Total,10457,228.0,220.0,5032.0,1431745.0,592145.0,1425733.0,
MA,2023,117897,Total,1849,1399.0,,44652.0,39642789.0,12319388.0,41547862.0,
MA,2024,117897,Total,10457,1460.0,1369.0,47326.0,41970408.0,14534906.0,43184533.0,
MT,2023,117897,Total,1849,3939.0,,122386.0,138917345.0,38526666.0,149298929.0,
MT,2024,117897,Total,10457,3914.0,3623.0,126489.0,135021125.0,41521382.0,138916460.0,
PA,2023,117897,Total,1849,2458.0,,122847.0,146223667.0,62596977.0,146617672.0,
PA,2024,117897,Total,10457,2578.0,2307.0,127208.0,168626868.0,70146964.0,168534780.0,
RO,2023,117897,Total,1849,1274.0,,33565.0,18692216.0,5910248.0,18877193.0,
RO,2024,117897,Total,10457,1283.0,1198.0,32783.0,20905636.0,6091511.0,21170810.0,
RR,2023,117897,Total,1849,149.0,,3394.0,707807.0,250891.0,678260.0,
RR,2024,117897,Total,10457,200.0,187.0,3824.0,1107012.0,378434.0,1132961.0,
TO,2023,117897,Total,1849,778.0,,20743.0,16726886.0,4739960.0,16894651.0,
TO,2024,117897,Total,10457,812.0,773.0,22080.0,18809492.0,5597138.0,18744933.0,
