ano,uf,divisao_cnae,estabelecimentos_ativos,vinculos_ativos
2018,AC,01,970,3730
2018,AC,02,17,165
2018,AC,03,9,29
2018,AC,05,1,1
2018,AC,07,1,1
2018,AC,08,14,59
2018,AC,09,1,0
2018,AC,10,177,2583
2018,AC,11,17,330
2018,AC,13,3,8
2018,AC,14,39,168
2018,AC,15,3,118
2018,AC,16,44,553
2018,AC,17,4,6
2018,AC,18,36,173
2018,AC,19,1,11
2018,AC,20,8,58
2018,AC,21,1,3
2018,AC,22,14,171
2018,AC,23,74,751
2018,AC,24,1,4
2018,AC,25,46,111
2018,AC,26,1,3
2018,AC,27,4,14
2018,AC,28,1,8
2018,AC,29,15,60
2018,AC,30,2,37
2018,AC,31,49,158
2018,AC,32,19,57
2018,AC,33,39,51
2018,AC,35,5,457
2018,AC,36,13,938
2018,AC,38,11,219
2018,AC,41,449,1893
2018,AC,42,68,1556
2018,AC,43,118,1982
2018,AC,45,460,2513
2018,AC,46,412,3369
2018,AC,47,3569,19336
2018,AC,49,200,1821
2018,AC,50,13,50
2018,AC,51,9,120
2018,AC,52,44,358
2018,AC,53,39,363
2018,AC,55,113,871
2018,AC,56,484,2360
2018,AC,58,15,104
2018,AC,59,9,7
2018,AC,60,22,322
2018,AC,61,46,244
2018,AC,62,19,54
2018,AC,63,16,144
2018,AC,64,100,978
2018,AC,65,10,127
2018,AC,66,28,170
2018,AC,68,53,89
2018,AC,69,261,830
2018,AC,70,23,90
2018,AC,71,59,468
2018,AC,72,5,137
2018,AC,73,50,127
2018,AC,74,35,89
2018,AC,75,10,23
2018,AC,77,66,161
2018,AC,78,12,811
2018,AC,79,37,123
2018,AC,80,20,1915
2018,AC,81,104,5202
2018,AC,82,165,3079
2018,AC,84,136,50742
2018,AC,85,598,5727
2018,AC,86,462,4137
2018,AC,87,9,15
2018,AC,88,15,481
2018,AC,90,6,16
2018,AC,91,3,237
2018,AC,93,94,355
2018,AC,94,478,1173
2018,AC,95,67,150
2018,AC,96,126,332
2018,AC,97,9,14
2018,AC,99,1,4
2018,AM,01,383,3802
2018,AM,02,47,195
2018,AM,03,33,65
2018,AM,06,8,441
2018,AM,07,5,873
2018,AM,08,18,153
2018,AM,09,11,417
2018,AM,10,365,4888
2018,AM,11,35,3215
2018,AM,13,30,806
2018,AM,14,88,761
2018,AM,15,9,148
2018,AM,16,121,1234
2018,AM,17,61,2608
2018,AM,18,146,1139
2018,AM,19,9,442
2018,AM,20,72,2274
2018,AM,21,6,655
2018,AM,22,139,8860
2018,AM,23,103,1351
2018,AM,24,22,952
2018,AM,25,193,5181
2018,AM,26,122,26204
2018,AM,27,37,4835
2018,AM,28,45,3366
2018,AM,29,34,3997
2018,AM,30,90,11994
2018,AM,31,91,922
2018,AM,32,63,1952
2018,AM,33,313,1730
2018,AM,35,123,2813
2018,AM,36,31,1276
2018,AM,37,18,72
2018,AM,38,72,2458
2018,AM,39,5,89
2018,AM,41,618,6669
2018,AM,42,164,3478
2018,AM,43,984,8603
2018,AM,45,1149,7130
2018,AM,46,1628,16552
2018,AM,47,13960,71247
2018,AM,49,764,19475
2018,AM,50,245,5030
2018,AM,51,49,970
2018,AM,52,399,8150
2018,AM,53,235,1679
2018,AM,55,297,2620
2018,AM,56,1642,15119
2018,AM,58,50,354
2018,AM,59,66,338
2018,AM,60,45,1317
2018,AM,61,201,1256
2018,AM,62,236,1521
2018,AM,63,84,908
2018,AM,64,358,3750
2018,AM,65,41,675
2018,AM,66,169,378
2018,AM,68,263,678
2018,AM,69,973,2541
2018,AM,70,226,1121
2018,AM,71,362,1710
2018,AM,72,32,2094
2018,AM,73,213,474
2018,AM,74,133,618
2018,AM,75,29,84
2018,AM,77,221,2121
2018,AM,78,86,11357
2018,AM,79,197,543
2018,AM,80,100,9639
2018,AM,81,863,20594
2018,AM,82,977,6330
2018,AM,84,298,205148
2018,AM,85,919,23500
2018,AM,86,1954,18036
2018,AM,87,57,177
2018,AM,88,24,933
2018,AM,90,65,660
2018,AM,91,4,21
2018,AM,93,246,999
2018,AM,94,2520,5470
2018,AM,95,222,737
2018,AM,96,409,1652
2018,AM,97,14,56
2018,AM,99,5,12
2018,AP,01,158,533
2018,AP,02,10,465
2018,AP,03,4,10
2018,AP,07,20,542
2018,AP,08,9,58
2018,AP,09,3,47
2018,AP,10,137,954
2018,AP,11,4,221
2018,AP,13,7,34
2018,AP,14,37,78
2018,AP,16,39,451
2018,AP,17,1,0
2018,AP,18,40,124
2018,AP,19,1,1
2018,AP,20,3,1
2018,AP,21,1,1
2018,AP,22,3,21
2018,AP,23,37,402
2018,AP,24,1,2
2018,AP,25,26,51
2018,AP,27,3,11
2018,AP,28,1,2
2018,AP,29,2,14
2018,AP,30,6,12
2018,AP,31,19,116
2018,AP,32,21,27
2018,AP,33,32,61
2018,AP,35,13,496
2018,AP,36,1,279
2018,AP,37,4,119
2018,AP,38,13,64
2018,AP,41,265,2995
2018,AP,42,49,1131
2018,AP,43,133,1388
2018,AP,45,325,1520
2018,AP,46,435,4385
2018,AP,47,3438,18684
2018,AP,49,125,1970
2018,AP,50,37,440
2018,AP,51,5,112
2018,AP,52,54,993
2018,AP,53,36,287
2018,AP,55,121,777
2018,AP,56,398,2240
2018,AP,58,2,4
2018,AP,59,15,109
2018,AP,60,12,218
2018,AP,61,48,634
2018,AP,62,25,115
2018,AP,63,10,30
2018,AP,64,74,815
2018,AP,65,13,68
2018,AP,66,29,69
2018,AP,68,53,127
2018,AP,69,195,656
2018,AP,70,32,117
2018,AP,71,43,178
2018,AP,72,1,96
2018,AP,73,40,410
2018,AP,74,28,66
2018,AP,75,7,36
2018,AP,77,72,604
2018,AP,78,15,794
2018,AP,79,53,76
2018,AP,80,33,2121
2018,AP,81,90,2171
2018,AP,82,166,1134
2018,AP,84,93,65635
2018,AP,85,300,6995
2018,AP,86,450,2794
2018,AP,87,4,28
2018,AP,88,7,433
2018,AP,90,6,2
2018,AP,91,1,6
2018,AP,93,93,270
2018,AP,94,686,2861
2018,AP,95,58,112
2018,AP,96,124,340
2018,AP,99,1,0
2018,MA,01,2772,16216
2018,MA,02,245,4857
2018,MA,03,93,241
2018,MA,05,2,1
2018,MA,06,2,8
2018,MA,07,16,400
2018,MA,08,100,784
2018,MA,09,8,295
2018,MA,10,719,6928
2018,MA,11,60,2789
2018,MA,12,1,0
2018,MA,13,60,193
2018,MA,14,288,1087
2018,MA,15,35,815
2018,MA,16,71,210
2018,MA,17,27,988
2018,MA,18,298,1144
2018,MA,19,10,1100
2018,MA,20,78,1866
2018,MA,21,2,0
2018,MA,22,64,531
2018,MA,23,437,5373
2018,MA,24,40,3769
2018,MA,25,325,1004
2018,MA,26,6,16
2018,MA,27,7,77
2018,MA,28,26,465
2018,MA,29,51,193
2018,MA,30,8,456
2018,MA,31,216,1494
2018,MA,32,143,368
2018,MA,33,354,1262
2018,MA,35,169,1989
2018,MA,36,52,3515
2018,MA,37,35,260
2018,MA,38,106,2236
2018,MA,39,3,9
2018,MA,41,2067,17943
2018,MA,42,528,10505
2018,MA,43,1118,6777
2018,MA,45,4019,13608
2018,MA,46,3601,27313
2018,MA,47,32690,106903
2018,MA,49,1489,22991
2018,MA,50,46,1204
2018,MA,51,12,387
2018,MA,52,271,3220
2018,MA,53,301,2077
2018,MA,55,640,4453
2018,MA,56,2586,14711
2018,MA,58,80,286
2018,MA,59,86,343
2018,MA,60,120,1358
2018,MA,61,318,1700
2018,MA,62,221,1092
2018,MA,63,122,2701
2018,MA,64,541,5396
2018,MA,65,55,560
2018,MA,66,279,655
2018,MA,68,570,1979
2018,MA,69,1469,4251
2018,MA,70,198,563
2018,MA,71,497,2000
2018,MA,72,11,67
2018,MA,73,342,414
2018,MA,74,299,652
2018,MA,75,36,93
2018,MA,77,510,3084
2018,MA,78,64,2622
2018,MA,79,264,541
2018,MA,80,162,12795
2018,MA,81,992,15297
2018,MA,82,1402,11978
2018,MA,84,567,304618
2018,MA,85,2270,25388
2018,MA,86,3239,25831
2018,MA,87,92,761
2018,MA,88,34,1511
2018,MA,90,123,115
2018,MA,91,9,61
2018,MA,92,1,0
2018,MA,93,509,1431
2018,MA,94,4573,19000
2018,MA,95,367,724
2018,MA,96,755,2215
2018,MA,97,24,30
2018,MT,01,21400,116999
2018,MT,02,591,2805
2018,MT,03,133,428
2018,MT,05,1,0
2018,MT,06,1,6
2018,MT,07,117,1944
2018,MT,08,289,1844
2018,MT,09,19,46
2018,MT,10,1484,47365
2018,MT,11,74,3001
2018,MT,13,162,1770
2018,MT,14,326,1671
2018,MT,15,68,1643
2018,MT,16,1168,9558
2018,MT,17,29,205
2018,MT,18,364,1342
2018,MT,19,47,5348
2018,MT,20,179,2404
2018,MT,21,3,33
2018,MT,22,186,2554
2018,MT,23,791,6105
2018,MT,24,52,575
2018,MT,25,1048,3725
2018,MT,26,10,47
2018,MT,27,27,651
2018,MT,28,162,1053
2018,MT,29,156,623
2018,MT,30,20,154
2018,MT,31,547,2571
2018,MT,32,324,701
2018,MT,33,896,2339
2018,MT,35,181,4024
2018,MT,36,65,1764
2018,MT,37,60,109
2018,MT,38,196,1468
2018,MT,39,5,534
2018,MT,41,3104,14977
2018,MT,42,749,12086
2018,MT,43,2571,6881
2018,MT,45,8041,31330
2018,MT,46,6976,33895
2018,MT,47,30249,131745
2018,MT,49,6084,30846
2018,MT,50,37,60
2018,MT,51,23,477
2018,MT,52,883,6595
2018,MT,53,315,2061
2018,MT,55,1168,6868
2018,MT,56,5075,22470
2018,MT,58,173,274
2018,MT,59,131,470
2018,MT,60,209,1482
2018,MT,61,430,2400
2018,MT,62,403,3565
2018,MT,63,410,734
2018,MT,64,1278,9059
2018,MT,65,67,1433
2018,MT,66,499,1268
2018,MT,68,1176,1478
2018,MT,69,2905,10731
2018,MT,70,360,451
2018,MT,71,1036,2343
2018,MT,72,37,575
2018,MT,73,920,1618
2018,MT,74,818,1196
2018,MT,75,123,185
2018,MT,77,940,2586
2018,MT,78,71,872
2018,MT,79,438,1012
2018,MT,80,228,8735
2018,MT,81,1409,14185
2018,MT,82,2593,11958
2018,MT,84,574,157597
2018,MT,85,2343,26621
2018,MT,86,5556,23219
2018,MT,87,177,922
2018,MT,88,72,1355
2018,MT,90,127,79
2018,MT,91,12,24
2018,MT,92,2,5
2018,MT,93,754,1789
2018,MT,94,4168,11634
2018,MT,95,702,1255
2018,MT,96,1447,3141
2018,MT,97,41,57
2018,MT,99,3,0
2018,PA,01,7344,48366
2018,PA,02,309,4298
2018,PA,03,107,1142
2018,PA,05,3,6
2018,PA,06,2,6
2018,PA,07,94,18472
2018,PA,08,114,1719
2018,PA,09,17,149
2018,PA,10,1327,28366
2018,PA,11,69,3000
2018,PA,12,1,43
2018,PA,13,57,1675
2018,PA,14,267,1097
2018,PA,15,41,1213
2018,PA,16,716,10487
2018,PA,17,23,1805
2018,PA,18,348,1081
2018,PA,19,10,1165
2018,PA,20,98,2462
2018,PA,21,6,7
2018,PA,22,120,1901
2018,PA,23,503,6703
2018,PA,24,42,5306
2018,PA,25,386,1453
2018,PA,26,8,37
2018,PA,27,21,1035
2018,PA,28,73,788
2018,PA,29,95,416
2018,PA,30,37,471
2018,PA,31,235,1729
2018,PA,32,197,354
2018,PA,33,554,3033
2018,PA,35,247,2557
2018,PA,36,92,1794
2018,PA,37,38,454
2018,PA,38,148,3599
2018,PA,39,1,0
2018,PA,41,2073,19673
2018,PA,42,602,21711
2018,PA,43,1440,19222
2018,PA,45,4479,19819
2018,PA,46,5149,36282
2018,PA,47,31457,145953
2018,PA,49,1998,27204
2018,PA,50,305,4468
2018,PA,51,48,736
2018,PA,52,511,6959
2018,PA,53,311,3059
2018,PA,55,861,6381
2018,PA,56,3016,18544
2018,PA,58,77,712
2018,PA,59,84,409
2018,PA,60,136,2038
2018,PA,61,434,3967
2018,PA,62,348,1610
2018,PA,63,134,2312
2018,PA,64,775,10951
2018,PA,65,69,1769
2018,PA,66,330,642
2018,PA,68,610,2201
2018,PA,69,1933,6792
2018,PA,70,223,518
2018,PA,71,730,7270
2018,PA,72,16,1684
2018,PA,73,451,887
2018,PA,74,447,1356
2018,PA,75,88,270
2018,PA,77,890,4755
2018,PA,78,93,10177
2018,PA,79,286,708
2018,PA,80,237,14897
2018,PA,81,1713,30692
2018,PA,82,1570,11895
2018,PA,84,634,360423
2018,PA,85,2636,50962
2018,PA,86,4155,40920
2018,PA,87,61,588
2018,PA,88,55,2232
2018,PA,90,86,185
2018,PA,91,6,224
2018,PA,92,5,9
2018,PA,93,732,4647
2018,PA,94,5239,13677
2018,PA,95,479,1292
2018,PA,96,976,3614
2018,PA,97,34,38
2018,PA,99,6,23
2018,RO,01,5102,12962
2018,RO,02,129,464
2018,RO,03,70,249
2018,RO,07,69,652
2018,RO,08,117,609
2018,RO,09,3,37
2018,RO,10,578,18463
2018,RO,11,27,1012
2018,RO,13,28,62
2018,RO,14,175,1024
2018,RO,15,20,783
2018,RO,16,470,5010
2018,RO,17,15,60
2018,RO,18,129,497
2018,RO,19,5,104
2018,RO,20,42,222
2018,RO,21,3,26
2018,RO,22,53,525
2018,RO,23,244,2396
2018,RO,24,25,389
2018,RO,25,280,1030
2018,RO,27,13,54
2018,RO,28,22,152
2018,RO,29,69,371
2018,RO,30,13,523
2018,RO,31,181,895
2018,RO,32,160,488
2018,RO,33,216,531
2018,RO,35,57,2319
2018,RO,36,11,874
2018,RO,37,19,42
2018,RO,38,79,903
2018,RO,39,1,7
2018,RO,41,959,4167
2018,RO,42,242,3203
2018,RO,43,893,2514
2018,RO,45,2666,12861
2018,RO,46,2633,13208
2018,RO,47,12490,56322
2018,RO,49,1623,10150
2018,RO,50,61,795
2018,RO,51,14,215
2018,RO,52,158,1029
2018,RO,53,130,1287
2018,RO,55,355,1848
2018,RO,56,1736,7699
2018,RO,58,57,194
2018,RO,59,39,104
2018,RO,60,116,1044
2018,RO,61,200,1337
2018,RO,62,95,243
2018,RO,63,71,200
2018,RO,64,457,4298
2018,RO,65,44,493
2018,RO,66,171,348
2018,RO,68,284,524
2018,RO,69,1161,3578
2018,RO,70,114,349
2018,RO,71,282,586
2018,RO,72,12,193
2018,RO,73,242,251
2018,RO,74,253,577
2018,RO,75,38,79
2018,RO,77,262,807
2018,RO,78,21,1394
2018,RO,79,189,431
2018,RO,80,67,5474
2018,RO,81,405,3908
2018,RO,82,841,5057
2018,RO,84,245,115936
2018,RO,85,769,12406
2018,RO,86,1921,9419
2018,RO,87,37,256
2018,RO,88,36,645
2018,RO,90,42,62
2018,RO,91,10,34
2018,RO,92,1,0
2018,RO,93,276,773
2018,RO,94,2382,3845
2018,RO,95,270,434
2018,RO,96,470,788
2018,RO,97,21,34
2018,RO,99,1,1
2018,RR,01,302,1418
2018,RR,02,30,70
2018,RR,03,19,32
2018,RR,07,1,0
2018,RR,08,10,92
2018,RR,09,1,0
2018,RR,10,98,841
2018,RR,11,7,138
2018,RR,13,10,38
2018,RR,14,29,127
2018,RR,16,49,438
2018,RR,17,2,12
2018,RR,18,13,30
2018,RR,19,2,137
2018,RR,20,3,23
2018,RR,21,1,1
2018,RR,22,2,15
2018,RR,23,51,427
2018,RR,24,1,3
2018,RR,25,30,49
2018,RR,29,3,19
2018,RR,31,17,17
2018,RR,32,20,79
2018,RR,33,20,82
2018,RR,35,15,947
2018,RR,36,1,466
2018,RR,37,3,9
2018,RR,38,15,32
2018,RR,41,232,1962
2018,RR,42,56,1406
2018,RR,43,145,893
2018,RR,45,362,1627
2018,RR,46,358,2740
2018,RR,47,2851,14303
2018,RR,49,158,995
2018,RR,51,7,83
2018,RR,52,19,231
2018,RR,53,30,223
2018,RR,55,82,528
2018,RR,56,513,2464
2018,RR,58,9,134
2018,RR,59,14,55
2018,RR,60,15,398
2018,RR,61,51,241
2018,RR,62,19,59
2018,RR,63,9,6
2018,RR,64,58,609
2018,RR,65,7,26
2018,RR,66,21,37
2018,RR,68,69,88
2018,RR,69,191,624
2018,RR,70,31,183
2018,RR,71,53,169
2018,RR,72,1,113
2018,RR,73,68,48
2018,RR,74,43,73
2018,RR,75,13,35
2018,RR,77,68,340
2018,RR,78,9,778
2018,RR,79,47,178
2018,RR,80,15,907
2018,RR,81,48,3458
2018,RR,82,136,483
2018,RR,84,88,46870
2018,RR,85,199,4911
2018,RR,86,358,2159
2018,RR,87,4,22
2018,RR,88,4,415
2018,RR,90,9,189
2018,RR,91,2,7
2018,RR,93,63,218
2018,RR,94,353,767
2018,RR,95,66,140
2018,RR,96,118,326
2018,RR,97,4,6
2018,RR,99,2,14
2018,TO,01,6833,20317
2018,TO,02,136,1003
2018,TO,03,34,98
2018,TO,05,1,0
2018,TO,07,11,69
2018,TO,08,123,978
2018,TO,09,4,6
2018,TO,10,368,7625
2018,TO,11,18,129
2018,TO,12,1,0
2018,TO,13,14,79
2018,TO,14,110,379
2018,TO,15,15,352
2018,TO,16,27,96
2018,TO,17,6,12
2018,TO,18,122,327
2018,TO,19,8,1093
2018,TO,20,31,230
2018,TO,21,2,5
2018,TO,22,31,237
2018,TO,23,298,2402
2018,TO,24,4,13
2018,TO,25,165,637
2018,TO,26,1,1
2018,TO,27,3,13
2018,TO,28,16,75
2018,TO,29,47,233
2018,TO,30,6,7
2018,TO,31,99,349
2018,TO,32,87,119
2018,TO,33,149,525
2018,TO,35,273,1570
2018,TO,36,19,1487
2018,TO,37,18,29
2018,TO,38,58,642
2018,TO,41,1183,4815
2018,TO,42,238,4462
2018,TO,43,470,1238
2018,TO,45,1858,6267
2018,TO,46,1752,7989
2018,TO,47,10307,35353
2018,TO,49,984,5883
2018,TO,50,19,310
2018,TO,51,6,122
2018,TO,52,166,808
2018,TO,53,199,952
2018,TO,55,334,1630
2018,TO,56,1333,5466
2018,TO,58,44,121
2018,TO,59,42,133
2018,TO,60,42,461
2018,TO,61,171,693
2018,TO,62,88,431
2018,TO,63,67,123
2018,TO,64,324,2270
2018,TO,65,22,215
2018,TO,66,138,260
2018,TO,68,408,532
2018,TO,69,1152,2809
2018,TO,70,147,1131
2018,TO,71,347,1394
2018,TO,72,14,91
2018,TO,73,213,184
2018,TO,74,205,280
2018,TO,75,28,42
2018,TO,77,364,822
2018,TO,78,6,105
2018,TO,79,104,186
2018,TO,80,55,2088
2018,TO,81,354,2502
2018,TO,82,694,4869
2018,TO,84,596,118399
2018,TO,85,778,12575
2018,TO,86,1791,6737
2018,TO,87,30,130
2018,TO,88,28,727
2018,TO,90,43,42
2018,TO,91,2,4
2018,TO,92,1,1
2018,TO,93,237,345
2018,TO,94,1960,4882
2018,TO,95,191,410
2018,TO,96,334,638
2018,TO,97,17,19
2019,AC,01,920,3225
2019,AC,02,17,20
2019,AC,03,10,26
2019,AC,07,1,1
2019,AC,08,12,38
2019,AC,09,1,0
2019,AC,10,176,2664
2019,AC,11,16,228
2019,AC,13,2,7
2019,AC,14,31,161
2019,AC,15,3,132
2019,AC,16,44,835
2019,AC,17,7,5
2019,AC,18,35,160
2019,AC,19,1,8
2019,AC,20,11,51
2019,AC,21,4,6
2019,AC,22,11,176
2019,AC,23,66,830
2019,AC,24,1,3
2019,AC,25,39,117
2019,AC,26,1,3
2019,AC,27,2,13
2019,AC,28,2,5
2019,AC,29,18,62
2019,AC,30,2,36
2019,AC,31,42,134
2019,AC,32,16,50
2019,AC,33,29,46
2019,AC,35,4,532
2019,AC,36,14,848
2019,AC,38,9,212
2019,AC,41,401,1756
2019,AC,42,44,1492
2019,AC,43,113,1971
2019,AC,45,447,2556
2019,AC,46,395,3465
2019,AC,47,3581,18613
2019,AC,49,191,1680
2019,AC,50,12,45
2019,AC,51,9,127
2019,AC,52,43,381
2019,AC,53,33,342
2019,AC,55,104,750
2019,AC,56,465,2058
2019,AC,58,12,82
2019,AC,59,8,42
2019,AC,60,20,271
2019,AC,61,37,299
2019,AC,62,22,72
2019,AC,63,13,173
2019,AC,64,85,1022
2019,AC,65,10,132
2019,AC,66,22,62
2019,AC,68,56,219
2019,AC,69,255,818
2019,AC,70,25,104
2019,AC,71,94,812
2019,AC,72,2,128
2019,AC,73,48,127
2019,AC,74,48,157
2019,AC,75,10,24
2019,AC,77,53,138
2019,AC,78,17,1929
2019,AC,79,49,99
2019,AC,80,24,1988
2019,AC,81,126,7052
2019,AC,82,165,1754
2019,AC,84,125,50883
2019,AC,85,591,4139
2019,AC,86,447,4362
2019,AC,87,7,7
2019,AC,88,15,469
2019,AC,90,4,12
2019,AC,91,2,168
2019,AC,93,84,332
2019,AC,94,461,1040
2019,AC,95,63,154
2019,AC,96,120,324
2019,AC,97,3,4
2019,AC,99,1,4
2019,AM,01,353,3065
2019,AM,02,45,172
2019,AM,03,34,54
2019,AM,06,6,455
2019,AM,07,8,999
2019,AM,08,14,158
2019,AM,09,5,429
2019,AM,10,338,4519
2019,AM,11,31,2875
2019,AM,13,27,928
2019,AM,14,84,756
2019,AM,15,9,118
2019,AM,16,119,1225
2019,AM,17,54,2720
2019,AM,18,128,981
2019,AM,19,10,456
2019,AM,20,55,2204
2019,AM,21,6,693
2019,AM,22,135,8903
2019,AM,23,99,1336
2019,AM,24,18,1432
2019,AM,25,151,4706
2019,AM,26,115,23833
2019,AM,27,31,6416
2019,AM,28,30,5049
2019,AM,29,35,4051
2019,AM,30,78,13501
2019,AM,31,80,914
2019,AM,32,62,2165
2019,AM,33,327,1939
2019,AM,35,120,3224
2019,AM,36,25,1567
2019,AM,37,14,31
2019,AM,38,62,2386
2019,AM,39,4,23
2019,AM,41,643,6952
2019,AM,42,126,2390
2019,AM,43,960,8803
2019,AM,45,1133,7504
2019,AM,46,1461,16226
2019,AM,47,12721,72170
2019,AM,49,695,17506
2019,AM,50,203,4310
2019,AM,51,26,939
2019,AM,52,365,7038
2019,AM,53,215,1748
2019,AM,55,276,2312
2019,AM,56,1551,15282
2019,AM,58,44,245
2019,AM,59,68,401
2019,AM,60,48,1189
2019,AM,61,175,1342
2019,AM,62,254,2162
2019,AM,63,80,773
2019,AM,64,308,3752
2019,AM,65,35,646
2019,AM,66,162,382
2019,AM,68,208,684
2019,AM,69,945,2518
2019,AM,70,249,1530
2019,AM,71,355,2808
2019,AM,72,46,1765
2019,AM,73,214,486
2019,AM,74,123,767
2019,AM,75,40,107
2019,AM,77,212,2409
2019,AM,78,64,9523
2019,AM,79,181,559
2019,AM,80,98,11004
2019,AM,81,831,21650
2019,AM,82,938,6145
2019,AM,84,322,200761
2019,AM,85,964,22341
2019,AM,86,1758,17071
2019,AM,87,50,141
2019,AM,88,22,889
2019,AM,90,62,680
2019,AM,91,3,15
2019,AM,93,245,1014
2019,AM,94,2499,5752
2019,AM,95,205,598
2019,AM,96,359,1750
2019,AM,97,10,63
2019,AM,99,5,10
2019,AP,01,126,453
2019,AP,02,8,484
2019,AP,07,14,603
2019,AP,08,13,107
2019,AP,09,1,32
2019,AP,10,133,823
2019,AP,11,3,51
2019,AP,13,6,22
2019,AP,14,34,77
2019,AP,16,24,369
2019,AP,18,31,112
2019,AP,19,1,1
2019,AP,22,4,20
2019,AP,23,35,396
2019,AP,24,1,2
2019,AP,25,14,36
2019,AP,27,3,20
2019,AP,28,1,1
2019,AP,29,2,15
2019,AP,30,6,161
2019,AP,31,17,97
2019,AP,32,14,16
2019,AP,33,21,57
2019,AP,35,13,769
2019,AP,36,2,423
2019,AP,37,2,3
2019,AP,38,18,449
2019,AP,39,1,8
2019,AP,41,218,2460
2019,AP,42,39,1420
2019,AP,43,120,803
2019,AP,45,280,1598
2019,AP,46,388,4331
2019,AP,47,3002,18077
2019,AP,49,104,1829
2019,AP,50,29,269
2019,AP,51,4,116
2019,AP,52,44,909
2019,AP,53,32,288
2019,AP,55,107,700
2019,AP,56,339,2007
2019,AP,58,2,0
2019,AP,59,15,89
2019,AP,60,12,197
2019,AP,61,38,896
2019,AP,62,30,144
2019,AP,63,11,17
2019,AP,64,66,698
2019,AP,65,8,224
2019,AP,66,21,58
2019,AP,68,51,144
2019,AP,69,174,632
2019,AP,70,22,126
2019,AP,71,49,118
2019,AP,72,1,91
2019,AP,73,41,370
2019,AP,74,27,71
2019,AP,75,7,30
2019,AP,77,59,479
2019,AP,78,16,645
2019,AP,79,41,61
2019,AP,80,25,1707
2019,AP,81,75,2157
2019,AP,82,148,1297
2019,AP,84,87,63390
2019,AP,85,251,6753
2019,AP,86,436,3085
2019,AP,87,4,15
2019,AP,88,6,392
2019,AP,90,5,2
2019,AP,91,2,9
2019,AP,93,82,277
2019,AP,94,623,2679
2019,AP,95,52,113
2019,AP,96,111,318
2019,AP,97,2,8
2019,MA,01,2727,16748
2019,MA,02,186,4398
2019,MA,03,91,218
2019,MA,06,2,126
2019,MA,07,7,522
2019,MA,08,92,766
2019,MA,09,7,277
2019,MA,10,631,7557
2019,MA,11,68,2839
2019,MA,12,1,1
2019,MA,13,45,182
2019,MA,14,257,1443
2019,MA,15,26,634
2019,MA,16,46,154
2019,MA,17,22,943
2019,MA,18,301,978
2019,MA,19,9,1416
2019,MA,20,62,1629
2019,MA,21,4,0
2019,MA,22,57,574
2019,MA,23,408,5149
2019,MA,24,22,2839
2019,MA,25,272,1185
2019,MA,26,5,4
2019,MA,27,3,82
2019,MA,28,26,205
2019,MA,29,49,214
2019,MA,30,6,414
2019,MA,31,198,1304
2019,MA,32,133,416
2019,MA,33,365,1373
2019,MA,35,78,2082
2019,MA,36,44,1229
2019,MA,37,32,181
2019,MA,38,113,807
2019,MA,39,4,19
2019,MA,41,1688,16560
2019,MA,42,438,10377
2019,MA,43,1034,7264
2019,MA,45,3752,13453
2019,MA,46,3453,28205
2019,MA,47,29275,105940
2019,MA,49,1330,23011
2019,MA,50,35,1113
2019,MA,51,11,377
2019,MA,52,259,3183
2019,MA,53,278,2030
2019,MA,55,645,4334
2019,MA,56,2401,13815
2019,MA,58,74,327
2019,MA,59,80,283
2019,MA,60,99,1355
2019,MA,61,353,2311
2019,MA,62,224,1519
2019,MA,63,125,2877
2019,MA,64,514,6155
2019,MA,65,49,610
2019,MA,66,270,775
2019,MA,68,488,2054
2019,MA,69,1493,4198
2019,MA,70,178,588
2019,MA,71,495,3207
2019,MA,72,7,71
2019,MA,73,336,454
2019,MA,74,292,493
2019,MA,75,45,68
2019,MA,77,441,3251
2019,MA,78,54,4033
2019,MA,79,255,576
2019,MA,80,155,10578
2019,MA,81,943,12934
2019,MA,82,1291,14108
2019,MA,84,551,303920
2019,MA,85,2136,26462
2019,MA,86,3100,33432
2019,MA,87,77,862
2019,MA,88,34,1316
2019,MA,90,107,113
2019,MA,91,12,62
2019,MA,92,1,0
2019,MA,93,518,1523
2019,MA,94,4112,16419
2019,MA,95,340,751
2019,MA,96,738,2257
2019,MA,97,19,16
2019,MT,01,21827,120489
2019,MT,02,513,2696
2019,MT,03,135,515
2019,MT,06,1,6
2019,MT,07,94,2400
2019,MT,08,257,2053
2019,MT,09,11,48
2019,MT,10,1358,51460
2019,MT,11,69,3146
2019,MT,13,159,1790
2019,MT,14,311,1652
2019,MT,15,43,1529
2019,MT,16,1014,9626
2019,MT,17,25,206
2019,MT,18,319,1250
2019,MT,19,49,6395
2019,MT,20,152,2441
2019,MT,21,4,9
2019,MT,22,154,2636
2019,MT,23,747,6378
2019,MT,24,43,759
2019,MT,25,1002,4123
2019,MT,26,11,40
2019,MT,27,23,644
2019,MT,28,143,1031
2019,MT,29,136,637
2019,MT,30,21,165
2019,MT,31,482,2528
2019,MT,32,284,758
2019,MT,33,951,2673
2019,MT,35,129,3954
2019,MT,36,63,1708
2019,MT,37,55,113
2019,MT,38,204,1919
2019,MT,39,6,517
2019,MT,41,2738,13323
2019,MT,42,687,10222
2019,MT,43,2578,7254
2019,MT,45,7562,32130
2019,MT,46,5697,36949
2019,MT,47,28238,134535
2019,MT,49,5539,32111
2019,MT,50,35,54
2019,MT,51,25,500
2019,MT,52,832,6512
2019,MT,53,323,2065
2019,MT,55,1125,6972
2019,MT,56,4952,21261
2019,MT,58,143,281
2019,MT,59,114,438
2019,MT,60,211,1478
2019,MT,61,468,2992
2019,MT,62,412,3543
2019,MT,63,273,947
2019,MT,64,946,9464
2019,MT,65,53,1395
2019,MT,66,515,915
2019,MT,68,972,1918
2019,MT,69,2884,11351
2019,MT,70,300,529
2019,MT,71,982,2804
2019,MT,72,31,633
2019,MT,73,940,1795
2019,MT,74,708,1154
2019,MT,75,131,222
2019,MT,77,849,2458
2019,MT,78,61,988
2019,MT,79,438,1117
2019,MT,80,244,8620
2019,MT,81,1334,12929
2019,MT,82,2570,11799
2019,MT,84,589,164450
2019,MT,85,2368,26352
2019,MT,86,5237,24625
2019,MT,87,144,959
2019,MT,88,75,1301
2019,MT,90,119,91
2019,MT,91,11,0
2019,MT,92,1,5
2019,MT,93,771,1864
2019,MT,94,4242,9883
2019,MT,95,630,1164
2019,MT,96,1313,3365
2019,MT,97,30,24
2019,MT,99,2,0
2019,PA,01,7146,45377
2019,PA,02,252,4145
2019,PA,03,96,1093
2019,PA,05,3,0
2019,PA,06,1,5
2019,PA,07,69,20165
2019,PA,08,103,1247
2019,PA,09,21,156
2019,PA,10,1247,30866
2019,PA,11,75,2837
2019,PA,12,1,0
2019,PA,13,64,1821
2019,PA,14,257,1230
2019,PA,15,35,1200
2019,PA,16,592,9531
2019,PA,17,21,901
2019,PA,18,326,988
2019,PA,19,4,1420
2019,PA,20,77,2044
2019,PA,21,4,4
2019,PA,22,112,1868
2019,PA,23,475,6158
2019,PA,24,31,5360
2019,PA,25,360,1801
2019,PA,26,5,21
2019,PA,27,21,1040
2019,PA,28,73,772
2019,PA,29,86,376
2019,PA,30,33,470
2019,PA,31,223,1652
2019,PA,32,198,391
2019,PA,33,539,2379
2019,PA,35,98,2808
2019,PA,36,87,1916
2019,PA,37,43,154
2019,PA,38,127,3307
2019,PA,39,1,0
2019,PA,41,1862,21527
2019,PA,42,519,23897
2019,PA,43,1417,15447
2019,PA,45,4336,20039
2019,PA,46,4768,34763
2019,PA,47,29786,145478
2019,PA,49,1809,26199
2019,PA,50,272,4999
2019,PA,51,34,710
2019,PA,52,447,7048
2019,PA,53,288,2937
2019,PA,55,840,6318
2019,PA,56,2896,18566
2019,PA,58,67,378
2019,PA,59,82,354
2019,PA,60,127,1774
2019,PA,61,477,4463
2019,PA,62,351,1823
2019,PA,63,105,2287
2019,PA,64,696,11666
2019,PA,65,59,1856
2019,PA,66,312,598
2019,PA,68,537,2823
2019,PA,69,1914,6652
2019,PA,70,216,555
2019,PA,71,764,5743
2019,PA,72,16,858
2019,PA,73,424,1037
2019,PA,74,407,2253
2019,PA,75,95,405
2019,PA,77,852,5233
2019,PA,78,72,9627
2019,PA,79,275,721
2019,PA,80,249,15548
2019,PA,81,1719,32562
2019,PA,82,1524,13785
2019,PA,84,615,359650
2019,PA,85,2723,47558
2019,PA,86,3877,42245
2019,PA,87,71,717
2019,PA,88,55,1653
2019,PA,90,94,184
2019,PA,91,7,220
2019,PA,92,7,13
2019,PA,93,681,4299
2019,PA,94,5152,14333
2019,PA,95,459,1215
2019,PA,96,974,3402
2019,PA,97,19,27
2019,PA,99,5,21
2019,RO,01,5159,13244
2019,RO,02,125,446
2019,RO,03,68,236
2019,RO,07,47,610
2019,RO,08,107,560
2019,RO,09,6,58
2019,RO,10,527,18546
2019,RO,11,26,976
2019,RO,13,21,50
2019,RO,14,160,975
2019,RO,15,21,807
2019,RO,16,405,4478
2019,RO,17,12,61
2019,RO,18,118,506
2019,RO,19,2,102
2019,RO,20,38,244
2019,RO,21,3,11
2019,RO,22,49,503
2019,RO,23,230,2454
2019,RO,24,21,314
2019,RO,25,274,1211
2019,RO,26,3,10
2019,RO,27,6,87
2019,RO,28,17,81
2019,RO,29,63,352
2019,RO,30,7,522
2019,RO,31,159,818
2019,RO,32,150,542
2019,RO,33,223,573
2019,RO,35,56,2928
2019,RO,36,12,861
2019,RO,37,18,45
2019,RO,38,74,676
2019,RO,39,1,6
2019,RO,41,865,3100
2019,RO,42,215,4260
2019,RO,43,768,2153
2019,RO,45,2585,13073
2019,RO,46,2315,14037
2019,RO,47,11828,55958
2019,RO,49,1408,10492
2019,RO,50,53,717
2019,RO,51,9,213
2019,RO,52,144,1217
2019,RO,53,119,1210
2019,RO,55,340,1872
2019,RO,56,1661,7521
2019,RO,58,54,184
2019,RO,59,46,142
2019,RO,60,109,892
2019,RO,61,204,1740
2019,RO,62,98,314
2019,RO,63,76,159
2019,RO,64,377,4745
2019,RO,65,28,468
2019,RO,66,159,324
2019,RO,68,241,668
2019,RO,69,1133,3643
2019,RO,70,96,386
2019,RO,71,311,1023
2019,RO,72,7,135
2019,RO,73,216,224
2019,RO,74,276,581
2019,RO,75,45,115
2019,RO,77,262,841
2019,RO,78,19,1424
2019,RO,79,198,467
2019,RO,80,71,4973
2019,RO,81,405,3779
2019,RO,82,844,5077
2019,RO,84,232,116066
2019,RO,85,777,12975
2019,RO,86,1888,9560
2019,RO,87,42,216
2019,RO,88,33,320
2019,RO,90,38,62
2019,RO,91,7,30
2019,RO,92,1,0
2019,RO,93,285,905
2019,RO,94,2466,3845
2019,RO,95,257,534
2019,RO,96,467,838
2019,RO,97,20,40
2019,RR,01,291,1533
2019,RR,02,10,66
2019,RR,03,17,51
2019,RR,08,8,88
2019,RR,10,107,981
2019,RR,11,7,145
2019,RR,13,10,43
2019,RR,14,32,133
2019,RR,15,1,8
2019,RR,16,40,384
2019,RR,17,4,15
2019,RR,18,14,52
2019,RR,19,3,220
2019,RR,20,2,21
2019,RR,21,2,1
2019,RR,22,3,16
2019,RR,23,40,301
2019,RR,24,2,7
2019,RR,25,28,55
2019,RR,29,2,16
2019,RR,30,1,0
2019,RR,31,13,22
2019,RR,32,20,74
2019,RR,33,25,77
2019,RR,35,11,528
2019,RR,36,2,540
2019,RR,37,2,12
2019,RR,38,16,50
2019,RR,39,1,0
2019,RR,41,199,1726
2019,RR,42,48,899
2019,RR,43,124,886
2019,RR,45,335,1642
2019,RR,46,361,2984
2019,RR,47,2661,14576
2019,RR,49,140,1086
2019,RR,50,1,0
2019,RR,51,5,80
2019,RR,52,23,212
2019,RR,53,28,221
2019,RR,55,81,538
2019,RR,56,480,2499
2019,RR,58,10,70
2019,RR,59,13,75
2019,RR,60,11,362
2019,RR,61,40,276
2019,RR,62,23,37
2019,RR,63,7,3
2019,RR,64,50,596
2019,RR,65,5,28
2019,RR,66,18,60
2019,RR,68,53,126
2019,RR,69,189,596
2019,RR,70,22,140
2019,RR,71,46,94
2019,RR,72,1,109
2019,RR,73,67,71
2019,RR,74,45,91
2019,RR,75,15,46
2019,RR,77,71,359
2019,RR,78,5,960
2019,RR,79,41,154
2019,RR,80,21,1033
2019,RR,81,41,2350
2019,RR,82,119,826
2019,RR,84,86,52423
2019,RR,85,182,3651
2019,RR,86,374,2122
2019,RR,87,2,18
2019,RR,88,5,422
2019,RR,90,11,197
2019,RR,91,1,20
2019,RR,93,76,186
2019,RR,94,342,802
2019,RR,95,55,122
2019,RR,96,108,267
2019,RR,97,2,4
2019,RR,99,2,13
2019,TO,01,6868,20948
2019,TO,02,153,1157
2019,TO,03,25,104
2019,TO,05,1,4
2019,TO,07,13,121
2019,TO,08,104,748
2019,TO,09,4,4
2019,TO,10,367,7860
2019,TO,11,15,120
2019,TO,13,21,89
2019,TO,14,97,367
2019,TO,15,14,370
2019,TO,16,22,109
2019,TO,17,4,14
2019,TO,18,116,294
2019,TO,19,6,1119
2019,TO,20,28,420
2019,TO,21,1,6
2019,TO,22,31,251
2019,TO,23,271,2195
2019,TO,24,4,12
2019,TO,25,162,644
2019,TO,26,1,1
2019,TO,27,1,1
2019,TO,28,13,37
2019,TO,29,39,214
2019,TO,30,6,11
2019,TO,31,99,335
2019,TO,32,81,134
2019,TO,33,170,536
2019,TO,35,127,1691
2019,TO,36,26,1502
2019,TO,37,18,25
2019,TO,38,58,259
2019,TO,39,1,1
2019,TO,41,916,4328
2019,TO,42,171,2005
2019,TO,43,526,1175
2019,TO,45,1837,6640
2019,TO,46,1513,7835
2019,TO,47,10056,35912
2019,TO,49,865,6303
2019,TO,50,20,415
2019,TO,51,3,109
2019,TO,52,161,982
2019,TO,53,193,963
2019,TO,55,322,1723
2019,TO,56,1306,5830
2019,TO,58,40,87
2019,TO,59,41,136
2019,TO,60,45,333
2019,TO,61,174,976
2019,TO,62,100,564
2019,TO,63,64,141
2019,TO,64,222,2369
2019,TO,65,16,225
2019,TO,66,146,288
2019,TO,68,301,583
2019,TO,69,1216,2831
2019,TO,70,124,1227
2019,TO,71,367,941
2019,TO,72,9,90
2019,TO,73,208,275
2019,TO,74,224,297
2019,TO,75,32,42
2019,TO,77,324,852
2019,TO,78,10,179
2019,TO,79,103,154
2019,TO,80,62,2106
2019,TO,81,324,2362
2019,TO,82,739,5177
2019,TO,84,640,110757
2019,TO,85,787,11849
2019,TO,86,1726,7414
2019,TO,87,30,210
2019,TO,88,33,720
2019,TO,90,40,26
2019,TO,91,1,3
2019,TO,93,261,378
2019,TO,94,1924,3286
2019,TO,95,171,364
2019,TO,96,345,858
2019,TO,97,14,13
2019,TO,99,1,0
2020,AC,01,896,3151
2020,AC,02,14,24
2020,AC,03,10,16
2020,AC,07,1,1
2020,AC,08,13,19
2020,AC,10,181,2706
2020,AC,11,14,220
2020,AC,12,1,0
2020,AC,13,3,3
2020,AC,14,29,147
2020,AC,15,3,137
2020,AC,16,41,851
2020,AC,17,4,5
2020,AC,18,31,125
2020,AC,19,1,8
2020,AC,20,11,63
2020,AC,21,1,4
2020,AC,22,12,172
2020,AC,23,69,812
2020,AC,24,1,2
2020,AC,25,32,122
2020,AC,26,1,2
2020,AC,27,3,16
2020,AC,28,1,7
2020,AC,29,18,58
2020,AC,30,1,42
2020,AC,31,44,131
2020,AC,32,13,39
2020,AC,33,22,43
2020,AC,35,10,709
2020,AC,36,15,351
2020,AC,37,1,0
2020,AC,38,7,226
2020,AC,41,401,1423
2020,AC,42,37,1562
2020,AC,43,142,2335
2020,AC,45,455,2673
2020,AC,46,398,3525
2020,AC,47,3557,19114
2020,AC,49,172,1652
2020,AC,50,11,52
2020,AC,51,11,111
2020,AC,52,36,403
2020,AC,53,37,398
2020,AC,55,99,702
2020,AC,56,448,1667
2020,AC,58,16,79
2020,AC,59,12,38
2020,AC,60,19,266
2020,AC,61,37,334
2020,AC,62,25,34
2020,AC,63,17,166
2020,AC,64,85,1002
2020,AC,65,10,121
2020,AC,66,30,1442
2020,AC,68,66,222
2020,AC,69,276,865
2020,AC,70,33,297
2020,AC,71,142,1392
2020,AC,72,2,118
2020,AC,73,47,129
2020,AC,74,58,110
2020,AC,75,11,27
2020,AC,77,50,131
2020,AC,78,24,2661
2020,AC,79,43,76
2020,AC,80,21,1975
2020,AC,81,122,5518
2020,AC,82,183,2413
2020,AC,84,127,57014
2020,AC,85,587,3217
2020,AC,86,495,4743
2020,AC,87,8,8
2020,AC,88,15,405
2020,AC,90,3,8
2020,AC,91,3,257
2020,AC,93,89,366
2020,AC,94,518,1108
2020,AC,95,70,148
2020,AC,96,130,324
2020,AC,97,3,4
2020,AC,99,1,4
2020,AM,01,391,3089
2020,AM,02,51,86
2020,AM,03,43,76
2020,AM,05,1,0
2020,AM,06,7,356
2020,AM,07,7,1038
2020,AM,08,14,143
2020,AM,09,7,347
2020,AM,10,374,4598
2020,AM,11,30,2843
2020,AM,13,30,773
2020,AM,14,81,736
2020,AM,15,8,126
2020,AM,16,96,1206
2020,AM,17,51,3197
2020,AM,18,127,811
2020,AM,19,12,471
2020,AM,20,60,2251
2020,AM,21,7,723
2020,AM,22,141,9439
2020,AM,23,93,1388
2020,AM,24,19,1350
2020,AM,25,166,4812
2020,AM,26,113,25550
2020,AM,27,29,7337
2020,AM,28,36,5596
2020,AM,29,41,3953
2020,AM,30,84,14199
2020,AM,31,89,1264
2020,AM,32,63,2513
2020,AM,33,345,2009
2020,AM,35,123,3013
2020,AM,36,24,2323
2020,AM,37,16,27
2020,AM,38,67,2373
2020,AM,39,4,50
2020,AM,41,681,7179
2020,AM,42,129,3305
2020,AM,43,984,10107
2020,AM,45,1187,7112
2020,AM,46,1584,17611
2020,AM,47,13541,72864
2020,AM,49,743,18886
2020,AM,50,212,4452
2020,AM,51,25,907
2020,AM,52,377,6809
2020,AM,53,208,1833
2020,AM,55,275,1920
2020,AM,56,1544,14052
2020,AM,58,47,217
2020,AM,59,72,297
2020,AM,60,49,1158
2020,AM,61,211,1395
2020,AM,62,293,1790
2020,AM,63,92,782
2020,AM,64,300,3371
2020,AM,65,37,863
2020,AM,66,180,352
2020,AM,68,250,704
2020,AM,69,1093,2582
2020,AM,70,305,2317
2020,AM,71,438,2783
2020,AM,72,46,2363
2020,AM,73,262,445
2020,AM,74,132,987
2020,AM,75,49,138
2020,AM,77,251,2164
2020,AM,78,64,11540
2020,AM,79,173,439
2020,AM,80,114,10734
2020,AM,81,847,21967
2020,AM,82,1074,6843
2020,AM,84,316,191929
2020,AM,85,1024,19395
2020,AM,86,1918,18098
2020,AM,87,63,166
2020,AM,88,22,975
2020,AM,90,50,657
2020,AM,91,1,10
2020,AM,93,253,905
2020,AM,94,2592,4638
2020,AM,95,211,542
2020,AM,96,432,1454
2020,AM,97,9,81
2020,AM,99,2,4
2020,AP,01,144,496
2020,AP,02,6,506
2020,AP,07,15,549
2020,AP,08,16,91
2020,AP,09,1,32
2020,AP,10,136,775
2020,AP,11,3,55
2020,AP,13,8,15
2020,AP,14,30,60
2020,AP,16,19,321
2020,AP,18,35,96
2020,AP,19,1,1
2020,AP,20,2,1
2020,AP,22,4,17
2020,AP,23,32,519
2020,AP,24,1,0
2020,AP,25,22,44
2020,AP,27,4,6
2020,AP,28,1,1
2020,AP,29,2,16
2020,AP,30,4,21
2020,AP,31,21,36
2020,AP,32,18,14
2020,AP,33,25,54
2020,AP,35,14,782
2020,AP,36,2,414
2020,AP,37,2,9
2020,AP,38,17,121
2020,AP,39,1,0
2020,AP,41,257,2382
2020,AP,42,35,1287
2020,AP,43,131,548
2020,AP,45,328,1545
2020,AP,46,421,5173
2020,AP,47,3322,18893
2020,AP,49,104,1543
2020,AP,50,31,418
2020,AP,51,4,99
2020,AP,52,45,463
2020,AP,53,34,276
2020,AP,55,105,545
2020,AP,56,353,1858
2020,AP,58,1,0
2020,AP,59,22,65
2020,AP,60,11,183
2020,AP,61,37,940
2020,AP,62,24,158
2020,AP,63,11,20
2020,AP,64,57,676
2020,AP,65,8,215
2020,AP,66,27,61
2020,AP,68,44,125
2020,AP,69,188,620
2020,AP,70,20,22
2020,AP,71,60,129
2020,AP,72,1,89
2020,AP,73,40,77
2020,AP,74,32,49
2020,AP,75,8,42
2020,AP,77,68,621
2020,AP,78,14,1237
2020,AP,79,40,57
2020,AP,80,29,1885
2020,AP,81,77,2332
2020,AP,82,156,1315
2020,AP,84,82,60590
2020,AP,85,292,5649
2020,AP,86,475,3627
2020,AP,87,7,45
2020,AP,88,7,345
2020,AP,90,5,10
2020,AP,91,3,7
2020,AP,93,84,219
2020,AP,94,650,2766
2020,AP,95,55,85
2020,AP,96,122,274
2020,AP,97,1,2
2020,MA,01,2729,16837
2020,MA,02,156,5352
2020,MA,03,90,204
2020,MA,05,1,0
2020,MA,06,3,151
2020,MA,07,10,572
2020,MA,08,100,755
2020,MA,09,7,247
2020,MA,10,640,7688
2020,MA,11,67,2944
2020,MA,12,1,1
2020,MA,13,54,229
2020,MA,14,262,1418
2020,MA,15,31,636
2020,MA,16,54,156
2020,MA,17,19,948
2020,MA,18,295,975
2020,MA,19,8,1471
2020,MA,20,68,2131
2020,MA,21,4,6
2020,MA,22,66,724
2020,MA,23,409,5447
2020,MA,24,23,2996
2020,MA,25,288,1523
2020,MA,26,4,3
2020,MA,27,4,53
2020,MA,28,24,319
2020,MA,29,51,205
2020,MA,30,5,362
2020,MA,31,200,1424
2020,MA,32,139,388
2020,MA,33,416,1591
2020,MA,35,88,2132
2020,MA,36,51,3090
2020,MA,37,38,187
2020,MA,38,118,847
2020,MA,39,7,18
2020,MA,41,1751,17452
2020,MA,42,473,11071
2020,MA,43,1180,8661
2020,MA,45,3926,13108
2020,MA,46,4617,29509
2020,MA,47,30024,109157
2020,MA,49,1484,23400
2020,MA,50,40,1005
2020,MA,51,12,323
2020,MA,52,289,3465
2020,MA,53,276,1966
2020,MA,55,638,3680
2020,MA,56,2529,12141
2020,MA,58,72,250
2020,MA,59,88,305
2020,MA,60,102,1195
2020,MA,61,436,2841
2020,MA,62,252,1827
2020,MA,63,121,3387
2020,MA,64,476,5674
2020,MA,65,53,726
2020,MA,66,335,728
2020,MA,68,522,2098
2020,MA,69,1599,4200
2020,MA,70,189,469
2020,MA,71,603,3513
2020,MA,72,9,73
2020,MA,73,436,541
2020,MA,74,346,534
2020,MA,75,50,77
2020,MA,77,482,2223
2020,MA,78,53,4836
2020,MA,79,276,456
2020,MA,80,170,11186
2020,MA,81,986,13637
2020,MA,82,1357,13953
2020,MA,84,549,280959
2020,MA,85,2211,25271
2020,MA,86,3422,41169
2020,MA,87,86,988
2020,MA,88,34,860
2020,MA,90,99,57
2020,MA,91,10,53
2020,MA,93,529,1469
2020,MA,94,4381,16565
2020,MA,95,361,695
2020,MA,96,804,2225
2020,MA,97,14,25
2020,MT,01,22317,120487
2020,MT,02,481,2599
2020,MT,03,137,451
2020,MT,06,1,6
2020,MT,07,105,3059
2020,MT,08,261,2126
2020,MT,09,19,56
2020,MT,10,1358,54509
2020,MT,11,68,3186
2020,MT,13,166,1474
2020,MT,14,321,1451
2020,MT,15,44,1482
2020,MT,16,1017,8916
2020,MT,17,27,201
2020,MT,18,320,1139
2020,MT,19,46,6387
2020,MT,20,172,2748
2020,MT,21,4,7
2020,MT,22,153,2586
2020,MT,23,795,7061
2020,MT,24,43,728
2020,MT,25,1083,4361
2020,MT,26,13,43
2020,MT,27,25,676
2020,MT,28,153,1201
2020,MT,29,143,663
2020,MT,30,17,142
2020,MT,31,488,2550
2020,MT,32,289,796
2020,MT,33,1066,3292
2020,MT,35,131,3905
2020,MT,36,70,1709
2020,MT,37,59,134
2020,MT,38,206,2228
2020,MT,39,3,518
2020,MT,41,2985,15029
2020,MT,42,758,10394
2020,MT,43,2772,8091
2020,MT,45,7767,31529
2020,MT,46,5826,38658
2020,MT,47,28792,136107
2020,MT,49,5762,33780
2020,MT,50,39,54
2020,MT,51,24,387
2020,MT,52,818,6902
2020,MT,53,314,2116
2020,MT,55,1105,6147
2020,MT,56,4999,18807
2020,MT,58,136,233
2020,MT,59,132,308
2020,MT,60,215,1347
2020,MT,61,518,3602
2020,MT,62,437,3662
2020,MT,63,302,1216
2020,MT,64,939,9157
2020,MT,65,52,1391
2020,MT,66,534,926
2020,MT,68,1039,1971
2020,MT,69,2993,11400
2020,MT,70,325,501
2020,MT,71,1125,3277
2020,MT,72,37,728
2020,MT,73,1127,2011
2020,MT,74,819,1130
2020,MT,75,154,294
2020,MT,77,910,2519
2020,MT,78,68,1532
2020,MT,79,395,821
2020,MT,80,266,8664
2020,MT,81,1422,13934
2020,MT,82,2810,12473
2020,MT,84,613,154671
2020,MT,85,2437,24784
2020,MT,86,5669,25823
2020,MT,87,158,805
2020,MT,88,84,1084
2020,MT,90,101,57
2020,MT,91,11,9
2020,MT,92,1,4
2020,MT,93,782,1620
2020,MT,94,4272,9656
2020,MT,95,648,1077
2020,MT,96,1360,3225
2020,MT,97,33,27
2020,MT,99,2,0
2020,PA,01,7055,45165
2020,PA,02,256,4303
2020,PA,03,90,1162
2020,PA,05,2,0
2020,PA,06,1,1
2020,PA,07,74,22713
2020,PA,08,98,1281
2020,PA,09,19,84
2020,PA,10,1328,32301
2020,PA,11,77,2979
2020,PA,13,71,1964
2020,PA,14,252,1143
2020,PA,15,31,1358
2020,PA,16,575,10368
2020,PA,17,23,1036
2020,PA,18,332,925
2020,PA,19,6,1186
2020,PA,20,93,2394
2020,PA,21,7,13
2020,PA,22,116,1954
2020,PA,23,476,6665
2020,PA,24,35,5777
2020,PA,25,393,1940
2020,PA,26,4,34
2020,PA,27,23,1105
2020,PA,28,62,983
2020,PA,29,85,445
2020,PA,30,41,574
2020,PA,31,243,1875
2020,PA,32,209,434
2020,PA,33,583,3011
2020,PA,35,100,2756
2020,PA,36,88,1842
2020,PA,37,40,397
2020,PA,38,133,3447
2020,PA,41,2007,23342
2020,PA,42,569,27104
2020,PA,43,1500,15965
2020,PA,45,4706,20224
2020,PA,46,5156,36573
2020,PA,47,30753,151388
2020,PA,49,1914,27568
2020,PA,50,307,4983
2020,PA,51,35,608
2020,PA,52,493,7351
2020,PA,53,300,3052
2020,PA,55,835,5542
2020,PA,56,3018,17924
2020,PA,58,66,603
2020,PA,59,85,288
2020,PA,60,125,1899
2020,PA,61,575,5049
2020,PA,62,356,1976
2020,PA,63,128,2546
2020,PA,64,686,11486
2020,PA,65,57,1887
2020,PA,66,344,656
2020,PA,68,567,2788
2020,PA,69,2024,6564
2020,PA,70,218,643
2020,PA,71,968,7735
2020,PA,72,15,891
2020,PA,73,508,900
2020,PA,74,498,2566
2020,PA,75,117,379
2020,PA,77,893,6344
2020,PA,78,83,9832
2020,PA,79,285,675
2020,PA,80,256,16421
2020,PA,81,1710,33564
2020,PA,82,1747,17666
2020,PA,84,617,327988
2020,PA,85,2998,40429
2020,PA,86,4168,48521
2020,PA,87,69,696
2020,PA,88,56,1436
2020,PA,90,83,114
2020,PA,91,6,3
2020,PA,92,4,10
2020,PA,93,723,4085
2020,PA,94,5763,14281
2020,PA,95,481,1178
2020,PA,96,1065,3663
2020,PA,97,20,24
2020,PA,99,4,12
2020,RO,01,5135,13216
2020,RO,02,113,369
2020,RO,03,66,193
2020,RO,07,40,659
2020,RO,08,102,530
2020,RO,09,10,61
2020,RO,10,526,18755
2020,RO,11,26,996
2020,RO,13,20,50
2020,RO,14,148,834
2020,RO,15,21,781
2020,RO,16,392,4193
2020,RO,17,12,87
2020,RO,18,115,477
2020,RO,19,3,98
2020,RO,20,37,244
2020,RO,21,1,1
2020,RO,22,54,511
2020,RO,23,239,2583
2020,RO,24,20,283
2020,RO,25,288,1211
2020,RO,26,2,3
2020,RO,27,10,143
2020,RO,28,15,81
2020,RO,29,60,364
2020,RO,30,8,457
2020,RO,31,150,801
2020,RO,32,157,547
2020,RO,33,223,571
2020,RO,35,64,2919
2020,RO,36,13,1010
2020,RO,37,13,51
2020,RO,38,77,792
2020,RO,39,1,7
2020,RO,41,845,3093
2020,RO,42,213,3147
2020,RO,43,853,2406
2020,RO,45,2735,12612
2020,RO,46,2486,14477
2020,RO,47,12130,54602
2020,RO,49,1490,11203
2020,RO,50,34,515
2020,RO,51,9,156
2020,RO,52,162,1484
2020,RO,53,126,1274
2020,RO,55,322,1508
2020,RO,56,1654,6574
2020,RO,58,48,159
2020,RO,59,40,136
2020,RO,60,114,854
2020,RO,61,212,2042
2020,RO,62,108,323
2020,RO,63,70,171
2020,RO,64,396,4750
2020,RO,65,34,509
2020,RO,66,169,298
2020,RO,68,259,811
2020,RO,69,1179,3545
2020,RO,70,95,327
2020,RO,71,379,854
2020,RO,72,9,173
2020,RO,73,262,243
2020,RO,74,327,693
2020,RO,75,61,135
2020,RO,77,272,784
2020,RO,78,20,967
2020,RO,79,187,361
2020,RO,80,84,5472
2020,RO,81,423,4050
2020,RO,82,860,5027
2020,RO,84,232,115942
2020,RO,85,805,10543
2020,RO,86,2020,10423
2020,RO,87,45,245
2020,RO,88,29,416
2020,RO,90,31,31
2020,RO,91,6,29
2020,RO,92,1,0
2020,RO,93,299,701
2020,RO,94,2447,3434
2020,RO,95,269,574
2020,RO,96,486,796
2020,RO,97,13,19
2020,RR,01,295,1487
2020,RR,02,9,56
2020,RR,03,21,45
2020,RR,08,7,109
2020,RR,10,118,1129
2020,RR,11,7,160
2020,RR,13,10,31
2020,RR,14,28,139
2020,RR,15,1,9
2020,RR,16,43,223
2020,RR,17,3,14
2020,RR,18,18,52
2020,RR,19,2,323
2020,RR,20,2,13
2020,RR,21,1,0
2020,RR,22,2,14
2020,RR,23,51,371
2020,RR,24,3,8
2020,RR,25,34,71
2020,RR,27,1,1
2020,RR,29,4,19
2020,RR,30,1,0
2020,RR,31,12,14
2020,RR,32,23,69
2020,RR,33,21,56
2020,RR,35,13,687
2020,RR,36,1,579
2020,RR,37,2,9
2020,RR,38,13,42
2020,RR,41,213,2030
2020,RR,42,55,2551
2020,RR,43,136,635
2020,RR,45,383,1611
2020,RR,46,386,3250
2020,RR,47,2851,14707
2020,RR,49,135,931
2020,RR,50,2,5
2020,RR,51,6,84
2020,RR,52,25,212
2020,RR,53,30,233
2020,RR,55,85,439
2020,RR,56,482,2184
2020,RR,58,8,41
2020,RR,59,19,73
2020,RR,60,9,296
2020,RR,61,55,346
2020,RR,62,22,28
2020,RR,63,4,6
2020,RR,64,47,562
2020,RR,65,4,24
2020,RR,66,22,118
2020,RR,68,58,150
2020,RR,69,197,634
2020,RR,70,33,469
2020,RR,71,49,140
2020,RR,72,1,97
2020,RR,73,64,81
2020,RR,74,44,52
2020,RR,75,20,40
2020,RR,77,61,335
2020,RR,78,8,727
2020,RR,79,53,173
2020,RR,80,19,1432
2020,RR,81,42,2225
2020,RR,82,137,1203
2020,RR,84,75,49876
2020,RR,85,176,3906
2020,RR,86,392,1950
2020,RR,87,1,21
2020,RR,88,10,392
2020,RR,90,12,209
2020,RR,93,75,195
2020,RR,94,375,965
2020,RR,95,51,89
2020,RR,96,119,306
2020,RR,99,2,7
2020,TO,01,6803,21807
2020,TO,02,158,967
2020,TO,03,28,127
2020,TO,05,1,5
2020,TO,07,13,189
2020,TO,08,103,838
2020,TO,09,3,3
2020,TO,10,381,7996
2020,TO,11,13,122
2020,TO,13,24,101
2020,TO,14,102,316
2020,TO,15,10,315
2020,TO,16,20,110
2020,TO,17,3,6
2020,TO,18,103,237
2020,TO,19,6,1094
2020,TO,20,30,272
2020,TO,21,2,33
2020,TO,22,32,250
2020,TO,23,281,2291
2020,TO,24,6,16
2020,TO,25,164,714
2020,TO,27,2,0
2020,TO,28,11,24
2020,TO,29,41,217
2020,TO,30,5,23
2020,TO,31,97,330
2020,TO,32,88,154
2020,TO,33,170,496
2020,TO,35,138,1664
2020,TO,36,41,1513
2020,TO,37,16,26
2020,TO,38,52,230
2020,TO,39,1,0
2020,TO,41,964,3669
2020,TO,42,167,4788
2020,TO,43,566,1288
2020,TO,45,1955,6386
2020,TO,46,1598,7898
2020,TO,47,10125,35859
2020,TO,49,903,6476
2020,TO,50,19,370
2020,TO,51,3,90
2020,TO,52,160,1005
2020,TO,53,197,989
2020,TO,55,310,1463
2020,TO,56,1306,5258
2020,TO,58,37,59
2020,TO,59,40,86
2020,TO,60,49,268
2020,TO,61,201,1310
2020,TO,62,112,487
2020,TO,63,71,103
2020,TO,64,253,2437
2020,TO,65,19,229
2020,TO,66,155,294
2020,TO,68,301,644
2020,TO,69,1239,2687
2020,TO,70,140,1204
2020,TO,71,415,1046
2020,TO,72,9,87
2020,TO,73,234,220
2020,TO,74,250,347
2020,TO,75,35,51
2020,TO,77,337,930
2020,TO,78,5,45
2020,TO,79,111,149
2020,TO,80,69,2039
2020,TO,81,308,2675
2020,TO,82,808,4472
2020,TO,84,665,102225
2020,TO,85,800,11506
2020,TO,86,1831,8395
2020,TO,87,30,224
2020,TO,88,24,169
2020,TO,90,34,24
2020,TO,91,3,8
2020,TO,92,1,0
2020,TO,93,253,330
2020,TO,94,2082,2893
2020,TO,95,172,361
2020,TO,96,355,855
2020,TO,97,11,11
2021,AC,01,861,3157
2021,AC,02,20,20
2021,AC,03,10,11
2021,AC,07,1,1
2021,AC,08,13,25
2021,AC,10,184,2857
2021,AC,11,16,249
2021,AC,13,5,12
2021,AC,14,30,126
2021,AC,15,3,139
2021,AC,16,40,1126
2021,AC,18,28,132
2021,AC,19,4,13
2021,AC,20,8,45
2021,AC,21,1,3
2021,AC,22,12,170
2021,AC,23,71,792
2021,AC,24,1,3
2021,AC,25,28,119
2021,AC,26,1,3
2021,AC,27,4,18
2021,AC,28,1,6
2021,AC,29,18,60
2021,AC,30,1,46
2021,AC,31,48,152
2021,AC,32,15,38
2021,AC,33,31,53
2021,AC,35,10,816
2021,AC,36,11,368
2021,AC,38,8,209
2021,AC,39,1,0
2021,AC,41,455,1697
2021,AC,42,64,1297
2021,AC,43,183,2648
2021,AC,45,485,2948
2021,AC,46,415,3908
2021,AC,47,3707,20246
2021,AC,49,154,1571
2021,AC,50,9,55
2021,AC,51,9,115
2021,AC,52,34,425
2021,AC,53,40,383
2021,AC,55,88,614
2021,AC,56,449,1937
2021,AC,58,18,82
2021,AC,59,11,43
2021,AC,60,23,260
2021,AC,61,46,397
2021,AC,62,24,50
2021,AC,63,20,153
2021,AC,64,97,1088
2021,AC,65,8,125
2021,AC,66,28,1404
2021,AC,68,70,218
2021,AC,69,280,914
2021,AC,70,34,232
2021,AC,71,195,1597
2021,AC,72,2,113
2021,AC,73,48,117
2021,AC,74,69,152
2021,AC,75,11,45
2021,AC,77,44,144
2021,AC,78,17,2676
2021,AC,79,39,66
2021,AC,80,25,1827
2021,AC,81,119,6190
2021,AC,82,219,3237
2021,AC,84,123,61321
2021,AC,85,598,3685
2021,AC,86,530,4999
2021,AC,87,8,24
2021,AC,88,17,401
2021,AC,90,6,9
2021,AC,91,4,236
2021,AC,93,78,314
2021,AC,94,532,1259
2021,AC,95,69,173
2021,AC,96,136,321
2021,AC,97,1,1
2021,AC,99,1,4
2021,AM,01,402,3780
2021,AM,02,40,132
2021,AM,03,51,69
2021,AM,06,8,395
2021,AM,07,4,1186
2021,AM,08,15,182
2021,AM,09,6,345
2021,AM,10,353,4846
2021,AM,11,36,2701
2021,AM,13,29,859
2021,AM,14,71,747
2021,AM,15,9,124
2021,AM,16,77,1196
2021,AM,17,57,3334
2021,AM,18,122,760
2021,AM,19,15,484
2021,AM,20,71,2936
2021,AM,21,3,778
2021,AM,22,152,11163
2021,AM,23,92,1485
2021,AM,24,17,1510
2021,AM,25,171,5452
2021,AM,26,114,30581
2021,AM,27,41,7248
2021,AM,28,34,5623
2021,AM,29,39,4463
2021,AM,30,80,14736
2021,AM,31,86,1232
2021,AM,32,73,2566
2021,AM,33,353,2275
2021,AM,35,126,2937
2021,AM,36,23,2262
2021,AM,37,17,51
2021,AM,38,88,2860
2021,AM,39,5,110
2021,AM,41,709,7655
2021,AM,42,129,2856
2021,AM,43,966,12148
2021,AM,45,1186,7581
2021,AM,46,1673,17839
2021,AM,47,13568,76789
2021,AM,49,793,19327
2021,AM,50,246,4779
2021,AM,51,28,1008
2021,AM,52,343,7532
2021,AM,53,189,1774
2021,AM,55,282,2158
2021,AM,56,1545,14857
2021,AM,58,49,535
2021,AM,59,74,265
2021,AM,60,44,1196
2021,AM,61,241,1520
2021,AM,62,357,2388
2021,AM,63,119,1089
2021,AM,64,317,3711
2021,AM,65,33,967
2021,AM,66,207,513
2021,AM,68,256,872
2021,AM,69,1101,2618
2021,AM,70,297,2141
2021,AM,71,511,2927
2021,AM,72,50,2854
2021,AM,73,276,429
2021,AM,74,168,1143
2021,AM,75,54,157
2021,AM,77,240,2723
2021,AM,78,69,10182
2021,AM,79,179,380
2021,AM,80,128,11114
2021,AM,81,858,24729
2021,AM,82,1079,7369
2021,AM,84,329,227359
2021,AM,85,1058,16207
2021,AM,86,2030,19096
2021,AM,87,45,157
2021,AM,88,28,848
2021,AM,90,58,674
2021,AM,91,3,12
2021,AM,93,239,906
2021,AM,94,2580,6575
2021,AM,95,223,598
2021,AM,96,386,1733
2021,AM,97,4,80
2021,AM,99,2,5
2021,AP,01,133,546
2021,AP,02,15,555
2021,AP,03,1,2
2021,AP,07,18,795
2021,AP,08,14,90
2021,AP,09,1,1
2021,AP,10,122,756
2021,AP,11,4,52
2021,AP,13,7,18
2021,AP,14,33,73
2021,AP,15,1,0
2021,AP,16,18,324
2021,AP,17,1,0
2021,AP,18,38,101
2021,AP,19,1,1
2021,AP,20,2,9
2021,AP,21,1,2
2021,AP,22,2,3
2021,AP,23,35,604
2021,AP,25,23,36
2021,AP,27,3,14
2021,AP,28,1,0
2021,AP,29,3,16
2021,AP,30,8,30
2021,AP,31,17,53
2021,AP,32,11,25
2021,AP,33,37,62
2021,AP,35,13,781
2021,AP,36,3,397
2021,AP,37,1,0
2021,AP,38,17,249
2021,AP,39,1,0
2021,AP,41,291,2713
2021,AP,42,44,1660
2021,AP,43,131,700
2021,AP,45,304,1627
2021,AP,46,436,4693
2021,AP,47,3209,19340
2021,AP,49,108,1722
2021,AP,50,27,415
2021,AP,51,4,86
2021,AP,52,53,459
2021,AP,53,33,260
2021,AP,55,94,498
2021,AP,56,358,2151
2021,AP,58,1,0
2021,AP,59,21,71
2021,AP,60,10,173
2021,AP,61,39,1162
2021,AP,62,30,122
2021,AP,63,7,9
2021,AP,64,65,810
2021,AP,65,7,217
2021,AP,66,20,70
2021,AP,68,71,217
2021,AP,69,187,672
2021,AP,70,25,41
2021,AP,71,65,248
2021,AP,72,2,86
2021,AP,73,40,115
2021,AP,74,37,56
2021,AP,75,12,52
2021,AP,77,60,560
2021,AP,78,13,891
2021,AP,79,29,60
2021,AP,80,29,1688
2021,AP,81,82,2867
2021,AP,82,148,1776
2021,AP,84,82,58643
2021,AP,85,289,5984
2021,AP,86,481,3624
2021,AP,87,7,66
2021,AP,88,5,296
2021,AP,90,7,9
2021,AP,91,2,5
2021,AP,93,85,235
2021,AP,94,632,2473
2021,AP,95,51,109
2021,AP,96,118,377
2021,AP,97,1,7
2021,MA,01,2783,18621
2021,MA,02,197,5721
2021,MA,03,89,197
2021,MA,05,1,0
2021,MA,06,3,151
2021,MA,07,8,562
2021,MA,08,103,905
2021,MA,09,4,246
2021,MA,10,637,6770
2021,MA,11,74,2891
2021,MA,12,1,1
2021,MA,13,53,257
2021,MA,14,277,1444
2021,MA,15,34,845
2021,MA,16,52,114
2021,MA,17,28,1002
2021,MA,18,292,1016
2021,MA,19,11,1624
2021,MA,20,65,2037
2021,MA,21,1,3
2021,MA,22,72,720
2021,MA,23,445,5914
2021,MA,24,23,3657
2021,MA,25,289,1931
2021,MA,26,4,3
2021,MA,27,9,52
2021,MA,28,25,233
2021,MA,29,58,227
2021,MA,30,4,358
2021,MA,31,195,1431
2021,MA,32,132,420
2021,MA,33,439,1664
2021,MA,35,85,2128
2021,MA,36,61,3027
2021,MA,37,41,224
2021,MA,38,135,1097
2021,MA,39,4,16
2021,MA,41,1896,22542
2021,MA,42,526,14858
2021,MA,43,1293,8161
2021,MA,45,4091,13883
2021,MA,46,4852,30462
2021,MA,47,30484,114128
2021,MA,49,1517,24088
2021,MA,50,42,1007
2021,MA,51,15,293
2021,MA,52,298,3660
2021,MA,53,277,1904
2021,MA,55,654,4227
2021,MA,56,2592,13195
2021,MA,58,75,215
2021,MA,59,97,289
2021,MA,60,95,1241
2021,MA,61,497,3827
2021,MA,62,314,2017
2021,MA,63,115,2292
2021,MA,64,515,6073
2021,MA,65,51,832
2021,MA,66,362,893
2021,MA,68,550,2503
2021,MA,69,1659,4657
2021,MA,70,239,575
2021,MA,71,704,4139
2021,MA,72,14,67
2021,MA,73,500,558
2021,MA,74,401,682
2021,MA,75,76,140
2021,MA,77,508,3858
2021,MA,78,56,3729
2021,MA,79,260,506
2021,MA,80,187,11393
2021,MA,81,957,14191
2021,MA,82,1452,17676
2021,MA,84,582,321324
2021,MA,85,2183,25534
2021,MA,86,3756,44543
2021,MA,87,93,740
2021,MA,88,37,981
2021,MA,90,114,91
2021,MA,91,11,46
2021,MA,92,1,0
2021,MA,93,542,1564
2021,MA,94,4434,18553
2021,MA,95,371,763
2021,MA,96,856,2574
2021,MA,97,10,6
2021,MT,01,23377,126554
2021,MT,02,505,2802
2021,MT,03,124,405
2021,MT,05,1,1
2021,MT,06,1,7
2021,MT,07,119,3570
2021,MT,08,269,2378
2021,MT,09,22,30
2021,MT,10,1390,53433
2021,MT,11,82,3230
2021,MT,13,161,1530
2021,MT,14,294,1534
2021,MT,15,40,1394
2021,MT,16,1029,9904
2021,MT,17,28,191
2021,MT,18,298,1178
2021,MT,19,48,8573
2021,MT,20,175,3021
2021,MT,21,4,9
2021,MT,22,170,2687
2021,MT,23,903,7789
2021,MT,24,44,864
2021,MT,25,1202,4980
2021,MT,26,13,45
2021,MT,27,30,711
2021,MT,28,169,1438
2021,MT,29,171,825
2021,MT,30,19,166
2021,MT,31,518,2714
2021,MT,32,319,879
2021,MT,33,1252,4055
2021,MT,35,139,4579
2021,MT,36,69,1856
2021,MT,37,60,205
2021,MT,38,228,2551
2021,MT,39,5,386
2021,MT,41,3314,16809
2021,MT,42,806,11879
2021,MT,43,3202,9788
2021,MT,45,8206,33895
2021,MT,46,6101,41985
2021,MT,47,29611,144819
2021,MT,49,6126,37551
2021,MT,50,36,61
2021,MT,51,21,362
2021,MT,52,892,7832
2021,MT,53,303,2074
2021,MT,55,1116,7823
2021,MT,56,5067,19664
2021,MT,58,119,264
2021,MT,59,126,299
2021,MT,60,229,1424
2021,MT,61,572,3773
2021,MT,62,522,4117
2021,MT,63,281,1585
2021,MT,64,917,10487
2021,MT,65,48,1402
2021,MT,66,574,1032
2021,MT,68,1159,2325
2021,MT,69,3168,11931
2021,MT,70,375,604
2021,MT,71,1312,3884
2021,MT,72,39,739
2021,MT,73,1360,2462
2021,MT,74,922,1855
2021,MT,75,202,404
2021,MT,77,954,2896
2021,MT,78,76,1477
2021,MT,79,394,855
2021,MT,80,282,8957
2021,MT,81,1441,14992
2021,MT,82,3147,15460
2021,MT,84,607,164233
2021,MT,85,2616,23622
2021,MT,86,6360,28022
2021,MT,87,162,911
2021,MT,88,84,1427
2021,MT,90,90,69
2021,MT,91,11,0
2021,MT,92,1,4
2021,MT,93,805,1892
2021,MT,94,4151,10219
2021,MT,95,665,1127
2021,MT,96,1407,3638
2021,MT,97,23,15
2021,MT,99,2,0
2021,PA,01,7274,48723
2021,PA,02,260,5234
2021,PA,03,91,1052
2021,PA,06,1,2
2021,PA,07,87,23373
2021,PA,08,107,1552
2021,PA,09,30,135
2021,PA,10,1318,34409
2021,PA,11,78,2886
2021,PA,13,76,1633
2021,PA,14,249,1212
2021,PA,15,34,1356
2021,PA,16,619,10798
2021,PA,17,27,1738
2021,PA,18,336,986
2021,PA,19,7,1660
2021,PA,20,90,2704
2021,PA,21,5,6
2021,PA,22,122,1948
2021,PA,23,511,7614
2021,PA,24,33,6150
2021,PA,25,450,1779
2021,PA,26,6,25
2021,PA,27,20,816
2021,PA,28,73,1395
2021,PA,29,96,431
2021,PA,30,31,612
2021,PA,31,263,2173
2021,PA,32,221,482
2021,PA,33,652,4265
2021,PA,35,104,2494
2021,PA,36,89,1957
2021,PA,37,47,460
2021,PA,38,156,3773
2021,PA,39,1,0
2021,PA,41,2136,27061
2021,PA,42,645,32307
2021,PA,43,1661,15959
2021,PA,45,4886,21338
2021,PA,46,5545,40337
2021,PA,47,31768,162133
2021,PA,49,2020,28088
2021,PA,50,306,5366
2021,PA,51,42,694
2021,PA,52,541,8273
2021,PA,53,301,2877
2021,PA,55,856,6155
2021,PA,56,3173,19900
2021,PA,58,63,542
2021,PA,59,84,336
2021,PA,60,138,1754
2021,PA,61,646,6041
2021,PA,62,378,2417
2021,PA,63,135,1385
2021,PA,64,753,12085
2021,PA,65,51,2914
2021,PA,66,356,666
2021,PA,68,629,3276
2021,PA,69,2086,7366
2021,PA,70,249,694
2021,PA,71,1131,7825
2021,PA,72,22,988
2021,PA,73,579,1047
2021,PA,74,506,3071
2021,PA,75,134,389
2021,PA,77,1032,5910
2021,PA,78,84,11636
2021,PA,79,270,690
2021,PA,80,282,17177
2021,PA,81,1686,27686
2021,PA,82,1983,24231
2021,PA,84,610,362034
2021,PA,85,3157,42552
2021,PA,86,4572,50178
2021,PA,87,65,891
2021,PA,88,54,2196
2021,PA,90,95,119
2021,PA,91,5,5
2021,PA,92,10,14
2021,PA,93,773,4260
2021,PA,94,5769,13126
2021,PA,95,484,1365
2021,PA,96,1126,3964
2021,PA,97,10,6
2021,PA,99,5,14
2021,RO,01,5322,13974
2021,RO,02,107,444
2021,RO,03,65,192
2021,RO,07,41,724
2021,RO,08,95,554
2021,RO,09,21,69
2021,RO,10,574,17596
2021,RO,11,29,981
2021,RO,13,29,65
2021,RO,14,148,866
2021,RO,15,22,748
2021,RO,16,388,4092
2021,RO,17,14,92
2021,RO,18,121,507
2021,RO,19,5,101
2021,RO,20,43,246
2021,RO,21,2,26
2021,RO,22,48,495
2021,RO,23,247,2818
2021,RO,24,19,336
2021,RO,25,299,1263
2021,RO,26,3,22
2021,RO,27,8,27
2021,RO,28,14,81
2021,RO,29,73,393
2021,RO,30,7,525
2021,RO,31,155,848
2021,RO,32,156,570
2021,RO,33,248,679
2021,RO,35,64,2797
2021,RO,36,13,1053
2021,RO,37,15,57
2021,RO,38,79,893
2021,RO,39,2,10
2021,RO,41,889,3347
2021,RO,42,205,2847
2021,RO,43,920,2565
2021,RO,45,2831,13338
2021,RO,46,2684,15967
2021,RO,47,12588,58160
2021,RO,49,1460,10575
2021,RO,50,44,473
2021,RO,51,8,163
2021,RO,52,155,1491
2021,RO,53,145,1172
2021,RO,55,328,1648
2021,RO,56,1695,6801
2021,RO,58,52,154
2021,RO,59,36,125
2021,RO,60,96,760
2021,RO,61,234,2144
2021,RO,62,128,355
2021,RO,63,71,201
2021,RO,64,412,5267
2021,RO,65,26,504
2021,RO,66,182,356
2021,RO,68,291,852
2021,RO,69,1233,3886
2021,RO,70,104,450
2021,RO,71,453,1322
2021,RO,72,11,177
2021,RO,73,329,335
2021,RO,74,382,793
2021,RO,75,81,166
2021,RO,77,263,853
2021,RO,78,24,1160
2021,RO,79,177,683
2021,RO,80,77,5918
2021,RO,81,434,4061
2021,RO,82,921,6567
2021,RO,84,236,74716
2021,RO,85,796,9767
2021,RO,86,2229,11089
2021,RO,87,48,242
2021,RO,88,32,553
2021,RO,90,29,23
2021,RO,91,6,48
2021,RO,93,306,794
2021,RO,94,2213,3781
2021,RO,95,278,607
2021,RO,96,508,899
2021,RO,97,14,15
2021,RO,99,1,0
2021,RR,01,333,2043
2021,RR,02,10,96
2021,RR,03,26,65
2021,RR,07,3,0
2021,RR,08,11,144
2021,RR,10,112,1329
2021,RR,11,5,139
2021,RR,12,1,0
2021,RR,13,10,40
2021,RR,14,30,145
2021,RR,15,1,8
2021,RR,16,34,182
2021,RR,17,2,10
2021,RR,18,18,53
2021,RR,19,1,7
2021,RR,20,3,6
2021,RR,22,3,27
2021,RR,23,47,473
2021,RR,24,2,8
2021,RR,25,30,101
2021,RR,27,1,1
2021,RR,29,3,22
2021,RR,31,9,12
2021,RR,32,23,73
2021,RR,33,19,53
2021,RR,35,14,739
2021,RR,36,1,620
2021,RR,37,2,13
2021,RR,38,20,73
2021,RR,41,226,2158
2021,RR,42,45,2445
2021,RR,43,183,838
2021,RR,45,369,1752
2021,RR,46,427,3445
2021,RR,47,2948,16175
2021,RR,49,151,1157
2021,RR,50,3,14
2021,RR,51,8,90
2021,RR,52,28,278
2021,RR,53,33,228
2021,RR,55,78,484
2021,RR,56,506,2359
2021,RR,58,9,26
2021,RR,59,18,91
2021,RR,60,10,249
2021,RR,61,61,401
2021,RR,62,28,31
2021,RR,63,10,23
2021,RR,64,54,626
2021,RR,65,3,25
2021,RR,66,21,114
2021,RR,68,65,206
2021,RR,69,219,655
2021,RR,70,32,339
2021,RR,71,81,311
2021,RR,72,2,96
2021,RR,73,79,108
2021,RR,74,45,65
2021,RR,75,24,89
2021,RR,77,72,409
2021,RR,78,13,715
2021,RR,79,45,60
2021,RR,80,20,1749
2021,RR,81,47,2414
2021,RR,82,152,1529
2021,RR,84,83,54347
2021,RR,85,175,3733
2021,RR,86,439,2497
2021,RR,87,2,28
2021,RR,88,10,460
2021,RR,90,10,208
2021,RR,93,73,238
2021,RR,94,361,999
2021,RR,95,58,117
2021,RR,96,117,337
2021,RR,97,1,1
2021,RR,99,1,7
2021,TO,01,7227,23591
2021,TO,02,153,775
2021,TO,03,38,184
2021,TO,07,20,279
2021,TO,08,96,1183
2021,TO,09,4,1
2021,TO,10,404,8342
2021,TO,11,13,139
2021,TO,13,19,90
2021,TO,14,89,360
2021,TO,15,9,310
2021,TO,16,24,116
2021,TO,17,2,12
2021,TO,18,106,249
2021,TO,19,5,1088
2021,TO,20,36,281
2021,TO,21,1,48
2021,TO,22,41,302
2021,TO,23,295,2656
2021,TO,24,6,18
2021,TO,25,183,778
2021,TO,27,2,0
2021,TO,28,12,33
2021,TO,29,45,243
2021,TO,30,5,26
2021,TO,31,99,353
2021,TO,32,82,221
2021,TO,33,188,547
2021,TO,35,130,1705
2021,TO,36,44,1519
2021,TO,37,15,20
2021,TO,38,68,651
2021,TO,41,926,3746
2021,TO,42,196,4808
2021,TO,43,599,1778
2021,TO,45,2021,6990
2021,TO,46,1723,9113
2021,TO,47,10496,39049
2021,TO,49,972,6829
2021,TO,50,21,373
2021,TO,51,3,83
2021,TO,52,163,1076
2021,TO,53,198,992
2021,TO,55,319,1621
2021,TO,56,1333,5546
2021,TO,58,35,57
2021,TO,59,46,69
2021,TO,60,44,265
2021,TO,61,222,1479
2021,TO,62,150,613
2021,TO,63,69,124
2021,TO,64,251,2530
2021,TO,65,15,232
2021,TO,66,165,312
2021,TO,68,316,733
2021,TO,69,1362,2930
2021,TO,70,143,1389
2021,TO,71,487,1313
2021,TO,72,12,110
2021,TO,73,282,231
2021,TO,74,277,440
2021,TO,75,48,70
2021,TO,77,373,1118
2021,TO,78,13,188
2021,TO,79,126,184
2021,TO,80,69,2285
2021,TO,81,328,2861
2021,TO,82,853,5504
2021,TO,84,677,115836
2021,TO,85,815,11820
2021,TO,86,2137,9450
2021,TO,87,33,232
2021,TO,88,34,813
2021,TO,90,34,18
2021,TO,91,3,7
2021,TO,93,267,428
2021,TO,94,1801,2980
2021,TO,95,167,343
2021,TO,96,376,932
2021,TO,97,8,13
2023,AC,01,1155,3951
2023,AC,02,19,55
2023,AC,03,10,22
2023,AC,07,1,1
2023,AC,08,11,37
2023,AC,09,1,0
2023,AC,10,210,3496
2023,AC,11,12,196
2023,AC,12,1,0
2023,AC,13,3,11
2023,AC,14,39,195
2023,AC,15,5,151
2023,AC,16,39,915
2023,AC,17,3,7
2023,AC,18,36,180
2023,AC,19,2,14
2023,AC,20,9,54
2023,AC,22,12,166
2023,AC,23,75,882
2023,AC,24,1,6
2023,AC,25,43,180
2023,AC,27,1,13
2023,AC,28,1,14
2023,AC,29,16,54
2023,AC,30,1,50
2023,AC,31,47,187
2023,AC,32,25,56
2023,AC,33,33,80
2023,AC,35,13,873
2023,AC,36,14,573
2023,AC,38,8,246
2023,AC,41,530,2218
2023,AC,42,135,2171
2023,AC,43,215,5092
2023,AC,45,552,3243
2023,AC,46,498,4994
2023,AC,47,3946,21490
2023,AC,49,199,1888
2023,AC,50,10,46
2023,AC,51,10,115
2023,AC,52,40,418
2023,AC,53,42,382
2023,AC,55,100,768
2023,AC,56,603,2848
2023,AC,58,15,83
2023,AC,59,10,39
2023,AC,60,24,330
2023,AC,61,55,572
2023,AC,62,31,339
2023,AC,63,20,221
2023,AC,64,115,1153
2023,AC,65,6,140
2023,AC,66,43,2291
2023,AC,68,77,220
2023,AC,69,281,1181
2023,AC,70,37,323
2023,AC,71,113,1370
2023,AC,72,6,155
2023,AC,73,56,280
2023,AC,74,91,263
2023,AC,75,22,89
2023,AC,77,48,604
2023,AC,78,16,5253
2023,AC,79,48,82
2023,AC,80,31,2517
2023,AC,81,118,5822
2023,AC,82,305,3861
2023,AC,84,120,71455
2023,AC,85,211,6042
2023,AC,86,699,5674
2023,AC,87,8,113
2023,AC,88,16,451
2023,AC,90,6,49
2023,AC,91,3,268
2023,AC,93,118,681
2023,AC,94,297,1385
2023,AC,95,61,205
2023,AC,96,160,412
2023,AC,99,1,4
2023,AM,01,496,4176
2023,AM,02,27,537
2023,AM,03,29,69
2023,AM,06,7,412
2023,AM,07,5,16
2023,AM,08,14,264
2023,AM,09,7,401
2023,AM,10,419,5805
2023,AM,11,36,3193
2023,AM,13,28,899
2023,AM,14,78,1041
2023,AM,15,8,120
2023,AM,16,69,501
2023,AM,17,60,3349
2023,AM,18,147,1035
2023,AM,19,18,747
2023,AM,20,71,3199
2023,AM,21,4,1072
2023,AM,22,184,13125
2023,AM,23,113,1846
2023,AM,24,19,3225
2023,AM,25,172,5744
2023,AM,26,119,28734
2023,AM,27,36,6365
2023,AM,28,36,5295
2023,AM,29,33,4914
2023,AM,30,92,19528
2023,AM,31,71,1430
2023,AM,32,75,2561
2023,AM,33,351,2672
2023,AM,35,131,2851
2023,AM,36,29,2077
2023,AM,37,18,61
2023,AM,38,97,3066
2023,AM,39,2,11
2023,AM,41,792,8861
2023,AM,42,258,6131
2023,AM,43,1032,12121
2023,AM,45,1191,9253
2023,AM,46,1704,19662
2023,AM,47,13140,89091
2023,AM,49,780,21506
2023,AM,50,230,5143
2023,AM,51,33,1127
2023,AM,52,433,9461
2023,AM,53,185,1798
2023,AM,55,286,2691
2023,AM,56,1862,20005
2023,AM,58,28,198
2023,AM,59,51,292
2023,AM,60,41,1257
2023,AM,61,241,2050
2023,AM,62,437,4316
2023,AM,63,114,795
2023,AM,64,367,3866
2023,AM,65,35,1102
2023,AM,66,209,602
2023,AM,68,302,1187
2023,AM,69,1075,4510
2023,AM,70,360,3346
2023,AM,71,661,5056
2023,AM,72,49,3539
2023,AM,73,262,709
2023,AM,74,181,2048
2023,AM,75,96,273
2023,AM,77,364,6272
2023,AM,78,97,13521
2023,AM,79,196,607
2023,AM,80,161,12796
2023,AM,81,949,23778
2023,AM,82,1188,12862
2023,AM,84,279,231367
2023,AM,85,1075,62874
2023,AM,86,2632,22980
2023,AM,87,39,251
2023,AM,88,32,1397
2023,AM,90,39,1025
2023,AM,91,3,41
2023,AM,92,1,0
2023,AM,93,282,1602
2023,AM,94,708,10340
2023,AM,95,179,683
2023,AM,96,415,2213
2023,AM,97,3,2
2023,AM,99,3,16
2023,AP,01,161,621
2023,AP,02,12,777
2023,AP,03,1,16
2023,AP,07,15,202
2023,AP,08,12,168
2023,AP,09,1,6
2023,AP,10,196,1311
2023,AP,11,4,145
2023,AP,13,14,39
2023,AP,14,33,136
2023,AP,15,1,7
2023,AP,16,20,540
2023,AP,17,2,2
2023,AP,18,37,149
2023,AP,19,2,0
2023,AP,20,3,46
2023,AP,22,4,51
2023,AP,23,42,770
2023,AP,24,1,13
2023,AP,25,31,101
2023,AP,26,1,3
2023,AP,27,5,42
2023,AP,28,1,0
2023,AP,29,5,21
2023,AP,30,8,43
2023,AP,31,22,110
2023,AP,32,13,42
2023,AP,33,33,120
2023,AP,35,9,447
2023,AP,36,3,687
2023,AP,37,6,10
2023,AP,38,23,737
2023,AP,39,1,2
2023,AP,41,381,4280
2023,AP,42,56,1156
2023,AP,43,143,966
2023,AP,45,323,1935
2023,AP,46,492,5505
2023,AP,47,3389,21374
2023,AP,49,125,1852
2023,AP,50,26,447
2023,AP,51,5,105
2023,AP,52,59,605
2023,AP,53,36,289
2023,AP,55,117,750
2023,AP,56,475,2981
2023,AP,58,3,1
2023,AP,59,15,87
2023,AP,60,8,168
2023,AP,61,42,1340
2023,AP,62,27,119
2023,AP,63,11,32
2023,AP,64,70,788
2023,AP,65,9,97
2023,AP,66,26,94
2023,AP,68,55,414
2023,AP,69,219,913
2023,AP,70,34,529
2023,AP,71,79,635
2023,AP,72,2,76
2023,AP,73,44,141
2023,AP,74,43,170
2023,AP,75,17,87
2023,AP,77,60,321
2023,AP,78,17,2156
2023,AP,79,34,87
2023,AP,80,37,1992
2023,AP,81,104,5027
2023,AP,82,203,3312
2023,AP,84,85,63610
2023,AP,85,250,14327
2023,AP,86,596,5575
2023,AP,87,15,150
2023,AP,88,8,454
2023,AP,90,4,12
2023,AP,91,1,6
2023,AP,93,120,516
2023,AP,94,193,1205
2023,AP,95,49,141
2023,AP,96,124,322
2023,AP,97,1,0
2023,MA,01,3698,25625
2023,MA,02,188,6263
2023,MA,03,70,237
2023,MA,06,3,194
2023,MA,07,8,629
2023,MA,08,84,974
2023,MA,09,6,261
2023,MA,10,772,9516
2023,MA,11,83,3088
2023,MA,12,1,1
2023,MA,13,43,422
2023,MA,14,235,1760
2023,MA,15,24,536
2023,MA,16,29,118
2023,MA,17,20,1043
2023,MA,18,279,1160
2023,MA,19,11,2195
2023,MA,20,66,2437
2023,MA,21,1,2
2023,MA,22,72,928
2023,MA,23,431,6253
2023,MA,24,24,4873
2023,MA,25,277,3107
2023,MA,26,1,2
2023,MA,27,10,74
2023,MA,28,26,374
2023,MA,29,65,414
2023,MA,30,6,475
2023,MA,31,191,2069
2023,MA,32,126,522
2023,MA,33,375,1921
2023,MA,35,85,2465
2023,MA,36,56,3533
2023,MA,37,27,297
2023,MA,38,106,1983
2023,MA,39,2,3
2023,MA,41,2304,24553
2023,MA,42,548,17006
2023,MA,43,1051,8311
2023,MA,45,3644,17373
2023,MA,46,3759,35952
2023,MA,47,26339,125136
2023,MA,49,1461,27380
2023,MA,50,40,1126
2023,MA,51,11,288
2023,MA,52,319,4899
2023,MA,53,295,1811
2023,MA,55,661,5102
2023,MA,56,2920,18738
2023,MA,58,62,227
2023,MA,59,53,284
2023,MA,60,74,1180
2023,MA,61,479,5123
2023,MA,62,312,4632
2023,MA,63,112,408
2023,MA,64,500,5448
2023,MA,65,34,528
2023,MA,66,366,953
2023,MA,68,509,3938
2023,MA,69,1644,5970
2023,MA,70,230,1703
2023,MA,71,727,5581
2023,MA,72,11,90
2023,MA,73,394,1222
2023,MA,74,418,1257
2023,MA,75,112,364
2023,MA,77,568,4765
2023,MA,78,68,4858
2023,MA,79,231,607
2023,MA,80,203,13049
2023,MA,81,967,17146
2023,MA,82,1544,22031
2023,MA,84,625,325606
2023,MA,85,1725,47861
2023,MA,86,4401,69850
2023,MA,87,66,1043
2023,MA,88,30,957
2023,MA,90,50,117
2023,MA,91,5,73
2023,MA,92,1,1
2023,MA,93,549,2429
2023,MA,94,1099,22003
2023,MA,95,283,688
2023,MA,96,913,3388
2023,MA,97,3,34
2023,MT,01,27704,152698
2023,MT,02,587,2992
2023,MT,03,133,394
2023,MT,06,1,5
2023,MT,07,143,4767
2023,MT,08,272,2939
2023,MT,09,22,139
2023,MT,10,1551,56553
2023,MT,11,85,3691
2023,MT,13,150,1359
2023,MT,14,312,1836
2023,MT,15,44,1719
2023,MT,16,1036,8660
2023,MT,17,34,267
2023,MT,18,302,1204
2023,MT,19,49,10578
2023,MT,20,194,3417
2023,MT,21,4,29
2023,MT,22,202,3056
2023,MT,23,1075,8814
2023,MT,24,44,958
2023,MT,25,1503,6029
2023,MT,26,16,61
2023,MT,27,47,1154
2023,MT,28,200,1816
2023,MT,29,189,889
2023,MT,30,20,154
2023,MT,31,541,2847
2023,MT,32,366,1139
2023,MT,33,1596,5806
2023,MT,35,160,4415
2023,MT,36,72,2302
2023,MT,37,59,250
2023,MT,38,247,2081
2023,MT,39,5,295
2023,MT,41,4486,20678
2023,MT,42,1116,13781
2023,MT,43,3752,11891
2023,MT,45,9100,38960
2023,MT,46,7441,53646
2023,MT,47,31618,152910
2023,MT,49,6707,50869
2023,MT,50,25,50
2023,MT,51,25,446
2023,MT,52,958,10487
2023,MT,53,350,2245
2023,MT,55,1183,7612
2023,MT,56,5788,24146
2023,MT,58,118,246
2023,MT,59,122,375
2023,MT,60,180,1401
2023,MT,61,591,4237
2023,MT,62,674,5463
2023,MT,63,393,2879
2023,MT,64,1142,12177
2023,MT,65,41,1207
2023,MT,66,638,1644
2023,MT,68,1544,2792
2023,MT,69,3338,13723
2023,MT,70,370,739
2023,MT,71,1764,4686
2023,MT,72,50,817
2023,MT,73,1703,3761
2023,MT,74,1089,2469
2023,MT,75,286,637
2023,MT,77,1135,4622
2023,MT,78,119,3040
2023,MT,79,416,1208
2023,MT,80,310,11037
2023,MT,81,1419,17533
2023,MT,82,3618,22934
2023,MT,84,451,210270
2023,MT,85,2428,52713
2023,MT,86,9065,33727
2023,MT,87,153,2483
2023,MT,88,105,2023
2023,MT,90,108,150
2023,MT,91,5,6
2023,MT,93,882,2805
2023,MT,94,1771,17372
2023,MT,95,700,1306
2023,MT,96,1668,4339
2023,MT,97,16,12
2023,PA,01,9185,59446
2023,PA,02,288,4445
2023,PA,03,98,605
2023,PA,06,1,1
2023,PA,07,84,24573
2023,PA,08,110,1854
2023,PA,09,52,266
2023,PA,10,1494,40275
2023,PA,11,80,3274
2023,PA,13,68,1557
2023,PA,14,265,1576
2023,PA,15,28,1590
2023,PA,16,559,10119
2023,PA,17,33,1628
2023,PA,18,290,1147
2023,PA,19,8,1854
2023,PA,20,104,3585
2023,PA,21,4,17
2023,PA,22,111,1911
2023,PA,23,553,8352
2023,PA,24,30,8546
2023,PA,25,461,3849
2023,PA,26,6,22
2023,PA,27,20,949
2023,PA,28,72,1576
2023,PA,29,116,591
2023,PA,30,33,852
2023,PA,31,236,2885
2023,PA,32,206,605
2023,PA,33,656,6704
2023,PA,35,109,2608
2023,PA,36,92,2568
2023,PA,37,37,586
2023,PA,38,164,5132
2023,PA,39,2,7
2023,PA,41,2778,29006
2023,PA,42,910,42475
2023,PA,43,1749,24066
2023,PA,45,4649,25182
2023,PA,46,5419,46067
2023,PA,47,30564,174899
2023,PA,49,2021,30108
2023,PA,50,306,6052
2023,PA,51,42,737
2023,PA,52,593,10989
2023,PA,53,302,2949
2023,PA,55,893,7217
2023,PA,56,3792,25821
2023,PA,58,45,520
2023,PA,59,75,358
2023,PA,60,125,2094
2023,PA,61,627,7351
2023,PA,62,375,2764
2023,PA,63,144,1451
2023,PA,64,850,13080
2023,PA,65,50,3190
2023,PA,66,323,888
2023,PA,68,678,4016
2023,PA,69,2126,8651
2023,PA,70,339,1537
2023,PA,71,1225,11338
2023,PA,72,20,1158
2023,PA,73,482,1699
2023,PA,74,595,3236
2023,PA,75,191,688
2023,PA,77,988,7654
2023,PA,78,108,10269
2023,PA,79,268,955
2023,PA,80,366,20371
2023,PA,81,1815,36226
2023,PA,82,2294,35601
2023,PA,84,573,434399
2023,PA,85,2298,66118
2023,PA,86,5488,57408
2023,PA,87,51,919
2023,PA,88,57,1634
2023,PA,90,58,242
2023,PA,91,7,243
2023,PA,93,845,6151
2023,PA,94,1417,16465
2023,PA,95,418,1294
2023,PA,96,1238,5401
2023,PA,97,3,4
2023,PA,99,3,13
2023,RO,01,6581,18026
2023,RO,02,96,415
2023,RO,03,72,195
2023,RO,07,41,1001
2023,RO,08,81,636
2023,RO,09,15,62
2023,RO,10,700,20816
2023,RO,11,27,1118
2023,RO,13,36,76
2023,RO,14,176,948
2023,RO,15,22,890
2023,RO,16,410,4389
2023,RO,17,18,118
2023,RO,18,129,640
2023,RO,19,6,159
2023,RO,20,46,534
2023,RO,21,3,29
2023,RO,22,51,572
2023,RO,23,273,2819
2023,RO,24,19,376
2023,RO,25,363,1741
2023,RO,26,5,21
2023,RO,27,9,31
2023,RO,28,21,121
2023,RO,29,79,432
2023,RO,30,6,424
2023,RO,31,155,820
2023,RO,32,168,655
2023,RO,33,271,768
2023,RO,35,68,2709
2023,RO,36,16,1206
2023,RO,37,15,62
2023,RO,38,84,869
2023,RO,39,4,15
2023,RO,41,1454,4834
2023,RO,42,355,4385
2023,RO,43,1189,3279
2023,RO,45,3050,15747
2023,RO,46,2866,15652
2023,RO,47,12715,61481
2023,RO,49,1447,13559
2023,RO,50,40,470
2023,RO,51,9,154
2023,RO,52,168,1277
2023,RO,53,159,1526
2023,RO,55,340,1908
2023,RO,56,1947,8881
2023,RO,58,29,122
2023,RO,59,38,124
2023,RO,60,93,762
2023,RO,61,256,2054
2023,RO,62,195,1778
2023,RO,63,67,318
2023,RO,64,455,6154
2023,RO,65,31,565
2023,RO,66,190,491
2023,RO,68,302,980
2023,RO,69,1265,4308
2023,RO,70,108,952
2023,RO,71,557,1736
2023,RO,72,11,220
2023,RO,73,347,574
2023,RO,74,493,1242
2023,RO,75,103,235
2023,RO,77,323,1105
2023,RO,78,31,2387
2023,RO,79,193,734
2023,RO,80,104,7217
2023,RO,81,436,3938
2023,RO,82,1090,9534
2023,RO,84,246,105708
2023,RO,85,799,12611
2023,RO,86,2980,16914
2023,RO,87,26,228
2023,RO,88,33,930
2023,RO,90,18,79
2023,RO,91,3,21
2023,RO,93,341,1284
2023,RO,94,893,5167
2023,RO,95,251,563
2023,RO,96,602,1266
2023,RO,97,4,4
2023,RR,01,491,3199
2023,RR,02,18,268
2023,RR,03,26,122
2023,RR,08,7,128
2023,RR,10,155,1757
2023,RR,11,6,122
2023,RR,13,11,76
2023,RR,14,38,233
2023,RR,15,1,10
2023,RR,16,28,186
2023,RR,17,3,3
2023,RR,18,21,113
2023,RR,19,1,5
2023,RR,20,3,6
2023,RR,22,2,17
2023,RR,23,63,489
2023,RR,24,1,2
2023,RR,25,37,130
2023,RR,27,3,11
2023,RR,28,2,11
2023,RR,29,4,26
2023,RR,30,1,0
2023,RR,31,13,39
2023,RR,32,24,102
2023,RR,33,38,55
2023,RR,35,20,997
2023,RR,36,1,710
2023,RR,37,2,4
2023,RR,38,24,69
2023,RR,41,349,3159
2023,RR,42,83,2081
2023,RR,43,238,973
2023,RR,45,368,2133
2023,RR,46,475,4148
2023,RR,47,3152,19082
2023,RR,49,174,1630
2023,RR,50,2,6
2023,RR,51,9,121
2023,RR,52,45,339
2023,RR,53,29,231
2023,RR,55,106,683
2023,RR,56,609,3730
2023,RR,58,3,43
2023,RR,59,18,92
2023,RR,60,11,272
2023,RR,61,73,522
2023,RR,62,27,58
2023,RR,63,10,39
2023,RR,64,62,722
2023,RR,65,4,43
2023,RR,66,24,43
2023,RR,68,114,499
2023,RR,69,237,819
2023,RR,70,48,492
2023,RR,71,108,354
2023,RR,72,2,95
2023,RR,73,71,93
2023,RR,74,73,269
2023,RR,75,34,111
2023,RR,77,118,623
2023,RR,78,18,1571
2023,RR,79,53,163
2023,RR,80,31,1995
2023,RR,81,45,2557
2023,RR,82,211,4357
2023,RR,84,72,59239
2023,RR,85,186,5336
2023,RR,86,620,12893
2023,RR,87,2,0
2023,RR,88,13,656
2023,RR,90,6,188
2023,RR,93,99,325
2023,RR,94,158,1269
2023,RR,95,51,145
2023,RR,96,134,422
2023,RR,99,1,8
2023,TO,01,8701,29745
2023,TO,02,187,742
2023,TO,03,29,210
2023,TO,07,17,441
2023,TO,08,107,1777
2023,TO,09,2,12
2023,TO,10,458,9316
2023,TO,11,13,125
2023,TO,13,20,78
2023,TO,14,99,430
2023,TO,15,11,351
2023,TO,16,23,129
2023,TO,17,11,20
2023,TO,18,107,317
2023,TO,19,5,1194
2023,TO,20,36,342
2023,TO,21,2,1
2023,TO,22,34,299
2023,TO,23,291,2816
2023,TO,24,7,45
2023,TO,25,199,1197
2023,TO,27,2,23
2023,TO,28,13,57
2023,TO,29,52,333
2023,TO,30,4,20
2023,TO,31,103,389
2023,TO,32,87,557
2023,TO,33,230,823
2023,TO,35,137,1869
2023,TO,36,48,1692
2023,TO,37,15,32
2023,TO,38,62,396
2023,TO,39,1,1
2023,TO,41,1192,5553
2023,TO,42,274,4160
2023,TO,43,856,2444
2023,TO,45,2122,8256
2023,TO,46,2028,10903
2023,TO,47,10425,42300
2023,TO,49,979,8651
2023,TO,50,23,413
2023,TO,51,4,103
2023,TO,52,176,1372
2023,TO,53,200,1125
2023,TO,55,358,2018
2023,TO,56,1566,7158
2023,TO,58,25,56
2023,TO,59,42,125
2023,TO,60,36,280
2023,TO,61,218,1246
2023,TO,62,186,1270
2023,TO,63,79,370
2023,TO,64,273,2623
2023,TO,65,12,223
2023,TO,66,150,306
2023,TO,68,329,756
2023,TO,69,1265,3682
2023,TO,70,158,1392
2023,TO,71,537,1658
2023,TO,72,16,262
2023,TO,73,337,518
2023,TO,74,349,611
2023,TO,75,64,137
2023,TO,77,404,2015
2023,TO,78,26,650
2023,TO,79,111,254
2023,TO,80,72,3092
2023,TO,81,314,3174
2023,TO,82,1180,10821
2023,TO,84,633,105288
2023,TO,85,809,56596
2023,TO,86,2795,16512
2023,TO,87,45,492
2023,TO,88,49,1435
2023,TO,90,24,20
2023,TO,91,2,2
2023,TO,93,269,673
2023,TO,94,715,6852
2023,TO,95,172,410
2023,TO,96,494,1391
2023,TO,97,1,0
2024,AC,01,1143,3955
2024,AC,02,18,51
2024,AC,03,9,20
2024,AC,07,1,1
2024,AC,08,15,50
2024,AC,09,1,0
2024,AC,10,219,3818
2024,AC,11,12,194
2024,AC,12,1,0
2024,AC,13,4,10
2024,AC,14,37,193
2024,AC,15,5,168
2024,AC,16,38,958
2024,AC,17,5,11
2024,AC,18,38,205
2024,AC,19,2,20
2024,AC,20,7,49
2024,AC,22,11,159
2024,AC,23,69,763
2024,AC,24,1,5
2024,AC,25,36,158
2024,AC,27,1,4
2024,AC,28,1,13
2024,AC,29,16,76
2024,AC,30,2,51
2024,AC,31,48,167
2024,AC,32,26,46
2024,AC,33,40,78
2024,AC,35,14,886
2024,AC,36,13,580
2024,AC,38,6,250
2024,AC,41,560,2537
2024,AC,42,145,1713
2024,AC,43,225,5680
2024,AC,45,557,3332
2024,AC,46,531,5135
2024,AC,47,4089,22176
2024,AC,49,203,2209
2024,AC,50,12,73
2024,AC,51,11,127
2024,AC,52,40,510
2024,AC,53,47,456
2024,AC,55,102,771
2024,AC,56,648,2992
2024,AC,58,15,68
2024,AC,59,12,42
2024,AC,60,25,295
2024,AC,61,66,601
2024,AC,62,34,115
2024,AC,63,24,261
2024,AC,64,111,1129
2024,AC,65,6,171
2024,AC,66,41,2090
2024,AC,68,77,227
2024,AC,69,303,1142
2024,AC,70,42,412
2024,AC,71,121,1388
2024,AC,72,3,164
2024,AC,73,72,210
2024,AC,74,99,342
2024,AC,75,27,85
2024,AC,77,54,624
2024,AC,78,18,5563
2024,AC,79,52,112
2024,AC,80,36,2830
2024,AC,81,121,6233
2024,AC,82,357,5334
2024,AC,84,122,72040
2024,AC,85,228,6470
2024,AC,86,793,5050
2024,AC,87,8,94
2024,AC,88,19,431
2024,AC,90,6,40
2024,AC,91,2,261
2024,AC,93,129,782
2024,AC,94,291,1397
2024,AC,95,63,201
2024,AC,96,158,431
2024,AC,97,2,2
2024,AC,99,1,4
2024,AM,01,513,4221
2024,AM,02,27,634
2024,AM,03,28,75
2024,AM,06,6,374
2024,AM,07,5,18
2024,AM,08,15,273
2024,AM,09,7,366
2024,AM,10,445,6200
2024,AM,11,37,3076
2024,AM,13,35,1025
2024,AM,14,82,982
2024,AM,15,7,137
2024,AM,16,69,655
2024,AM,17,61,3602
2024,AM,18,165,1181
2024,AM,19,20,747
2024,AM,20,71,3438
2024,AM,21,4,1169
2024,AM,22,193,14704
2024,AM,23,122,1882
2024,AM,24,19,3560
2024,AM,25,187,6544
2024,AM,26,117,31752
2024,AM,27,37,7633
2024,AM,28,36,5579
2024,AM,29,33,5478
2024,AM,30,96,20886
2024,AM,31,77,1481
2024,AM,32,79,3141
2024,AM,33,374,2916
2024,AM,35,136,2975
2024,AM,36,31,2085
2024,AM,37,21,58
2024,AM,38,93,3145
2024,AM,39,2,13
2024,AM,41,798,9009
2024,AM,42,266,6950
2024,AM,43,1075,12767
2024,AM,45,1285,10009
2024,AM,46,1805,20304
2024,AM,47,13731,93301
2024,AM,49,836,23156
2024,AM,50,237,5393
2024,AM,51,36,1116
2024,AM,52,473,10442
2024,AM,53,192,1961
2024,AM,55,302,2912
2024,AM,56,1983,23005
2024,AM,58,25,194
2024,AM,59,58,294
2024,AM,60,45,1254
2024,AM,61,268,2267
2024,AM,62,475,4611
2024,AM,63,118,833
2024,AM,64,374,3959
2024,AM,65,31,1031
2024,AM,66,232,584
2024,AM,68,315,1091
2024,AM,69,1165,4655
2024,AM,70,407,4005
2024,AM,71,757,4503
2024,AM,72,59,3503
2024,AM,73,306,754
2024,AM,74,219,2453
2024,AM,75,105,308
2024,AM,77,409,7546
2024,AM,78,114,17708
2024,AM,79,213,629
2024,AM,80,185,13390
2024,AM,81,1018,22744
2024,AM,82,1320,14846
2024,AM,84,291,248240
2024,AM,85,1115,28840
2024,AM,86,2954,22987
2024,AM,87,41,365
2024,AM,88,30,1282
2024,AM,90,44,1124
2024,AM,91,5,154
2024,AM,93,326,1883
2024,AM,94,727,10471
2024,AM,95,178,665
2024,AM,96,432,2184
2024,AM,97,3,3
2024,AM,99,3,16
2024,AP,01,165,612
2024,AP,02,12,896
2024,AP,03,3,22
2024,AP,07,17,277
2024,AP,08,11,155
2024,AP,09,2,6
2024,AP,10,232,1487
2024,AP,11,5,125
2024,AP,13,13,46
2024,AP,14,35,175
2024,AP,15,2,8
2024,AP,16,27,708
2024,AP,17,3,7
2024,AP,18,40,151
2024,AP,20,4,45
2024,AP,22,3,63
2024,AP,23,45,748
2024,AP,24,2,17
2024,AP,25,34,106
2024,AP,26,1,3
2024,AP,27,4,34
2024,AP,28,2,1
2024,AP,29,6,27
2024,AP,30,9,38
2024,AP,31,25,123
2024,AP,32,18,42
2024,AP,33,37,533
2024,AP,35,11,467
2024,AP,36,3,674
2024,AP,37,5,13
2024,AP,38,24,772
2024,AP,39,1,1
2024,AP,41,415,4554
2024,AP,42,55,1069
2024,AP,43,183,974
2024,AP,45,341,2127
2024,AP,46,540,5694
2024,AP,47,3568,22682
2024,AP,49,120,2085
2024,AP,50,29,463
2024,AP,51,5,109
2024,AP,52,68,672
2024,AP,53,36,262
2024,AP,55,117,747
2024,AP,56,540,3406
2024,AP,58,3,2
2024,AP,59,15,74
2024,AP,60,7,163
2024,AP,61,44,1375
2024,AP,62,33,192
2024,AP,63,12,41
2024,AP,64,68,859
2024,AP,65,9,97
2024,AP,66,27,72
2024,AP,68,57,386
2024,AP,69,233,954
2024,AP,70,36,577
2024,AP,71,93,535
2024,AP,72,1,76
2024,AP,73,55,109
2024,AP,74,48,159
2024,AP,75,15,94
2024,AP,77,74,348
2024,AP,78,21,2675
2024,AP,79,35,100
2024,AP,80,45,2107
2024,AP,81,115,6506
2024,AP,82,210,3697
2024,AP,84,90,54571
2024,AP,85,258,15292
2024,AP,86,681,5479
2024,AP,87,14,270
2024,AP,88,10,425
2024,AP,90,5,11
2024,AP,91,1,7
2024,AP,93,135,633
2024,AP,94,194,1407
2024,AP,95,50,145
2024,AP,96,136,327
2024,AP,97,1,0
2024,MA,01,3795,26412
2024,MA,02,180,6015
2024,MA,03,75,289
2024,MA,06,3,240
2024,MA,07,8,580
2024,MA,08,83,912
2024,MA,09,7,196
2024,MA,10,831,10354
2024,MA,11,84,3285
2024,MA,12,1,1
2024,MA,13,47,411
2024,MA,14,247,1809
2024,MA,15,25,550
2024,MA,16,36,117
2024,MA,17,21,1110
2024,MA,18,292,1235
2024,MA,19,11,2041
2024,MA,20,64,2724
2024,MA,21,1,1
2024,MA,22,80,916
2024,MA,23,462,6533
2024,MA,24,25,5471
2024,MA,25,301,2947
2024,MA,26,2,5
2024,MA,27,11,144
2024,MA,28,24,335
2024,MA,29,66,419
2024,MA,30,6,479
2024,MA,31,208,2296
2024,MA,32,137,551
2024,MA,33,395,1997
2024,MA,35,82,2561
2024,MA,36,59,3225
2024,MA,37,32,438
2024,MA,38,115,2042
2024,MA,39,1,3
2024,MA,41,2545,25026
2024,MA,42,591,18667
2024,MA,43,1201,7985
2024,MA,45,3914,18832
2024,MA,46,3943,37949
2024,MA,47,27443,127102
2024,MA,49,1549,27621
2024,MA,50,44,1268
2024,MA,51,13,312
2024,MA,52,342,4972
2024,MA,53,304,1808
2024,MA,55,690,5199
2024,MA,56,3201,20071
2024,MA,58,64,233
2024,MA,59,57,272
2024,MA,60,76,1129
2024,MA,61,548,6122
2024,MA,62,348,3727
2024,MA,63,127,551
2024,MA,64,516,5994
2024,MA,65,32,527
2024,MA,66,419,934
2024,MA,68,565,3564
2024,MA,69,1806,6169
2024,MA,70,274,1986
2024,MA,71,867,6311
2024,MA,72,10,92
2024,MA,73,464,1329
2024,MA,74,520,1660
2024,MA,75,143,454
2024,MA,77,630,5207
2024,MA,78,77,2984
2024,MA,79,254,655
2024,MA,80,223,13094
2024,MA,81,999,16277
2024,MA,82,1745,24104
2024,MA,84,624,327620
2024,MA,85,1848,49039
2024,MA,86,4912,72324
2024,MA,87,68,940
2024,MA,88,31,902
2024,MA,90,60,147
2024,MA,91,6,97
2024,MA,92,1,1
2024,MA,93,649,2865
2024,MA,94,1106,22295
2024,MA,95,304,664
2024,MA,96,1006,3385
2024,MA,97,4,35
2024,MA,99,1,2
2024,MT,01,28092,153676
2024,MT,02,589,3088
2024,MT,03,128,421
2024,MT,06,1,6
2024,MT,07,140,5487
2024,MT,08,292,3207
2024,MT,09,25,192
2024,MT,10,1599,62398
2024,MT,11,86,3926
2024,MT,13,163,1512
2024,MT,14,315,1806
2024,MT,15,44,1909
2024,MT,16,1020,8324
2024,MT,17,33,217
2024,MT,18,311,1255
2024,MT,19,55,10928
2024,MT,20,199,3337
2024,MT,21,4,27
2024,MT,22,201,3081
2024,MT,23,1128,8692
2024,MT,24,44,919
2024,MT,25,1634,6418
2024,MT,26,14,49
2024,MT,27,53,1420
2024,MT,28,209,1789
2024,MT,29,199,914
2024,MT,30,19,97
2024,MT,31,576,2906
2024,MT,32,389,1217
2024,MT,33,1856,6167
2024,MT,35,162,5142
2024,MT,36,74,2236
2024,MT,37,60,280
2024,MT,38,260,2351
2024,MT,39,5,155
2024,MT,41,4901,20563
2024,MT,42,1178,16122
2024,MT,43,4406,12852
2024,MT,45,9673,39990
2024,MT,46,7844,50362
2024,MT,47,32988,156356
2024,MT,49,7118,51032
2024,MT,50,23,52
2024,MT,51,30,460
2024,MT,52,1033,11119
2024,MT,53,363,2347
2024,MT,55,1225,7871
2024,MT,56,6273,24857
2024,MT,58,139,239
2024,MT,59,135,270
2024,MT,60,190,1350
2024,MT,61,629,4559
2024,MT,62,723,5405
2024,MT,63,445,2818
2024,MT,64,1223,12659
2024,MT,65,38,1255
2024,MT,66,678,1460
2024,MT,68,1704,2809
2024,MT,69,3664,14136
2024,MT,70,455,784
2024,MT,71,2073,4999
2024,MT,72,61,796
2024,MT,73,2067,4517
2024,MT,74,1236,2728
2024,MT,75,344,674
2024,MT,77,1244,4833
2024,MT,78,125,3394
2024,MT,79,459,1257
2024,MT,80,342,11873
2024,MT,81,1509,17942
2024,MT,82,4208,25160
2024,MT,84,459,268522
2024,MT,85,2614,32482
2024,MT,86,10251,35639
2024,MT,87,165,1964
2024,MT,88,109,2385
2024,MT,90,124,213
2024,MT,91,5,7
2024,MT,93,1028,3262
2024,MT,94,1828,19131
2024,MT,95,731,1325
2024,MT,96,1878,4494
2024,MT,97,17,13
2024,PA,01,9273,57047
2024,PA,02,285,4709
2024,PA,03,105,502
2024,PA,06,1,1
2024,PA,07,85,25513
2024,PA,08,111,1836
2024,PA,09,55,395
2024,PA,10,1554,42267
2024,PA,11,88,3657
2024,PA,13,65,1798
2024,PA,14,271,1611
2024,PA,15,30,1665
2024,PA,16,570,10084
2024,PA,17,32,1567
2024,PA,18,315,1248
2024,PA,19,10,1950
2024,PA,20,106,3857
2024,PA,21,4,16
2024,PA,22,123,2162
2024,PA,23,602,8745
2024,PA,24,36,8257
2024,PA,25,517,3636
2024,PA,26,6,32
2024,PA,27,23,1002
2024,PA,28,79,1582
2024,PA,29,118,635
2024,PA,30,35,767
2024,PA,31,240,3304
2024,PA,32,211,719
2024,PA,33,695,8027
2024,PA,35,120,2638
2024,PA,36,97,2135
2024,PA,37,41,408
2024,PA,38,167,4503
2024,PA,39,3,13
2024,PA,41,2966,33820
2024,PA,42,934,41534
2024,PA,43,1925,25455
2024,PA,45,4961,26894
2024,PA,46,5716,47519
2024,PA,47,31985,181172
2024,PA,49,2139,30765
2024,PA,50,316,6423
2024,PA,51,41,688
2024,PA,52,637,10991
2024,PA,53,302,3016
2024,PA,55,946,7364
2024,PA,56,4139,28483
2024,PA,58,48,529
2024,PA,59,88,415
2024,PA,60,124,2068
2024,PA,61,685,7298
2024,PA,62,399,3210
2024,PA,63,143,1561
2024,PA,64,862,13103
2024,PA,65,48,3240
2024,PA,66,328,875
2024,PA,68,717,3954
2024,PA,69,2275,9091
2024,PA,70,366,1707
2024,PA,71,1386,11459
2024,PA,72,26,1196
2024,PA,73,554,1747
2024,PA,74,660,3266
2024,PA,75,209,740
2024,PA,77,1049,7766
2024,PA,78,129,11227
2024,PA,79,301,949
2024,PA,80,400,20497
2024,PA,81,1869,38463
2024,PA,82,2610,42020
2024,PA,84,567,427104
2024,PA,85,2442,71461
2024,PA,86,5923,60859
2024,PA,87,56,962
2024,PA,88,60,1832
2024,PA,90,60,231
2024,PA,91,8,245
2024,PA,92,1,0
2024,PA,93,979,6876
2024,PA,94,1448,16775
2024,PA,95,436,1183
2024,PA,96,1362,5286
2024,PA,97,2,11
2024,PA,99,3,14
2024,RO,01,6626,18240
2024,RO,02,95,397
2024,RO,03,72,190
2024,RO,07,43,960
2024,RO,08,85,685
2024,RO,09,17,60
2024,RO,10,735,22554
2024,RO,11,27,1151
2024,RO,13,42,78
2024,RO,14,175,918
2024,RO,15,24,946
2024,RO,16,409,4062
2024,RO,17,19,137
2024,RO,18,130,618
2024,RO,19,7,141
2024,RO,20,50,513
2024,RO,21,3,28
2024,RO,22,53,510
2024,RO,23,283,2791
2024,RO,24,17,338
2024,RO,25,391,1946
2024,RO,26,5,22
2024,RO,27,8,24
2024,RO,28,25,139
2024,RO,29,85,462
2024,RO,30,5,425
2024,RO,31,163,821
2024,RO,32,174,716
2024,RO,33,289,747
2024,RO,35,65,2742
2024,RO,36,18,1493
2024,RO,37,21,64
2024,RO,38,87,941
2024,RO,39,4,8
2024,RO,41,1686,4045
2024,RO,42,329,3780
2024,RO,43,1224,3100
2024,RO,45,3122,16170
2024,RO,46,3045,16159
2024,RO,47,12953,62560
2024,RO,49,1528,13764
2024,RO,50,43,444
2024,RO,51,9,136
2024,RO,52,181,1267
2024,RO,53,179,1897
2024,RO,55,363,1966
2024,RO,56,2133,8954
2024,RO,58,31,115
2024,RO,59,45,121
2024,RO,60,97,717
2024,RO,61,242,2006
2024,RO,62,205,2404
2024,RO,63,65,380
2024,RO,64,488,6425
2024,RO,65,32,575
2024,RO,66,208,574
2024,RO,68,322,925
2024,RO,69,1350,4547
2024,RO,70,123,812
2024,RO,71,656,1816
2024,RO,72,15,234
2024,RO,73,387,560
2024,RO,74,555,1448
2024,RO,75,117,260
2024,RO,77,347,1229
2024,RO,78,40,1803
2024,RO,79,211,718
2024,RO,80,113,7468
2024,RO,81,449,4579
2024,RO,82,1178,10608
2024,RO,84,251,115371
2024,RO,85,873,12995
2024,RO,86,3337,19007
2024,RO,87,32,177
2024,RO,88,30,922
2024,RO,90,15,84
2024,RO,91,2,15
2024,RO,92,1,0
2024,RO,93,397,1422
2024,RO,94,897,5403
2024,RO,95,263,553
2024,RO,96,671,1326
2024,RO,97,6,5
2024,RR,01,532,3348
2024,RR,02,19,289
2024,RR,03,23,168
2024,RR,07,1,1
2024,RR,08,9,131
2024,RR,09,1,0
2024,RR,10,162,1913
2024,RR,11,5,128
2024,RR,13,12,65
2024,RR,14,39,245
2024,RR,15,1,14
2024,RR,16,35,235
2024,RR,17,4,13
2024,RR,18,23,129
2024,RR,19,1,4
2024,RR,20,4,13
2024,RR,22,3,17
2024,RR,23,63,547
2024,RR,24,1,5
2024,RR,25,34,132
2024,RR,27,4,17
2024,RR,28,3,13
2024,RR,29,6,40
2024,RR,30,1,0
2024,RR,31,15,81
2024,RR,32,29,91
2024,RR,33,39,72
2024,RR,35,26,1026
2024,RR,36,1,720
2024,RR,37,2,3
2024,RR,38,23,75
2024,RR,41,395,3468
2024,RR,42,99,2618
2024,RR,43,243,1024
2024,RR,45,401,2325
2024,RR,46,528,5117
2024,RR,47,3271,19546
2024,RR,49,187,1430
2024,RR,50,2,5
2024,RR,51,10,237
2024,RR,52,46,353
2024,RR,53,28,213
2024,RR,55,111,703
2024,RR,56,652,3848
2024,RR,58,5,47
2024,RR,59,18,63
2024,RR,60,11,253
2024,RR,61,76,550
2024,RR,62,29,63
2024,RR,63,12,50
2024,RR,64,67,724
2024,RR,65,3,44
2024,RR,66,30,52
2024,RR,68,118,249
2024,RR,69,242,857
2024,RR,70,59,486
2024,RR,71,132,467
2024,RR,72,5,96
2024,RR,73,71,108
2024,RR,74,80,260
2024,RR,75,35,116
2024,RR,77,132,1017
2024,RR,78,23,1592
2024,RR,79,58,205
2024,RR,80,37,2231
2024,RR,81,48,3056
2024,RR,82,240,4805
2024,RR,84,71,57866
2024,RR,85,203,5497
2024,RR,86,706,12520
2024,RR,87,1,0
2024,RR,88,14,673
2024,RR,90,6,197
2024,RR,93,106,351
2024,RR,94,167,1361
2024,RR,95,50,126
2024,RR,96,151,445
2024,RR,99,1,8
2024,TO,01,8754,30289
2024,TO,02,177,829
2024,TO,03,29,171
2024,TO,07,20,415
2024,TO,08,110,1783
2024,TO,09,3,4
2024,TO,10,474,9923
2024,TO,11,15,135
2024,TO,13,26,83
2024,TO,14,110,436
2024,TO,15,11,438
2024,TO,16,26,158
2024,TO,17,10,27
2024,TO,18,112,287
2024,TO,19,5,1365
2024,TO,20,44,365
2024,TO,21,1,10
2024,TO,22,40,307
2024,TO,23,303,2614
2024,TO,24,7,38
2024,TO,25,245,1384
2024,TO,27,4,7
2024,TO,28,14,63
2024,TO,29,56,307
2024,TO,30,6,23
2024,TO,31,104,504
2024,TO,32,87,552
2024,TO,33,269,903
2024,TO,35,141,1896
2024,TO,36,48,1597
2024,TO,37,16,25
2024,TO,38,63,409
2024,TO,39,1,1
2024,TO,41,1344,5383
2024,TO,42,286,3651
2024,TO,43,1023,2884
2024,TO,45,2253,8644
2024,TO,46,2104,10879
2024,TO,47,10967,42652
2024,TO,49,1040,8356
2024,TO,50,23,376
2024,TO,51,4,110
2024,TO,52,186,1291
2024,TO,53,205,1113
2024,TO,55,373,2049
2024,TO,56,1735,7564
2024,TO,58,32,60
2024,TO,59,50,123
2024,TO,60,33,275
2024,TO,61,237,1391
2024,TO,62,192,1343
2024,TO,63,87,362
2024,TO,64,307,2669
2024,TO,65,11,234
2024,TO,66,168,323
2024,TO,68,373,787
2024,TO,69,1394,3815
2024,TO,70,173,1361
2024,TO,71,627,1900
2024,TO,72,17,273
2024,TO,73,426,686
2024,TO,74,411,657
2024,TO,75,88,149
2024,TO,77,457,2394
2024,TO,78,35,880
2024,TO,79,131,250
2024,TO,80,74,3216
2024,TO,81,317,3655
2024,TO,82,1380,13773
2024,TO,84,634,116175
2024,TO,85,857,66765
2024,TO,86,3100,16788
2024,TO,87,52,387
2024,TO,88,50,1247
2024,TO,90,36,33
2024,TO,91,3,10
2024,TO,93,313,878
2024,TO,94,712,7261
2024,TO,95,183,414
2024,TO,96,541,1414
2025,AC,01,1173,4090
2025,AC,02,21,73
2025,AC,03,10,16
2025,AC,07,1,1
2025,AC,08,14,54
2025,AC,09,1,0
2025,AC,10,223,4198
2025,AC,11,14,176
2025,AC,12,1,0
2025,AC,13,3,6
2025,AC,14,35,205
2025,AC,15,7,208
2025,AC,16,36,634
2025,AC,17,4,14
2025,AC,18,43,214
2025,AC,19,2,38
2025,AC,20,7,62
2025,AC,22,10,162
2025,AC,23,74,808
2025,AC,24,1,5
2025,AC,25,43,142
2025,AC,27,2,7
2025,AC,28,1,14
2025,AC,29,14,67
2025,AC,30,2,61
2025,AC,31,45,168
2025,AC,32,36,64
2025,AC,33,39,93
2025,AC,35,15,852
2025,AC,36,15,628
2025,AC,37,1,2
2025,AC,38,8,288
2025,AC,41,608,2625
2025,AC,42,145,1643
2025,AC,43,238,5125
2025,AC,45,561,3431
2025,AC,46,497,5197
2025,AC,47,4130,22608
2025,AC,49,198,2469
2025,AC,50,13,68
2025,AC,51,11,139
2025,AC,52,39,508
2025,AC,53,47,503
2025,AC,55,105,819
2025,AC,56,677,3103
2025,AC,58,15,83
2025,AC,59,11,34
2025,AC,60,25,278
2025,AC,61,70,812
2025,AC,62,36,152
2025,AC,63,28,311
2025,AC,64,111,1047
2025,AC,65,6,166
2025,AC,66,40,1542
2025,AC,68,77,194
2025,AC,69,320,1202
2025,AC,70,40,431
2025,AC,71,134,1638
2025,AC,72,3,178
2025,AC,73,70,228
2025,AC,74,103,364
2025,AC,75,29,100
2025,AC,77,51,665
2025,AC,78,21,8085
2025,AC,79,56,120
2025,AC,80,40,2871
2025,AC,81,102,4722
2025,AC,82,367,5949
2025,AC,84,124,83484
2025,AC,85,240,7035
2025,AC,86,787,5326
2025,AC,87,7,125
2025,AC,88,18,423
2025,AC,90,9,66
2025,AC,91,2,259
2025,AC,93,133,816
2025,AC,94,278,1395
2025,AC,95,59,211
2025,AC,96,172,418
2025,AC,97,1,1
2025,AC,99,1,4
2025,AM,01,528,4260
2025,AM,02,25,623
2025,AM,03,28,76
2025,AM,06,5,397
2025,AM,07,3,27
2025,AM,08,14,272
2025,AM,09,5,326
2025,AM,10,446,6426
2025,AM,11,38,3079
2025,AM,13,35,1065
2025,AM,14,82,1160
2025,AM,15,7,109
2025,AM,16,68,598
2025,AM,17,64,3751
2025,AM,18,163,1146
2025,AM,19,17,537
2025,AM,20,77,3416
2025,AM,21,4,1306
2025,AM,22,195,15586
2025,AM,23,121,1925
2025,AM,24,19,3697
2025,AM,25,193,6456
2025,AM,26,121,31671
2025,AM,27,33,7453
2025,AM,28,41,6282
2025,AM,29,34,6160
2025,AM,30,108,23523
2025,AM,31,76,1471
2025,AM,32,83,2947
2025,AM,33,372,2828
2025,AM,35,144,3045
2025,AM,36,31,2662
2025,AM,37,23,77
2025,AM,38,89,3504
2025,AM,39,3,12
2025,AM,41,829,10263
2025,AM,42,260,6775
2025,AM,43,1038,13028
2025,AM,45,1226,10779
2025,AM,46,1764,21431
2025,AM,47,13635,98440
2025,AM,49,834,23655
2025,AM,50,234,5979
2025,AM,51,38,995
2025,AM,52,458,11395
2025,AM,53,192,2157
2025,AM,55,306,3077
2025,AM,56,2080,24922
2025,AM,58,33,263
2025,AM,59,53,249
2025,AM,60,39,1261
2025,AM,61,254,2248
2025,AM,62,391,4124
2025,AM,63,102,888
2025,AM,64,358,3680
2025,AM,65,28,917
2025,AM,66,215,598
2025,AM,68,314,1018
2025,AM,69,1115,5018
2025,AM,70,364,4270
2025,AM,71,723,5730
2025,AM,72,68,3357
2025,AM,73,300,744
2025,AM,74,184,2631
2025,AM,75,98,319
2025,AM,77,436,8057
2025,AM,78,121,13958
2025,AM,79,210,734
2025,AM,80,200,14156
2025,AM,81,1028,25046
2025,AM,82,1276,14503
2025,AM,84,286,316387
2025,AM,85,1127,29864
2025,AM,86,2766,28128
2025,AM,87,42,423
2025,AM,88,31,1247
2025,AM,90,37,1159
2025,AM,91,6,154
2025,AM,93,339,2288
2025,AM,94,710,10705
2025,AM,95,170,708
2025,AM,96,455,2222
2025,AM,97,3,3
2025,AM,99,3,17
2025,AP,01,165,606
2025,AP,02,14,1062
2025,AP,03,3,23
2025,AP,07,16,376
2025,AP,08,12,155
2025,AP,09,1,6
2025,AP,10,244,1560
2025,AP,11,7,115
2025,AP,13,15,43
2025,AP,14,31,130
2025,AP,15,2,10
2025,AP,16,25,726
2025,AP,17,3,6
2025,AP,18,41,154
2025,AP,19,1,0
2025,AP,20,6,54
2025,AP,22,3,63
2025,AP,23,48,945
2025,AP,24,1,19
2025,AP,25,33,130
2025,AP,26,1,6
2025,AP,27,5,62
2025,AP,28,3,3
2025,AP,29,6,31
2025,AP,30,8,44
2025,AP,31,23,135
2025,AP,32,14,43
2025,AP,33,40,516
2025,AP,35,14,628
2025,AP,36,3,680
2025,AP,37,7,16
2025,AP,38,26,792
2025,AP,39,1,1
2025,AP,41,416,4807
2025,AP,42,63,932
2025,AP,43,197,942
2025,AP,45,373,2319
2025,AP,46,568,6553
2025,AP,47,3728,23788
2025,AP,49,127,1957
2025,AP,50,29,432
2025,AP,51,5,116
2025,AP,52,86,795
2025,AP,53,34,251
2025,AP,55,120,876
2025,AP,56,570,3463
2025,AP,58,3,1
2025,AP,59,16,72
2025,AP,60,10,150
2025,AP,61,47,1504
2025,AP,62,27,196
2025,AP,63,12,33
2025,AP,64,68,837
2025,AP,65,11,97
2025,AP,66,28,75
2025,AP,68,53,345
2025,AP,69,236,1051
2025,AP,70,35,644
2025,AP,71,92,713
2025,AP,72,5,92
2025,AP,73,60,157
2025,AP,74,51,153
2025,AP,75,15,99
2025,AP,77,77,403
2025,AP,78,23,2828
2025,AP,79,31,97
2025,AP,80,42,2294
2025,AP,81,127,8144
2025,AP,82,236,3774
2025,AP,84,98,78420
2025,AP,85,271,15868
2025,AP,86,729,6619
2025,AP,87,17,384
2025,AP,88,10,526
2025,AP,90,6,11
2025,AP,91,1,5
2025,AP,93,154,696
2025,AP,94,190,1246
2025,AP,95,49,131
2025,AP,96,142,351
2025,AP,97,1,0
2025,MA,01,3798,25638
2025,MA,02,175,5765
2025,MA,03,76,302
2025,MA,06,3,270
2025,MA,07,7,584
2025,MA,08,88,1003
2025,MA,09,8,163
2025,MA,10,878,10823
2025,MA,11,88,4068
2025,MA,12,1,1
2025,MA,13,52,401
2025,MA,14,256,1918
2025,MA,15,23,496
2025,MA,16,38,147
2025,MA,17,20,1068
2025,MA,18,304,1390
2025,MA,19,14,1835
2025,MA,20,67,2766
2025,MA,21,1,0
2025,MA,22,81,870
2025,MA,23,470,6830
2025,MA,24,25,6891
2025,MA,25,307,2377
2025,MA,26,2,5
2025,MA,27,11,174
2025,MA,28,26,339
2025,MA,29,65,385
2025,MA,30,6,521
2025,MA,31,204,2360
2025,MA,32,143,586
2025,MA,33,400,2042
2025,MA,35,87,2615
2025,MA,36,59,3486
2025,MA,37,31,472
2025,MA,38,130,2421
2025,MA,39,1,3
2025,MA,41,2594,27203
2025,MA,42,620,21344
2025,MA,43,1232,7106
2025,MA,45,3848,20105
2025,MA,46,3540,38528
2025,MA,47,26782,132555
2025,MA,49,1551,28427
2025,MA,50,43,1470
2025,MA,51,15,313
2025,MA,52,342,5235
2025,MA,53,307,1793
2025,MA,55,689,5405
2025,MA,56,3260,21581
2025,MA,58,64,239
2025,MA,59,55,285
2025,MA,60,75,1065
2025,MA,61,587,6443
2025,MA,62,317,3326
2025,MA,63,120,612
2025,MA,64,504,5877
2025,MA,65,31,547
2025,MA,66,401,963
2025,MA,68,560,3583
2025,MA,69,1791,6491
2025,MA,70,258,1928
2025,MA,71,787,7054
2025,MA,72,11,101
2025,MA,73,450,1223
2025,MA,74,475,2107
2025,MA,75,151,559
2025,MA,77,643,4905
2025,MA,78,84,3122
2025,MA,79,255,678
2025,MA,80,241,13439
2025,MA,81,992,17106
2025,MA,82,1797,26135
2025,MA,84,632,394915
2025,MA,85,1874,50414
2025,MA,86,4914,75867
2025,MA,87,71,994
2025,MA,88,30,938
2025,MA,90,59,132
2025,MA,91,8,91
2025,MA,92,1,1
2025,MA,93,702,3316
2025,MA,94,1127,23834
2025,MA,95,303,659
2025,MA,96,1066,3476
2025,MA,97,2,31
2025,MA,99,1,2
2025,MT,01,28136,160240
2025,MT,02,553,3132
2025,MT,03,122,430
2025,MT,06,1,8
2025,MT,07,147,6648
2025,MT,08,288,3115
2025,MT,09,27,250
2025,MT,10,1593,63449
2025,MT,11,86,3897
2025,MT,13,174,1797
2025,MT,14,313,1817
2025,MT,15,41,2000
2025,MT,16,963,8214
2025,MT,17,29,193
2025,MT,18,308,1175
2025,MT,19,57,11518
2025,MT,20,193,3157
2025,MT,21,5,33
2025,MT,22,190,2963
2025,MT,23,1097,9087
2025,MT,24,48,859
2025,MT,25,1596,6314
2025,MT,26,15,54
2025,MT,27,51,1530
2025,MT,28,198,1959
2025,MT,29,193,929
2025,MT,30,20,71
2025,MT,31,552,2955
2025,MT,32,392,1244
2025,MT,33,1727,6372
2025,MT,35,164,4583
2025,MT,36,70,2397
2025,MT,37,53,297
2025,MT,38,256,2586
2025,MT,39,5,338
2025,MT,41,4830,20817
2025,MT,42,1128,17176
2025,MT,43,4150,13712
2025,MT,45,9250,40601
2025,MT,46,7094,50391
2025,MT,47,31650,156015
2025,MT,49,6661,51527
2025,MT,50,17,38
2025,MT,51,28,427
2025,MT,52,1013,11997
2025,MT,53,381,2464
2025,MT,55,1222,7900
2025,MT,56,6239,25598
2025,MT,58,120,227
2025,MT,59,113,342
2025,MT,60,183,1272
2025,MT,61,628,4718
2025,MT,62,614,5437
2025,MT,63,400,3130
2025,MT,64,1174,12865
2025,MT,65,41,1307
2025,MT,66,614,1455
2025,MT,68,1520,2705
2025,MT,69,3473,14563
2025,MT,70,410,1069
2025,MT,71,1821,5346
2025,MT,72,52,924
2025,MT,73,1797,5214
2025,MT,74,1085,2751
2025,MT,75,330,641
2025,MT,77,1260,5630
2025,MT,78,156,11484
2025,MT,79,445,1316
2025,MT,80,359,12590
2025,MT,81,1485,19170
2025,MT,82,4049,30905
2025,MT,84,460,293134
2025,MT,85,2452,33556
2025,MT,86,9484,36137
2025,MT,87,165,1400
2025,MT,88,122,2781
2025,MT,90,111,309
2025,MT,91,4,10
2025,MT,92,1,1
2025,MT,93,1009,3562
2025,MT,94,1732,19219
2025,MT,95,654,1290
2025,MT,96,1821,4602
2025,MT,97,20,13
2025,PA,01,9419,53429
2025,PA,02,288,5234
2025,PA,03,108,547
2025,PA,06,1,1
2025,PA,07,83,26892
2025,PA,08,118,1923
2025,PA,09,37,463
2025,PA,10,1632,45350
2025,PA,11,93,3689
2025,PA,13,70,1557
2025,PA,14,280,1691
2025,PA,15,31,1803
2025,PA,16,570,10251
2025,PA,17,35,1622
2025,PA,18,314,1263
2025,PA,19,10,2006
2025,PA,20,114,3857
2025,PA,21,4,16
2025,PA,22,127,2233
2025,PA,23,600,9167
2025,PA,24,36,8945
2025,PA,25,508,4031
2025,PA,26,6,37
2025,PA,27,24,1010
2025,PA,28,83,2292
2025,PA,29,122,699
2025,PA,30,41,1130
2025,PA,31,245,3848
2025,PA,32,223,674
2025,PA,33,684,8289
2025,PA,35,134,2846
2025,PA,36,101,3182
2025,PA,37,45,329
2025,PA,38,178,5027
2025,PA,39,2,11
2025,PA,41,3300,30958
2025,PA,42,916,43774
2025,PA,43,2005,22925
2025,PA,45,5007,28572
2025,PA,46,5487,49657
2025,PA,47,32323,186599
2025,PA,49,2150,33091
2025,PA,50,325,6904
2025,PA,51,44,906
2025,PA,52,657,11159
2025,PA,53,311,3132
2025,PA,55,990,8173
2025,PA,56,4343,31068
2025,PA,58,51,531
2025,PA,59,78,377
2025,PA,60,128,2042
2025,PA,61,717,7776
2025,PA,62,369,3816
2025,PA,63,145,1290
2025,PA,64,858,13147
2025,PA,65,49,3103
2025,PA,66,305,1126
2025,PA,68,716,4051
2025,PA,69,2342,9505
2025,PA,70,339,2014
2025,PA,71,1383,12341
2025,PA,72,25,1219
2025,PA,73,545,1787
2025,PA,74,651,3189
2025,PA,75,218,861
2025,PA,77,1084,8655
2025,PA,78,144,13248
2025,PA,79,309,996
2025,PA,80,408,20834
2025,PA,81,1898,38967
2025,PA,82,2791,46490
2025,PA,84,591,535665
2025,PA,85,2491,69207
2025,PA,86,6062,65150
2025,PA,87,57,1090
2025,PA,88,61,2022
2025,PA,90,61,278
2025,PA,91,6,252
2025,PA,92,1,0
2025,PA,93,1077,7639
2025,PA,94,1471,18205
2025,PA,95,411,1088
2025,PA,96,1401,5511
2025,PA,97,3,9
2025,PA,99,3,13
2025,RO,01,6638,18394
2025,RO,02,90,368
2025,RO,03,76,199
2025,RO,07,45,1125
2025,RO,08,86,726
2025,RO,09,20,103
2025,RO,10,739,23583
2025,RO,11,26,1324
2025,RO,13,37,73
2025,RO,14,188,877
2025,RO,15,21,1011
2025,RO,16,388,3487
2025,RO,17,21,145
2025,RO,18,128,662
2025,RO,19,7,128
2025,RO,20,48,558
2025,RO,21,3,34
2025,RO,22,55,563
2025,RO,23,292,2523
2025,RO,24,19,404
2025,RO,25,394,1951
2025,RO,26,5,22
2025,RO,27,11,21
2025,RO,28,27,123
2025,RO,29,77,413
2025,RO,30,7,462
2025,RO,31,147,813
2025,RO,32,172,756
2025,RO,33,279,749
2025,RO,35,62,3127
2025,RO,36,18,1508
2025,RO,37,16,72
2025,RO,38,94,1490
2025,RO,39,3,6
2025,RO,41,1804,4077
2025,RO,42,344,4087
2025,RO,43,1201,3095
2025,RO,45,3051,16591
2025,RO,46,2910,17068
2025,RO,47,12681,62313
2025,RO,49,1472,13685
2025,RO,50,37,573
2025,RO,51,9,105
2025,RO,52,179,1651
2025,RO,53,174,1980
2025,RO,55,353,1971
2025,RO,56,2201,9396
2025,RO,58,34,135
2025,RO,59,41,118
2025,RO,60,94,657
2025,RO,61,241,2001
2025,RO,62,200,4318
2025,RO,63,63,383
2025,RO,64,474,6451
2025,RO,65,29,574
2025,RO,66,205,597
2025,RO,68,310,872
2025,RO,69,1313,4570
2025,RO,70,126,721
2025,RO,71,613,1920
2025,RO,72,14,248
2025,RO,73,368,642
2025,RO,74,524,1519
2025,RO,75,118,274
2025,RO,77,356,1319
2025,RO,78,53,2161
2025,RO,79,205,715
2025,RO,80,110,7424
2025,RO,81,463,4934
2025,RO,82,1225,11622
2025,RO,84,249,129768
2025,RO,85,841,13770
2025,RO,86,3343,20360
2025,RO,87,28,212
2025,RO,88,35,984
2025,RO,90,16,83
2025,RO,91,3,25
2025,RO,93,419,1652
2025,RO,94,875,5485
2025,RO,95,249,499
2025,RO,96,673,1329
2025,RO,97,5,6
2025,RR,01,577,3104
2025,RR,02,18,299
2025,RR,03,28,186
2025,RR,07,1,1
2025,RR,08,11,124
2025,RR,09,1,0
2025,RR,10,172,2127
2025,RR,11,5,125
2025,RR,13,15,76
2025,RR,14,33,268
2025,RR,15,1,12
2025,RR,16,41,218
2025,RR,17,4,12
2025,RR,18,24,131
2025,RR,19,1,5
2025,RR,20,5,10
2025,RR,22,3,26
2025,RR,23,66,633
2025,RR,24,1,0
2025,RR,25,25,108
2025,RR,27,2,21
2025,RR,28,3,17
2025,RR,29,7,41
2025,RR,31,18,89
2025,RR,32,25,82
2025,RR,33,38,139
2025,RR,35,24,921
2025,RR,36,1,716
2025,RR,37,2,4
2025,RR,38,25,99
2025,RR,41,386,3434
2025,RR,42,104,2051
2025,RR,43,216,1156
2025,RR,45,399,2574
2025,RR,46,519,5442
2025,RR,47,3313,20098
2025,RR,49,188,1643
2025,RR,50,2,1
2025,RR,51,10,334
2025,RR,52,49,340
2025,RR,53,28,206
2025,RR,55,115,748
2025,RR,56,689,3895
2025,RR,58,7,47
2025,RR,59,16,55
2025,RR,60,10,203
2025,RR,61,78,624
2025,RR,62,32,90
2025,RR,63,10,52
2025,RR,64,72,683
2025,RR,65,4,49
2025,RR,66,32,53
2025,RR,68,114,290
2025,RR,69,239,852
2025,RR,70,66,622
2025,RR,71,124,668
2025,RR,72,4,103
2025,RR,73,79,195
2025,RR,74,75,434
2025,RR,75,30,125
2025,RR,77,137,985
2025,RR,78,28,1623
2025,RR,79,68,179
2025,RR,80,40,2162
2025,RR,81,49,2810
2025,RR,82,227,3494
2025,RR,84,80,67850
2025,RR,85,213,7226
2025,RR,86,698,12451
2025,RR,87,3,10
2025,RR,88,13,703
2025,RR,90,7,216
2025,RR,93,124,425
2025,RR,94,158,1194
2025,RR,95,57,147
2025,RR,96,166,419
2025,RR,99,1,7
2025,TO,01,8725,30476
2025,TO,02,144,698
2025,TO,03,31,151
2025,TO,07,18,432
2025,TO,08,115,1749
2025,TO,09,5,5
2025,TO,10,478,10892
2025,TO,11,14,110
2025,TO,13,28,85
2025,TO,14,109,450
2025,TO,15,10,456
2025,TO,16,25,147
2025,TO,17,10,38
2025,TO,18,100,301
2025,TO,19,5,1356
2025,TO,20,45,520
2025,TO,21,1,13
2025,TO,22,36,331
2025,TO,23,311,2542
2025,TO,24,8,49
2025,TO,25,240,1416
2025,TO,26,1,0
2025,TO,27,3,3
2025,TO,28,12,61
2025,TO,29,59,325
2025,TO,30,4,25
2025,TO,31,102,535
2025,TO,32,109,471
2025,TO,33,260,1025
2025,TO,35,141,1886
2025,TO,36,47,2275
2025,TO,37,15,26
2025,TO,38,56,418
2025,TO,39,1,1
2025,TO,41,1368,5191
2025,TO,42,302,3928
2025,TO,43,1061,3203
2025,TO,45,2191,8763
2025,TO,46,1847,11168
2025,TO,47,10704,44092
2025,TO,49,1005,8741
2025,TO,50,23,356
2025,TO,51,5,85
2025,TO,52,185,1459
2025,TO,53,199,992
2025,TO,55,371,2183
2025,TO,56,1776,8084
2025,TO,58,24,60
2025,TO,59,45,124
2025,TO,60,35,252
2025,TO,61,228,1361
2025,TO,62,166,1609
2025,TO,63,80,402
2025,TO,64,293,2574
2025,TO,65,11,241
2025,TO,66,168,337
2025,TO,68,338,719
2025,TO,69,1324,4016
2025,TO,70,148,1344
2025,TO,71,550,2174
2025,TO,72,18,411
2025,TO,73,374,741
2025,TO,74,370,615
2025,TO,75,82,181
2025,TO,77,464,2353
2025,TO,78,39,959
2025,TO,79,126,254
2025,TO,80,70,3439
2025,TO,81,312,3040
2025,TO,82,1436,16192
2025,TO,84,653,130461
2025,TO,85,792,75305
2025,TO,86,2978,18857
2025,TO,87,50,536
2025,TO,88,55,1649
2025,TO,90,34,60
2025,TO,91,2,7
2025,TO,93,336,1093
2025,TO,94,626,6755
2025,TO,95,165,431
2025,TO,96,557,1515
