uf,avaliacao,edicao,nota,escala,nivel,essenciais_pct,fonte
AC,EBT 360 (CGU),2018,6.67,0 a 10,,,http://web.archive.org/web/20260213102422id_/https://mbt.cgu.gov.br/publico/avaliacao/escala_brasil_transparente/200000005
AP,EBT 360 (CGU),2018,5.99,0 a 10,,,http://web.archive.org/web/20260213102422id_/https://mbt.cgu.gov.br/publico/avaliacao/escala_brasil_transparente/200000005
AM,EBT 360 (CGU),2018,7.25,0 a 10,,,http://web.archive.org/web/20260213102422id_/https://mbt.cgu.gov.br/publico/avaliacao/escala_brasil_transparente/200000005
MA,EBT 360 (CGU),2018,7.74,0 a 10,,,http://web.archive.org/web/20260213102422id_/https://mbt.cgu.gov.br/publico/avaliacao/escala_brasil_transparente/200000005
MT,EBT 360 (CGU),2018,8.87,0 a 10,,,http://web.archive.org/web/20260213102422id_/https://mbt.cgu.gov.br/publico/avaliacao/escala_brasil_transparente/200000005
PA,EBT 360 (CGU),2018,7.47,0 a 10,,,http://web.archive.org/web/20260213102422id_/https://mbt.cgu.gov.br/publico/avaliacao/escala_brasil_transparente/200000005
RO,EBT 360 (CGU),2018,8.8,0 a 10,,,http://web.archive.org/web/20260213102422id_/https://mbt.cgu.gov.br/publico/avaliacao/escala_brasil_transparente/200000005
RR,EBT 360 (CGU),2018,6.55,0 a 10,,,http://web.archive.org/web/20260213102422id_/https://mbt.cgu.gov.br/publico/avaliacao/escala_brasil_transparente/200000005
TO,EBT 360 (CGU),2018,8.54,0 a 10,,,http://web.archive.org/web/20260213102422id_/https://mbt.cgu.gov.br/publico/avaliacao/escala_brasil_transparente/200000005
AC,EBT 360 (CGU),2020,6.53,0 a 10,,,http://web.archive.org/web/20260205211349id_/https://mbt.cgu.gov.br/publico/avaliacao/escala_brasil_transparente/66
AP,EBT 360 (CGU),2020,9.83,0 a 10,,,http://web.archive.org/web/20260205211349id_/https://mbt.cgu.gov.br/publico/avaliacao/escala_brasil_transparente/66
AM,EBT 360 (CGU),2020,8.67,0 a 10,,,http://web.archive.org/web/20260205211349id_/https://mbt.cgu.gov.br/publico/avaliacao/escala_brasil_transparente/66
MA,EBT 360 (CGU),2020,8.96,0 a 10,,,http://web.archive.org/web/20260205211349id_/https://mbt.cgu.gov.br/publico/avaliacao/escala_brasil_transparente/66
MT,EBT 360 (CGU),2020,9.74,0 a 10,,,http://web.archive.org/web/20260205211349id_/https://mbt.cgu.gov.br/publico/avaliacao/escala_brasil_transparente/66
PA,EBT 360 (CGU),2020,5.92,0 a 10,,,http://web.archive.org/web/20260205211349id_/https://mbt.cgu.gov.br/publico/avaliacao/escala_brasil_transparente/66
RO,EBT 360 (CGU),2020,9.6,0 a 10,,,http://web.archive.org/web/20260205211349id_/https://mbt.cgu.gov.br/publico/avaliacao/escala_brasil_transparente/66
RR,EBT 360 (CGU),2020,4.91,0 a 10,,,http://web.archive.org/web/20260205211349id_/https://mbt.cgu.gov.br/publico/avaliacao/escala_brasil_transparente/66
TO,EBT 360 (CGU),2020,6.96,0 a 10,,,http://web.archive.org/web/20260205211349id_/https://mbt.cgu.gov.br/publico/avaliacao/escala_brasil_transparente/66
AP,PNTP (Atricon),2022,63.2,0 a 100%,Intermediário,92.31,https://radardatransparencia.atricon.org.br/dados/dados_pntp_2022.zip
AM,PNTP (Atricon),2022,89.59,0 a 100%,Ouro,100,https://radardatransparencia.atricon.org.br/dados/dados_pntp_2022.zip
MA,PNTP (Atricon),2022,94.8,0 a 100%,Ouro,100,https://radardatransparencia.atricon.org.br/dados/dados_pntp_2022.zip
MT,PNTP (Atricon),2022,92.19,0 a 100%,Ouro,100,https://radardatransparencia.atricon.org.br/dados/dados_pntp_2022.zip
PA,PNTP (Atricon),2022,52.04,0 a 100%,Intermediário,100,https://radardatransparencia.atricon.org.br/dados/dados_pntp_2022.zip
RO,PNTP (Atricon),2022,91.82,0 a 100%,Ouro,100,https://radardatransparencia.atricon.org.br/dados/dados_pntp_2022.zip
TO,PNTP (Atricon),2022,85.02,0 a 100%,Ouro,100,https://radardatransparencia.atricon.org.br/dados/dados_pntp_2022.zip
AC,PNTP (Atricon),2023,24.53,0 a 100%,Inicial,30.3,https://radardatransparencia.atricon.org.br/dados/dados_pntp_2023.zip
AP,PNTP (Atricon),2023,95.05,0 a 100%,Diamante,100,https://radardatransparencia.atricon.org.br/dados/dados_pntp_2023.zip
AM,PNTP (Atricon),2023,95.92,0 a 100%,Diamante,100,https://radardatransparencia.atricon.org.br/dados/dados_pntp_2023.zip
MA,PNTP (Atricon),2023,88.39,0 a 100%,Ouro,100,https://radardatransparencia.atricon.org.br/dados/dados_pntp_2023.zip
MT,PNTP (Atricon),2023,95.0,0 a 100%,Diamante,100,https://radardatransparencia.atricon.org.br/dados/dados_pntp_2023.zip
PA,PNTP (Atricon),2023,30.89,0 a 100%,Básico,36.36,https://radardatransparencia.atricon.org.br/dados/dados_pntp_2023.zip
RO,PNTP (Atricon),2023,99.29,0 a 100%,Diamante,100,https://radardatransparencia.atricon.org.br/dados/dados_pntp_2023.zip
RR,PNTP (Atricon),2023,74.04,0 a 100%,Intermediário,100,https://radardatransparencia.atricon.org.br/dados/dados_pntp_2023.zip
TO,PNTP (Atricon),2023,42.63,0 a 100%,Básico,90.91,https://radardatransparencia.atricon.org.br/dados/dados_pntp_2023.zip
AC,PNTP (Atricon),2024,73.02,0 a 100%,Intermediário,93.94,https://radardatransparencia.atricon.org.br/dados/dados_pntp_2024.zip
AP,PNTP (Atricon),2024,97.15,0 a 100%,Diamante,100,https://radardatransparencia.atricon.org.br/dados/dados_pntp_2024.zip
AM,PNTP (Atricon),2024,96.69,0 a 100%,Diamante,100,https://radardatransparencia.atricon.org.br/dados/dados_pntp_2024.zip
MA,PNTP (Atricon),2024,95.37,0 a 100%,Diamante,100,https://radardatransparencia.atricon.org.br/dados/dados_pntp_2024.zip
MT,PNTP (Atricon),2024,95.44,0 a 100%,Diamante,100,https://radardatransparencia.atricon.org.br/dados/dados_pntp_2024.zip
PA,PNTP (Atricon),2024,58.21,0 a 100%,Intermediário,96.97,https://radardatransparencia.atricon.org.br/dados/dados_pntp_2024.zip
RO,PNTP (Atricon),2024,98.92,0 a 100%,Diamante,100,https://radardatransparencia.atricon.org.br/dados/dados_pntp_2024.zip
RR,PNTP (Atricon),2024,92.17,0 a 100%,Ouro,100,https://radardatransparencia.atricon.org.br/dados/dados_pntp_2024.zip
TO,PNTP (Atricon),2024,69.45,0 a 100%,Intermediário,100,https://radardatransparencia.atricon.org.br/dados/dados_pntp_2024.zip
AC,PNTP (Atricon),2025,68.55,0 a 100%,Intermediário,100,https://radardatransparencia.atricon.org.br/dados/dados_pntp_2025.zip
AP,PNTP (Atricon),2025,95.51,0 a 100%,Diamante,100,https://radardatransparencia.atricon.org.br/dados/dados_pntp_2025.zip
AM,PNTP (Atricon),2025,100,0 a 100%,Diamante,100,https://radardatransparencia.atricon.org.br/dados/dados_pntp_2025.zip
MA,PNTP (Atricon),2025,97.62,0 a 100%,Diamante,100,https://radardatransparencia.atricon.org.br/dados/dados_pntp_2025.zip
MT,PNTP (Atricon),2025,95.28,0 a 100%,Diamante,100,https://radardatransparencia.atricon.org.br/dados/dados_pntp_2025.zip
PA,PNTP (Atricon),2025,75.06,0 a 100%,Prata,100,https://radardatransparencia.atricon.org.br/dados/dados_pntp_2025.zip
RO,PNTP (Atricon),2025,97.96,0 a 100%,Diamante,100,https://radardatransparencia.atricon.org.br/dados/dados_pntp_2025.zip
RR,PNTP (Atricon),2025,73.89,0 a 100%,Intermediário,100,https://radardatransparencia.atricon.org.br/dados/dados_pntp_2025.zip
TO,PNTP (Atricon),2025,99.18,0 a 100%,Diamante,100,https://radardatransparencia.atricon.org.br/dados/dados_pntp_2025.zip
AC,ITGP (Transparência Internacional),2022,26.7,0 a 100,Ruim,,https://comunidade.transparenciainternacional.org.br/asset/204:itgp-executivo-estadual-base-de-dados
AP,ITGP (Transparência Internacional),2022,42.5,0 a 100,Regular,,https://comunidade.transparenciainternacional.org.br/asset/204:itgp-executivo-estadual-base-de-dados
AM,ITGP (Transparência Internacional),2022,56.1,0 a 100,Regular,,https://comunidade.transparenciainternacional.org.br/asset/204:itgp-executivo-estadual-base-de-dados
MA,ITGP (Transparência Internacional),2022,64.7,0 a 100,Bom,,https://comunidade.transparenciainternacional.org.br/asset/204:itgp-executivo-estadual-base-de-dados
MT,ITGP (Transparência Internacional),2022,65.9,0 a 100,Bom,,https://comunidade.transparenciainternacional.org.br/asset/204:itgp-executivo-estadual-base-de-dados
PA,ITGP (Transparência Internacional),2022,30.5,0 a 100,Ruim,,https://comunidade.transparenciainternacional.org.br/asset/204:itgp-executivo-estadual-base-de-dados
RO,ITGP (Transparência Internacional),2022,85.2,0 a 100,Ótimo,,https://comunidade.transparenciainternacional.org.br/asset/204:itgp-executivo-estadual-base-de-dados
RR,ITGP (Transparência Internacional),2022,59.5,0 a 100,Regular,,https://comunidade.transparenciainternacional.org.br/asset/204:itgp-executivo-estadual-base-de-dados
TO,ITGP (Transparência Internacional),2022,53.0,0 a 100,Regular,,https://comunidade.transparenciainternacional.org.br/asset/204:itgp-executivo-estadual-base-de-dados
AC,ITGP (Transparência Internacional),2025,50.3,0 a 100,Regular,,https://comunidade.transparenciainternacional.org.br/asset/364:itgp-e-2025banco-de-dados
AP,ITGP (Transparência Internacional),2025,46.9,0 a 100,Regular,,https://comunidade.transparenciainternacional.org.br/asset/364:itgp-e-2025banco-de-dados
AM,ITGP (Transparência Internacional),2025,76.5,0 a 100,Bom,,https://comunidade.transparenciainternacional.org.br/asset/364:itgp-e-2025banco-de-dados
MA,ITGP (Transparência Internacional),2025,76.9,0 a 100,Bom,,https://comunidade.transparenciainternacional.org.br/asset/364:itgp-e-2025banco-de-dados
MT,ITGP (Transparência Internacional),2025,75.3,0 a 100,Bom,,https://comunidade.transparenciainternacional.org.br/asset/364:itgp-e-2025banco-de-dados
PA,ITGP (Transparência Internacional),2025,60.8,0 a 100,Bom,,https://comunidade.transparenciainternacional.org.br/asset/364:itgp-e-2025banco-de-dados
RO,ITGP (Transparência Internacional),2025,70.1,0 a 100,Bom,,https://comunidade.transparenciainternacional.org.br/asset/364:itgp-e-2025banco-de-dados
RR,ITGP (Transparência Internacional),2025,48.2,0 a 100,Regular,,https://comunidade.transparenciainternacional.org.br/asset/364:itgp-e-2025banco-de-dados
TO,ITGP (Transparência Internacional),2025,57.5,0 a 100,Regular,,https://comunidade.transparenciainternacional.org.br/asset/364:itgp-e-2025banco-de-dados
